  StdAfx.cpp
  AllGuildItemManager.cpp
  ApexProxy.cpp
  ArenaDeathMatchRoom.cpp
  ArenaFieldWinSocket.cpp
  ArenaManager.cpp
  ArenaTeam.cpp
  ArenaTickManager.cpp
  AtumDateTime.cpp
  AtumDBHelper.cpp
  AtumDBManager.cpp
  AtumFieldDBManager.cpp
  AtumLogSender.cpp
  AtumParamProtocol.cpp
  AtumParamProtocolFunctions.cpp
  AtumSJ.cpp
  AtumThread.cpp
  BazaarManager.cpp
  BillCrux_BillingLib.cpp
  Billing_Yetime_Chn.cpp
  BunchCountableItemCount.cpp
  CallWarpEventManager.cpp
  ChatBlockManager.cpp
  Cinema.cpp
  CityLeader.cpp
  CityWar.cpp
  CityWarManager.cpp
  Config.cpp
  CountdownChecker.cpp
  CouponManager.cpp
  Debuff.cpp
  DissolutionItemmanager.cpp
  Dot.cpp
  DropItemManager.cpp
  EXPDivisionManager.cpp
C:\backkup d\OldSchool_src\Common\AtumDBHelper.cpp(191,2): error C2664: „SQLRETURN SQLBindCol(SQLHSTMT,SQLUSMALLINT,SQLSMALLINT,SQLPOINTER,SQLLEN,SQLLEN *)”: nie można dokonać konwersji argumentu 6 z „SQLINTEGER *” do „SQLLEN *”
      C:\backkup d\OldSchool_src\Common\AtumDBHelper.cpp(191,89):
      Wskazane typy nie są powiązane; konwersja wymaga operatora reinterpret_cast, rzutowania w stylu języka C lub rzutowania w stylu funkcji ujętego w nawiasach
      C:\Program Files (x86)\Windows Kits\10\Include\10.0.26100.0\um\sql.h(618,20):
      zobacz deklarację „SQLBindCol”
      C:\backkup d\OldSchool_src\Common\AtumDBHelper.cpp(191,2):
      podczas próby dopasowania listy argumentów "(SQLHSTMT, int, int, INT *, int, SQLINTEGER *)"
  
C:\backkup d\OldSchool_src\Common\AtumDBHelper.cpp(192,2): error C2664: „SQLRETURN SQLBindCol(SQLHSTMT,SQLUSMALLINT,SQLSMALLINT,SQLPOINTER,SQLLEN,SQLLEN *)”: nie można dokonać konwersji argumentu 6 z „SQLINTEGER *” do „SQLLEN *”
      C:\backkup d\OldSchool_src\Common\AtumDBHelper.cpp(192,91):
      Wskazane typy nie są powiązane; konwersja wymaga operatora reinterpret_cast, rzutowania w stylu języka C lub rzutowania w stylu funkcji ujętego w nawiasach
      C:\Program Files (x86)\Windows Kits\10\Include\10.0.26100.0\um\sql.h(618,20):
      zobacz deklarację „SQLBindCol”
      C:\backkup d\OldSchool_src\Common\AtumDBHelper.cpp(192,2):
      podczas próby dopasowania listy argumentów "(SQLHSTMT, int, int, INT *, int, SQLINTEGER *)"
  
C:\backkup d\OldSchool_src\Common\AtumDBHelper.cpp(193,2): error C2664: „SQLRETURN SQLBindCol(SQLHSTMT,SQLUSMALLINT,SQLSMALLINT,SQLPOINTER,SQLLEN,SQLLEN *)”: nie można dokonać konwersji argumentu 6 z „SQLINTEGER *” do „SQLLEN *”
      C:\backkup d\OldSchool_src\Common\AtumDBHelper.cpp(193,86):
      Wskazane typy nie są powiązane; konwersja wymaga operatora reinterpret_cast, rzutowania w stylu języka C lub rzutowania w stylu funkcji ujętego w nawiasach
      C:\Program Files (x86)\Windows Kits\10\Include\10.0.26100.0\um\sql.h(618,20):
      zobacz deklarację „SQLBindCol”
      C:\backkup d\OldSchool_src\Common\AtumDBHelper.cpp(193,2):
      podczas próby dopasowania listy argumentów "(SQLHSTMT, int, int, INT *, int, SQLINTEGER *)"
  
C:\backkup d\OldSchool_src\Common\AtumDBHelper.cpp(194,2): error C2664: „SQLRETURN SQLBindCol(SQLHSTMT,SQLUSMALLINT,SQLSMALLINT,SQLPOINTER,SQLLEN,SQLLEN *)”: nie można dokonać konwersji argumentu 6 z „SQLINTEGER *” do „SQLLEN *”
      C:\backkup d\OldSchool_src\Common\AtumDBHelper.cpp(194,97):
      Wskazane typy nie są powiązane; konwersja wymaga operatora reinterpret_cast, rzutowania w stylu języka C lub rzutowania w stylu funkcji ujętego w nawiasach
      C:\Program Files (x86)\Windows Kits\10\Include\10.0.26100.0\um\sql.h(618,20):
      zobacz deklarację „SQLBindCol”
      C:\backkup d\OldSchool_src\Common\AtumDBHelper.cpp(194,2):
      podczas próby dopasowania listy argumentów "(SQLHSTMT, int, int, Prob10K_t *, int, SQLINTEGER *)"
  
C:\backkup d\OldSchool_src\Common\AtumDBHelper.cpp(195,2): error C2664: „SQLRETURN SQLBindCol(SQLHSTMT,SQLUSMALLINT,SQLSMALLINT,SQLPOINTER,SQLLEN,SQLLEN *)”: nie można dokonać konwersji argumentu 6 z „SQLINTEGER *” do „SQLLEN *”
      C:\backkup d\OldSchool_src\Common\AtumDBHelper.cpp(195,97):
      Wskazane typy nie są powiązane; konwersja wymaga operatora reinterpret_cast, rzutowania w stylu języka C lub rzutowania w stylu funkcji ujętego w nawiasach
      C:\Program Files (x86)\Windows Kits\10\Include\10.0.26100.0\um\sql.h(618,20):
      zobacz deklarację „SQLBindCol”
      C:\backkup d\OldSchool_src\Common\AtumDBHelper.cpp(195,2):
      podczas próby dopasowania listy argumentów "(SQLHSTMT, int, int, Prob10K_t *, int, SQLINTEGER *)"
  
C:\backkup d\OldSchool_src\Common\AtumDBHelper.cpp(196,2): error C2664: „SQLRETURN SQLBindCol(SQLHSTMT,SQLUSMALLINT,SQLSMALLINT,SQLPOINTER,SQLLEN,SQLLEN *)”: nie można dokonać konwersji argumentu 6 z „SQLINTEGER *” do „SQLLEN *”
      C:\backkup d\OldSchool_src\Common\AtumDBHelper.cpp(196,97):
      Wskazane typy nie są powiązane; konwersja wymaga operatora reinterpret_cast, rzutowania w stylu języka C lub rzutowania w stylu funkcji ujętego w nawiasach
      C:\Program Files (x86)\Windows Kits\10\Include\10.0.26100.0\um\sql.h(618,20):
      zobacz deklarację „SQLBindCol”
      C:\backkup d\OldSchool_src\Common\AtumDBHelper.cpp(196,2):
      podczas próby dopasowania listy argumentów "(SQLHSTMT, int, int, Prob10K_t *, int, SQLINTEGER *)"
  
C:\backkup d\OldSchool_src\Common\AtumDBHelper.cpp(197,2): error C2664: „SQLRETURN SQLBindCol(SQLHSTMT,SQLUSMALLINT,SQLSMALLINT,SQLPOINTER,SQLLEN,SQLLEN *)”: nie można dokonać konwersji argumentu 6 z „SQLINTEGER *” do „SQLLEN *”
      C:\backkup d\OldSchool_src\Common\AtumDBHelper.cpp(197,97):
      Wskazane typy nie są powiązane; konwersja wymaga operatora reinterpret_cast, rzutowania w stylu języka C lub rzutowania w stylu funkcji ujętego w nawiasach
      C:\Program Files (x86)\Windows Kits\10\Include\10.0.26100.0\um\sql.h(618,20):
      zobacz deklarację „SQLBindCol”
      C:\backkup d\OldSchool_src\Common\AtumDBHelper.cpp(197,2):
      podczas próby dopasowania listy argumentów "(SQLHSTMT, int, int, Prob10K_t *, int, SQLINTEGER *)"
  
C:\backkup d\OldSchool_src\Common\AtumDBHelper.cpp(198,2): error C2664: „SQLRETURN SQLBindCol(SQLHSTMT,SQLUSMALLINT,SQLSMALLINT,SQLPOINTER,SQLLEN,SQLLEN *)”: nie można dokonać konwersji argumentu 6 z „SQLINTEGER *” do „SQLLEN *”
      C:\backkup d\OldSchool_src\Common\AtumDBHelper.cpp(198,97):
      Wskazane typy nie są powiązane; konwersja wymaga operatora reinterpret_cast, rzutowania w stylu języka C lub rzutowania w stylu funkcji ujętego w nawiasach
      C:\Program Files (x86)\Windows Kits\10\Include\10.0.26100.0\um\sql.h(618,20):
      zobacz deklarację „SQLBindCol”
      C:\backkup d\OldSchool_src\Common\AtumDBHelper.cpp(198,2):
      podczas próby dopasowania listy argumentów "(SQLHSTMT, int, int, Prob10K_t *, int, SQLINTEGER *)"
  
C:\backkup d\OldSchool_src\Common\AtumDBHelper.cpp(199,2): error C2664: „SQLRETURN SQLBindCol(SQLHSTMT,SQLUSMALLINT,SQLSMALLINT,SQLPOINTER,SQLLEN,SQLLEN *)”: nie można dokonać konwersji argumentu 6 z „SQLINTEGER *” do „SQLLEN *”
      C:\backkup d\OldSchool_src\Common\AtumDBHelper.cpp(199,97):
      Wskazane typy nie są powiązane; konwersja wymaga operatora reinterpret_cast, rzutowania w stylu języka C lub rzutowania w stylu funkcji ujętego w nawiasach
      C:\Program Files (x86)\Windows Kits\10\Include\10.0.26100.0\um\sql.h(618,20):
      zobacz deklarację „SQLBindCol”
      C:\backkup d\OldSchool_src\Common\AtumDBHelper.cpp(199,2):
      podczas próby dopasowania listy argumentów "(SQLHSTMT, int, int, Prob10K_t *, int, SQLINTEGER *)"
  
C:\backkup d\OldSchool_src\Common\AtumDBHelper.cpp(200,2): error C2664: „SQLRETURN SQLBindCol(SQLHSTMT,SQLUSMALLINT,SQLSMALLINT,SQLPOINTER,SQLLEN,SQLLEN *)”: nie można dokonać konwersji argumentu 6 z „SQLINTEGER *” do „SQLLEN *”
      C:\backkup d\OldSchool_src\Common\AtumDBHelper.cpp(200,97):
      Wskazane typy nie są powiązane; konwersja wymaga operatora reinterpret_cast, rzutowania w stylu języka C lub rzutowania w stylu funkcji ujętego w nawiasach
      C:\Program Files (x86)\Windows Kits\10\Include\10.0.26100.0\um\sql.h(618,20):
      zobacz deklarację „SQLBindCol”
      C:\backkup d\OldSchool_src\Common\AtumDBHelper.cpp(200,2):
      podczas próby dopasowania listy argumentów "(SQLHSTMT, int, int, Prob10K_t *, int, SQLINTEGER *)"
  
C:\backkup d\OldSchool_src\Common\AtumDBHelper.cpp(201,2): error C2664: „SQLRETURN SQLBindCol(SQLHSTMT,SQLUSMALLINT,SQLSMALLINT,SQLPOINTER,SQLLEN,SQLLEN *)”: nie można dokonać konwersji argumentu 6 z „SQLINTEGER *” do „SQLLEN *”
      C:\backkup d\OldSchool_src\Common\AtumDBHelper.cpp(201,97):
      Wskazane typy nie są powiązane; konwersja wymaga operatora reinterpret_cast, rzutowania w stylu języka C lub rzutowania w stylu funkcji ujętego w nawiasach
      C:\Program Files (x86)\Windows Kits\10\Include\10.0.26100.0\um\sql.h(618,20):
      zobacz deklarację „SQLBindCol”
      C:\backkup d\OldSchool_src\Common\AtumDBHelper.cpp(201,2):
      podczas próby dopasowania listy argumentów "(SQLHSTMT, int, int, Prob10K_t *, int, SQLINTEGER *)"
  
C:\backkup d\OldSchool_src\Common\AtumDBHelper.cpp(202,2): error C2664: „SQLRETURN SQLBindCol(SQLHSTMT,SQLUSMALLINT,SQLSMALLINT,SQLPOINTER,SQLLEN,SQLLEN *)”: nie można dokonać konwersji argumentu 6 z „SQLINTEGER *” do „SQLLEN *”
      C:\backkup d\OldSchool_src\Common\AtumDBHelper.cpp(202,97):
      Wskazane typy nie są powiązane; konwersja wymaga operatora reinterpret_cast, rzutowania w stylu języka C lub rzutowania w stylu funkcji ujętego w nawiasach
      C:\Program Files (x86)\Windows Kits\10\Include\10.0.26100.0\um\sql.h(618,20):
      zobacz deklarację „SQLBindCol”
      C:\backkup d\OldSchool_src\Common\AtumDBHelper.cpp(202,2):
      podczas próby dopasowania listy argumentów "(SQLHSTMT, int, int, Prob10K_t *, int, SQLINTEGER *)"
  
C:\backkup d\OldSchool_src\Common\AtumDBHelper.cpp(203,2): error C2664: „SQLRETURN SQLBindCol(SQLHSTMT,SQLUSMALLINT,SQLSMALLINT,SQLPOINTER,SQLLEN,SQLLEN *)”: nie można dokonać konwersji argumentu 6 z „SQLINTEGER *” do „SQLLEN *”
      C:\backkup d\OldSchool_src\Common\AtumDBHelper.cpp(203,97):
      Wskazane typy nie są powiązane; konwersja wymaga operatora reinterpret_cast, rzutowania w stylu języka C lub rzutowania w stylu funkcji ujętego w nawiasach
      C:\Program Files (x86)\Windows Kits\10\Include\10.0.26100.0\um\sql.h(618,20):
      zobacz deklarację „SQLBindCol”
      C:\backkup d\OldSchool_src\Common\AtumDBHelper.cpp(203,2):
      podczas próby dopasowania listy argumentów "(SQLHSTMT, int, int, Prob10K_t *, int, SQLINTEGER *)"
  
C:\backkup d\OldSchool_src\Common\AtumDBHelper.cpp(204,2): error C2664: „SQLRETURN SQLBindCol(SQLHSTMT,SQLUSMALLINT,SQLSMALLINT,SQLPOINTER,SQLLEN,SQLLEN *)”: nie można dokonać konwersji argumentu 6 z „SQLINTEGER *” do „SQLLEN *”
      C:\backkup d\OldSchool_src\Common\AtumDBHelper.cpp(204,98):
      Wskazane typy nie są powiązane; konwersja wymaga operatora reinterpret_cast, rzutowania w stylu języka C lub rzutowania w stylu funkcji ujętego w nawiasach
      C:\Program Files (x86)\Windows Kits\10\Include\10.0.26100.0\um\sql.h(618,20):
      zobacz deklarację „SQLBindCol”
      C:\backkup d\OldSchool_src\Common\AtumDBHelper.cpp(204,2):
      podczas próby dopasowania listy argumentów "(SQLHSTMT, int, int, Prob10K_t *, int, SQLINTEGER *)"
  
C:\backkup d\OldSchool_src\Common\AtumDBHelper.cpp(205,2): error C2664: „SQLRETURN SQLBindCol(SQLHSTMT,SQLUSMALLINT,SQLSMALLINT,SQLPOINTER,SQLLEN,SQLLEN *)”: nie można dokonać konwersji argumentu 6 z „SQLINTEGER *” do „SQLLEN *”
      C:\backkup d\OldSchool_src\Common\AtumDBHelper.cpp(205,98):
      Wskazane typy nie są powiązane; konwersja wymaga operatora reinterpret_cast, rzutowania w stylu języka C lub rzutowania w stylu funkcji ujętego w nawiasach
      C:\Program Files (x86)\Windows Kits\10\Include\10.0.26100.0\um\sql.h(618,20):
      zobacz deklarację „SQLBindCol”
      C:\backkup d\OldSchool_src\Common\AtumDBHelper.cpp(205,2):
      podczas próby dopasowania listy argumentów "(SQLHSTMT, int, int, Prob10K_t *, int, SQLINTEGER *)"
  
C:\backkup d\OldSchool_src\Common\AtumDBHelper.cpp(206,2): error C2664: „SQLRETURN SQLBindCol(SQLHSTMT,SQLUSMALLINT,SQLSMALLINT,SQLPOINTER,SQLLEN,SQLLEN *)”: nie można dokonać konwersji argumentu 6 z „SQLINTEGER *” do „SQLLEN *”
      C:\backkup d\OldSchool_src\Common\AtumDBHelper.cpp(206,98):
      Wskazane typy nie są powiązane; konwersja wymaga operatora reinterpret_cast, rzutowania w stylu języka C lub rzutowania w stylu funkcji ujętego w nawiasach
      C:\Program Files (x86)\Windows Kits\10\Include\10.0.26100.0\um\sql.h(618,20):
      zobacz deklarację „SQLBindCol”
      C:\backkup d\OldSchool_src\Common\AtumDBHelper.cpp(206,2):
      podczas próby dopasowania listy argumentów "(SQLHSTMT, int, int, Prob10K_t *, int, SQLINTEGER *)"
  
C:\backkup d\OldSchool_src\Common\AtumDBHelper.cpp(207,2): error C2664: „SQLRETURN SQLBindCol(SQLHSTMT,SQLUSMALLINT,SQLSMALLINT,SQLPOINTER,SQLLEN,SQLLEN *)”: nie można dokonać konwersji argumentu 6 z „SQLINTEGER *” do „SQLLEN *”
      C:\backkup d\OldSchool_src\Common\AtumDBHelper.cpp(207,98):
      Wskazane typy nie są powiązane; konwersja wymaga operatora reinterpret_cast, rzutowania w stylu języka C lub rzutowania w stylu funkcji ujętego w nawiasach
      C:\Program Files (x86)\Windows Kits\10\Include\10.0.26100.0\um\sql.h(618,20):
      zobacz deklarację „SQLBindCol”
      C:\backkup d\OldSchool_src\Common\AtumDBHelper.cpp(207,2):
      podczas próby dopasowania listy argumentów "(SQLHSTMT, int, int, Prob10K_t *, int, SQLINTEGER *)"
  
C:\backkup d\OldSchool_src\Common\AtumDBHelper.cpp(208,2): error C2664: „SQLRETURN SQLBindCol(SQLHSTMT,SQLUSMALLINT,SQLSMALLINT,SQLPOINTER,SQLLEN,SQLLEN *)”: nie można dokonać konwersji argumentu 6 z „SQLINTEGER *” do „SQLLEN *”
      C:\backkup d\OldSchool_src\Common\AtumDBHelper.cpp(208,98):
      Wskazane typy nie są powiązane; konwersja wymaga operatora reinterpret_cast, rzutowania w stylu języka C lub rzutowania w stylu funkcji ujętego w nawiasach
      C:\Program Files (x86)\Windows Kits\10\Include\10.0.26100.0\um\sql.h(618,20):
      zobacz deklarację „SQLBindCol”
      C:\backkup d\OldSchool_src\Common\AtumDBHelper.cpp(208,2):
      podczas próby dopasowania listy argumentów "(SQLHSTMT, int, int, Prob10K_t *, int, SQLINTEGER *)"
  
C:\backkup d\OldSchool_src\Common\AtumDBHelper.cpp(209,2): error C2664: „SQLRETURN SQLBindCol(SQLHSTMT,SQLUSMALLINT,SQLSMALLINT,SQLPOINTER,SQLLEN,SQLLEN *)”: nie można dokonać konwersji argumentu 6 z „SQLINTEGER *” do „SQLLEN *”
      C:\backkup d\OldSchool_src\Common\AtumDBHelper.cpp(209,98):
      Wskazane typy nie są powiązane; konwersja wymaga operatora reinterpret_cast, rzutowania w stylu języka C lub rzutowania w stylu funkcji ujętego w nawiasach
      C:\Program Files (x86)\Windows Kits\10\Include\10.0.26100.0\um\sql.h(618,20):
      zobacz deklarację „SQLBindCol”
      C:\backkup d\OldSchool_src\Common\AtumDBHelper.cpp(209,2):
      podczas próby dopasowania listy argumentów "(SQLHSTMT, int, int, Prob10K_t *, int, SQLINTEGER *)"
  
C:\backkup d\OldSchool_src\Common\AtumDBHelper.cpp(210,2): error C2664: „SQLRETURN SQLBindCol(SQLHSTMT,SQLUSMALLINT,SQLSMALLINT,SQLPOINTER,SQLLEN,SQLLEN *)”: nie można dokonać konwersji argumentu 6 z „SQLINTEGER *” do „SQLLEN *”
      C:\backkup d\OldSchool_src\Common\AtumDBHelper.cpp(210,98):
      Wskazane typy nie są powiązane; konwersja wymaga operatora reinterpret_cast, rzutowania w stylu języka C lub rzutowania w stylu funkcji ujętego w nawiasach
      C:\Program Files (x86)\Windows Kits\10\Include\10.0.26100.0\um\sql.h(618,20):
      zobacz deklarację „SQLBindCol”
      C:\backkup d\OldSchool_src\Common\AtumDBHelper.cpp(210,2):
      podczas próby dopasowania listy argumentów "(SQLHSTMT, int, int, Prob10K_t *, int, SQLINTEGER *)"
  
C:\backkup d\OldSchool_src\Common\AtumDBHelper.cpp(211,2): error C2664: „SQLRETURN SQLBindCol(SQLHSTMT,SQLUSMALLINT,SQLSMALLINT,SQLPOINTER,SQLLEN,SQLLEN *)”: nie można dokonać konwersji argumentu 6 z „SQLINTEGER *” do „SQLLEN *”
      C:\backkup d\OldSchool_src\Common\AtumDBHelper.cpp(211,98):
      Wskazane typy nie są powiązane; konwersja wymaga operatora reinterpret_cast, rzutowania w stylu języka C lub rzutowania w stylu funkcji ujętego w nawiasach
      C:\Program Files (x86)\Windows Kits\10\Include\10.0.26100.0\um\sql.h(618,20):
      zobacz deklarację „SQLBindCol”
      C:\backkup d\OldSchool_src\Common\AtumDBHelper.cpp(211,2):
      podczas próby dopasowania listy argumentów "(SQLHSTMT, int, int, Prob10K_t *, int, SQLINTEGER *)"
  
C:\backkup d\OldSchool_src\Common\AtumDBHelper.cpp(212,2): error C2664: „SQLRETURN SQLBindCol(SQLHSTMT,SQLUSMALLINT,SQLSMALLINT,SQLPOINTER,SQLLEN,SQLLEN *)”: nie można dokonać konwersji argumentu 6 z „SQLINTEGER *” do „SQLLEN *”
      C:\backkup d\OldSchool_src\Common\AtumDBHelper.cpp(212,98):
      Wskazane typy nie są powiązane; konwersja wymaga operatora reinterpret_cast, rzutowania w stylu języka C lub rzutowania w stylu funkcji ujętego w nawiasach
      C:\Program Files (x86)\Windows Kits\10\Include\10.0.26100.0\um\sql.h(618,20):
      zobacz deklarację „SQLBindCol”
      C:\backkup d\OldSchool_src\Common\AtumDBHelper.cpp(212,2):
      podczas próby dopasowania listy argumentów "(SQLHSTMT, int, int, Prob10K_t *, int, SQLINTEGER *)"
  
C:\backkup d\OldSchool_src\Common\AtumDBHelper.cpp(213,2): error C2664: „SQLRETURN SQLBindCol(SQLHSTMT,SQLUSMALLINT,SQLSMALLINT,SQLPOINTER,SQLLEN,SQLLEN *)”: nie można dokonać konwersji argumentu 6 z „SQLINTEGER *” do „SQLLEN *”
      C:\backkup d\OldSchool_src\Common\AtumDBHelper.cpp(213,98):
      Wskazane typy nie są powiązane; konwersja wymaga operatora reinterpret_cast, rzutowania w stylu języka C lub rzutowania w stylu funkcji ujętego w nawiasach
      C:\Program Files (x86)\Windows Kits\10\Include\10.0.26100.0\um\sql.h(618,20):
      zobacz deklarację „SQLBindCol”
      C:\backkup d\OldSchool_src\Common\AtumDBHelper.cpp(213,2):
      podczas próby dopasowania listy argumentów "(SQLHSTMT, int, int, Prob10K_t *, int, SQLINTEGER *)"
  
C:\backkup d\OldSchool_src\Common\AtumDBHelper.cpp(214,2): error C2664: „SQLRETURN SQLBindCol(SQLHSTMT,SQLUSMALLINT,SQLSMALLINT,SQLPOINTER,SQLLEN,SQLLEN *)”: nie można dokonać konwersji argumentu 6 z „SQLINTEGER *” do „SQLLEN *”
      C:\backkup d\OldSchool_src\Common\AtumDBHelper.cpp(214,98):
      Wskazane typy nie są powiązane; konwersja wymaga operatora reinterpret_cast, rzutowania w stylu języka C lub rzutowania w stylu funkcji ujętego w nawiasach
      C:\Program Files (x86)\Windows Kits\10\Include\10.0.26100.0\um\sql.h(618,20):
      zobacz deklarację „SQLBindCol”
      C:\backkup d\OldSchool_src\Common\AtumDBHelper.cpp(214,2):
      podczas próby dopasowania listy argumentów "(SQLHSTMT, int, int, Prob10K_t *, int, SQLINTEGER *)"
  
C:\backkup d\OldSchool_src\Common\AtumDBHelper.cpp(215,2): error C2664: „SQLRETURN SQLBindCol(SQLHSTMT,SQLUSMALLINT,SQLSMALLINT,SQLPOINTER,SQLLEN,SQLLEN *)”: nie można dokonać konwersji argumentu 6 z „SQLINTEGER *” do „SQLLEN *”
      C:\backkup d\OldSchool_src\Common\AtumDBHelper.cpp(215,98):
      Wskazane typy nie są powiązane; konwersja wymaga operatora reinterpret_cast, rzutowania w stylu języka C lub rzutowania w stylu funkcji ujętego w nawiasach
      C:\Program Files (x86)\Windows Kits\10\Include\10.0.26100.0\um\sql.h(618,20):
      zobacz deklarację „SQLBindCol”
      C:\backkup d\OldSchool_src\Common\AtumDBHelper.cpp(215,2):
      podczas próby dopasowania listy argumentów "(SQLHSTMT, int, int, Prob10K_t *, int, SQLINTEGER *)"
  
C:\backkup d\OldSchool_src\Common\AtumDBHelper.cpp(216,2): error C2664: „SQLRETURN SQLBindCol(SQLHSTMT,SQLUSMALLINT,SQLSMALLINT,SQLPOINTER,SQLLEN,SQLLEN *)”: nie można dokonać konwersji argumentu 6 z „SQLINTEGER *” do „SQLLEN *”
      C:\backkup d\OldSchool_src\Common\AtumDBHelper.cpp(216,98):
      Wskazane typy nie są powiązane; konwersja wymaga operatora reinterpret_cast, rzutowania w stylu języka C lub rzutowania w stylu funkcji ujętego w nawiasach
      C:\Program Files (x86)\Windows Kits\10\Include\10.0.26100.0\um\sql.h(618,20):
      zobacz deklarację „SQLBindCol”
      C:\backkup d\OldSchool_src\Common\AtumDBHelper.cpp(216,2):
      podczas próby dopasowania listy argumentów "(SQLHSTMT, int, int, Prob10K_t *, int, SQLINTEGER *)"
  
C:\backkup d\OldSchool_src\Common\AtumDBHelper.cpp(217,2): error C2664: „SQLRETURN SQLBindCol(SQLHSTMT,SQLUSMALLINT,SQLSMALLINT,SQLPOINTER,SQLLEN,SQLLEN *)”: nie można dokonać konwersji argumentu 6 z „SQLINTEGER *” do „SQLLEN *”
      C:\backkup d\OldSchool_src\Common\AtumDBHelper.cpp(217,98):
      Wskazane typy nie są powiązane; konwersja wymaga operatora reinterpret_cast, rzutowania w stylu języka C lub rzutowania w stylu funkcji ujętego w nawiasach
      C:\Program Files (x86)\Windows Kits\10\Include\10.0.26100.0\um\sql.h(618,20):
      zobacz deklarację „SQLBindCol”
      C:\backkup d\OldSchool_src\Common\AtumDBHelper.cpp(217,2):
      podczas próby dopasowania listy argumentów "(SQLHSTMT, int, int, Prob10K_t *, int, SQLINTEGER *)"
  
C:\backkup d\OldSchool_src\Common\AtumDBHelper.cpp(218,2): error C2664: „SQLRETURN SQLBindCol(SQLHSTMT,SQLUSMALLINT,SQLSMALLINT,SQLPOINTER,SQLLEN,SQLLEN *)”: nie można dokonać konwersji argumentu 6 z „SQLINTEGER *” do „SQLLEN *”
      C:\backkup d\OldSchool_src\Common\AtumDBHelper.cpp(218,98):
      Wskazane typy nie są powiązane; konwersja wymaga operatora reinterpret_cast, rzutowania w stylu języka C lub rzutowania w stylu funkcji ujętego w nawiasach
      C:\Program Files (x86)\Windows Kits\10\Include\10.0.26100.0\um\sql.h(618,20):
      zobacz deklarację „SQLBindCol”
      C:\backkup d\OldSchool_src\Common\AtumDBHelper.cpp(218,2):
      podczas próby dopasowania listy argumentów "(SQLHSTMT, int, int, Prob10K_t *, int, SQLINTEGER *)"
  
C:\backkup d\OldSchool_src\Common\AtumDBHelper.cpp(219,2): error C2664: „SQLRETURN SQLBindCol(SQLHSTMT,SQLUSMALLINT,SQLSMALLINT,SQLPOINTER,SQLLEN,SQLLEN *)”: nie można dokonać konwersji argumentu 6 z „SQLINTEGER *” do „SQLLEN *”
      C:\backkup d\OldSchool_src\Common\AtumDBHelper.cpp(219,98):
      Wskazane typy nie są powiązane; konwersja wymaga operatora reinterpret_cast, rzutowania w stylu języka C lub rzutowania w stylu funkcji ujętego w nawiasach
      C:\Program Files (x86)\Windows Kits\10\Include\10.0.26100.0\um\sql.h(618,20):
      zobacz deklarację „SQLBindCol”
      C:\backkup d\OldSchool_src\Common\AtumDBHelper.cpp(219,2):
      podczas próby dopasowania listy argumentów "(SQLHSTMT, int, int, Prob10K_t *, int, SQLINTEGER *)"
  
C:\backkup d\OldSchool_src\Common\AtumDBHelper.cpp(220,2): error C2664: „SQLRETURN SQLBindCol(SQLHSTMT,SQLUSMALLINT,SQLSMALLINT,SQLPOINTER,SQLLEN,SQLLEN *)”: nie można dokonać konwersji argumentu 6 z „SQLINTEGER *” do „SQLLEN *”
      C:\backkup d\OldSchool_src\Common\AtumDBHelper.cpp(220,98):
      Wskazane typy nie są powiązane; konwersja wymaga operatora reinterpret_cast, rzutowania w stylu języka C lub rzutowania w stylu funkcji ujętego w nawiasach
      C:\Program Files (x86)\Windows Kits\10\Include\10.0.26100.0\um\sql.h(618,20):
      zobacz deklarację „SQLBindCol”
      C:\backkup d\OldSchool_src\Common\AtumDBHelper.cpp(220,2):
      podczas próby dopasowania listy argumentów "(SQLHSTMT, int, int, Prob10K_t *, int, SQLINTEGER *)"
  
C:\backkup d\OldSchool_src\Common\AtumDBHelper.cpp(221,2): error C2664: „SQLRETURN SQLBindCol(SQLHSTMT,SQLUSMALLINT,SQLSMALLINT,SQLPOINTER,SQLLEN,SQLLEN *)”: nie można dokonać konwersji argumentu 6 z „SQLINTEGER *” do „SQLLEN *”
      C:\backkup d\OldSchool_src\Common\AtumDBHelper.cpp(221,98):
      Wskazane typy nie są powiązane; konwersja wymaga operatora reinterpret_cast, rzutowania w stylu języka C lub rzutowania w stylu funkcji ujętego w nawiasach
      C:\Program Files (x86)\Windows Kits\10\Include\10.0.26100.0\um\sql.h(618,20):
      zobacz deklarację „SQLBindCol”
      C:\backkup d\OldSchool_src\Common\AtumDBHelper.cpp(221,2):
      podczas próby dopasowania listy argumentów "(SQLHSTMT, int, int, Prob10K_t *, int, SQLINTEGER *)"
  
C:\backkup d\OldSchool_src\Common\AtumDBHelper.cpp(222,2): error C2664: „SQLRETURN SQLBindCol(SQLHSTMT,SQLUSMALLINT,SQLSMALLINT,SQLPOINTER,SQLLEN,SQLLEN *)”: nie można dokonać konwersji argumentu 6 z „SQLINTEGER *” do „SQLLEN *”
      C:\backkup d\OldSchool_src\Common\AtumDBHelper.cpp(222,98):
      Wskazane typy nie są powiązane; konwersja wymaga operatora reinterpret_cast, rzutowania w stylu języka C lub rzutowania w stylu funkcji ujętego w nawiasach
      C:\Program Files (x86)\Windows Kits\10\Include\10.0.26100.0\um\sql.h(618,20):
      zobacz deklarację „SQLBindCol”
      C:\backkup d\OldSchool_src\Common\AtumDBHelper.cpp(222,2):
      podczas próby dopasowania listy argumentów "(SQLHSTMT, int, int, Prob10K_t *, int, SQLINTEGER *)"
  
C:\backkup d\OldSchool_src\Common\AtumDBHelper.cpp(223,2): error C2664: „SQLRETURN SQLBindCol(SQLHSTMT,SQLUSMALLINT,SQLSMALLINT,SQLPOINTER,SQLLEN,SQLLEN *)”: nie można dokonać konwersji argumentu 6 z „SQLINTEGER *” do „SQLLEN *”
      C:\backkup d\OldSchool_src\Common\AtumDBHelper.cpp(223,98):
      Wskazane typy nie są powiązane; konwersja wymaga operatora reinterpret_cast, rzutowania w stylu języka C lub rzutowania w stylu funkcji ujętego w nawiasach
      C:\Program Files (x86)\Windows Kits\10\Include\10.0.26100.0\um\sql.h(618,20):
      zobacz deklarację „SQLBindCol”
      C:\backkup d\OldSchool_src\Common\AtumDBHelper.cpp(223,2):
      podczas próby dopasowania listy argumentów "(SQLHSTMT, int, int, Prob10K_t *, int, SQLINTEGER *)"
  
C:\backkup d\OldSchool_src\Common\AtumDBHelper.cpp(224,2): error C2664: „SQLRETURN SQLBindCol(SQLHSTMT,SQLUSMALLINT,SQLSMALLINT,SQLPOINTER,SQLLEN,SQLLEN *)”: nie można dokonać konwersji argumentu 6 z „SQLINTEGER *” do „SQLLEN *”
      C:\backkup d\OldSchool_src\Common\AtumDBHelper.cpp(224,98):
      Wskazane typy nie są powiązane; konwersja wymaga operatora reinterpret_cast, rzutowania w stylu języka C lub rzutowania w stylu funkcji ujętego w nawiasach
      C:\Program Files (x86)\Windows Kits\10\Include\10.0.26100.0\um\sql.h(618,20):
      zobacz deklarację „SQLBindCol”
      C:\backkup d\OldSchool_src\Common\AtumDBHelper.cpp(224,2):
      podczas próby dopasowania listy argumentów "(SQLHSTMT, int, int, Prob10K_t *, int, SQLINTEGER *)"
  
C:\backkup d\OldSchool_src\Common\AtumDBHelper.cpp(225,2): error C2664: „SQLRETURN SQLBindCol(SQLHSTMT,SQLUSMALLINT,SQLSMALLINT,SQLPOINTER,SQLLEN,SQLLEN *)”: nie można dokonać konwersji argumentu 6 z „SQLINTEGER *” do „SQLLEN *”
      C:\backkup d\OldSchool_src\Common\AtumDBHelper.cpp(225,98):
      Wskazane typy nie są powiązane; konwersja wymaga operatora reinterpret_cast, rzutowania w stylu języka C lub rzutowania w stylu funkcji ujętego w nawiasach
      C:\Program Files (x86)\Windows Kits\10\Include\10.0.26100.0\um\sql.h(618,20):
      zobacz deklarację „SQLBindCol”
      C:\backkup d\OldSchool_src\Common\AtumDBHelper.cpp(225,2):
      podczas próby dopasowania listy argumentów "(SQLHSTMT, int, int, Prob10K_t *, int, SQLINTEGER *)"
  
C:\backkup d\OldSchool_src\Server\GameServer\FieldServer\Main\CouponManager.cpp(65,2): error C2664: „SQLRETURN SQLBindParameter(SQLHSTMT,SQLUSMALLINT,SQLSMALLINT,SQLSMALLINT,SQLSMALLINT,SQLULEN,SQLSMALLINT,SQLPOINTER,SQLLEN,SQLLEN *)”: nie można dokonać konwersji argumentu 10 z „SQLINTEGER *” do „SQLLEN *”
      C:\backkup d\OldSchool_src\Server\GameServer\FieldServer\Main\CouponManager.cpp(65,133):
      Wskazane typy nie są powiązane; konwersja wymaga operatora reinterpret_cast, rzutowania w stylu języka C lub rzutowania w stylu funkcji ujętego w nawiasach
      C:\Program Files (x86)\Windows Kits\10\Include\10.0.26100.0\um\sqlext.h(2085,19):
      zobacz deklarację „SQLBindParameter”
      C:\backkup d\OldSchool_src\Server\GameServer\FieldServer\Main\CouponManager.cpp(65,2):
      podczas próby dopasowania listy argumentów "(SQLHSTMT, int, int, int, int, int, int, char *, int, SQLINTEGER *)"
  
C:\backkup d\OldSchool_src\Common\AtumDBHelper.cpp(226,2): error C2664: „SQLRETURN SQLBindCol(SQLHSTMT,SQLUSMALLINT,SQLSMALLINT,SQLPOINTER,SQLLEN,SQLLEN *)”: nie można dokonać konwersji argumentu 6 z „SQLINTEGER *” do „SQLLEN *”
      C:\backkup d\OldSchool_src\Common\AtumDBHelper.cpp(226,98):
      Wskazane typy nie są powiązane; konwersja wymaga operatora reinterpret_cast, rzutowania w stylu języka C lub rzutowania w stylu funkcji ujętego w nawiasach
      C:\Program Files (x86)\Windows Kits\10\Include\10.0.26100.0\um\sql.h(618,20):
      zobacz deklarację „SQLBindCol”
      C:\backkup d\OldSchool_src\Common\AtumDBHelper.cpp(226,2):
      podczas próby dopasowania listy argumentów "(SQLHSTMT, int, int, Prob10K_t *, int, SQLINTEGER *)"
  
C:\backkup d\OldSchool_src\Server\GameServer\FieldServer\Main\CouponManager.cpp(75,2): error C2664: „SQLRETURN SQLBindCol(SQLHSTMT,SQLUSMALLINT,SQLSMALLINT,SQLPOINTER,SQLLEN,SQLLEN *)”: nie można dokonać konwersji argumentu 6 z „SQLINTEGER *” do „SQLLEN *”
      C:\backkup d\OldSchool_src\Server\GameServer\FieldServer\Main\CouponManager.cpp(75,99):
      Wskazane typy nie są powiązane; konwersja wymaga operatora reinterpret_cast, rzutowania w stylu języka C lub rzutowania w stylu funkcji ujętego w nawiasach
      C:\Program Files (x86)\Windows Kits\10\Include\10.0.26100.0\um\sql.h(618,20):
      zobacz deklarację „SQLBindCol”
      C:\backkup d\OldSchool_src\Server\GameServer\FieldServer\Main\CouponManager.cpp(75,2):
      podczas próby dopasowania listy argumentów "(SQLHSTMT, int, int, INT *, int, SQLINTEGER *)"
  
C:\backkup d\OldSchool_src\Common\AtumDBHelper.cpp(227,2): error C2664: „SQLRETURN SQLBindCol(SQLHSTMT,SQLUSMALLINT,SQLSMALLINT,SQLPOINTER,SQLLEN,SQLLEN *)”: nie można dokonać konwersji argumentu 6 z „SQLINTEGER *” do „SQLLEN *”
      C:\backkup d\OldSchool_src\Common\AtumDBHelper.cpp(227,98):
      Wskazane typy nie są powiązane; konwersja wymaga operatora reinterpret_cast, rzutowania w stylu języka C lub rzutowania w stylu funkcji ujętego w nawiasach
      C:\Program Files (x86)\Windows Kits\10\Include\10.0.26100.0\um\sql.h(618,20):
      zobacz deklarację „SQLBindCol”
      C:\backkup d\OldSchool_src\Common\AtumDBHelper.cpp(227,2):
      podczas próby dopasowania listy argumentów "(SQLHSTMT, int, int, Prob10K_t *, int, SQLINTEGER *)"
  
C:\backkup d\OldSchool_src\Server\GameServer\FieldServer\Main\CouponManager.cpp(76,2): error C2664: „SQLRETURN SQLBindCol(SQLHSTMT,SQLUSMALLINT,SQLSMALLINT,SQLPOINTER,SQLLEN,SQLLEN *)”: nie można dokonać konwersji argumentu 6 z „SQLINTEGER *” do „SQLLEN *”
      C:\backkup d\OldSchool_src\Server\GameServer\FieldServer\Main\CouponManager.cpp(76,109):
      Wskazane typy nie są powiązane; konwersja wymaga operatora reinterpret_cast, rzutowania w stylu języka C lub rzutowania w stylu funkcji ujętego w nawiasach
      C:\Program Files (x86)\Windows Kits\10\Include\10.0.26100.0\um\sql.h(618,20):
      zobacz deklarację „SQLBindCol”
      C:\backkup d\OldSchool_src\Server\GameServer\FieldServer\Main\CouponManager.cpp(76,2):
      podczas próby dopasowania listy argumentów "(SQLHSTMT, int, int, char [30], int, SQLINTEGER *)"
  
C:\backkup d\OldSchool_src\Common\AtumDBHelper.cpp(228,2): error C2664: „SQLRETURN SQLBindCol(SQLHSTMT,SQLUSMALLINT,SQLSMALLINT,SQLPOINTER,SQLLEN,SQLLEN *)”: nie można dokonać konwersji argumentu 6 z „SQLINTEGER *” do „SQLLEN *”
      C:\backkup d\OldSchool_src\Common\AtumDBHelper.cpp(228,98):
      Wskazane typy nie są powiązane; konwersja wymaga operatora reinterpret_cast, rzutowania w stylu języka C lub rzutowania w stylu funkcji ujętego w nawiasach
      C:\Program Files (x86)\Windows Kits\10\Include\10.0.26100.0\um\sql.h(618,20):
      zobacz deklarację „SQLBindCol”
      C:\backkup d\OldSchool_src\Common\AtumDBHelper.cpp(228,2):
      podczas próby dopasowania listy argumentów "(SQLHSTMT, int, int, Prob10K_t *, int, SQLINTEGER *)"
  
C:\backkup d\OldSchool_src\Server\GameServer\FieldServer\Main\CouponManager.cpp(77,2): error C2664: „SQLRETURN SQLBindCol(SQLHSTMT,SQLUSMALLINT,SQLSMALLINT,SQLPOINTER,SQLLEN,SQLLEN *)”: nie można dokonać konwersji argumentu 6 z „SQLINTEGER *” do „SQLLEN *”
      C:\backkup d\OldSchool_src\Server\GameServer\FieldServer\Main\CouponManager.cpp(77,89):
      Wskazane typy nie są powiązane; konwersja wymaga operatora reinterpret_cast, rzutowania w stylu języka C lub rzutowania w stylu funkcji ujętego w nawiasach
      C:\Program Files (x86)\Windows Kits\10\Include\10.0.26100.0\um\sql.h(618,20):
      zobacz deklarację „SQLBindCol”
      C:\backkup d\OldSchool_src\Server\GameServer\FieldServer\Main\CouponManager.cpp(77,2):
      podczas próby dopasowania listy argumentów "(SQLHSTMT, int, int, SQL_TIMESTAMP_STRUCT *, int, SQLINTEGER *)"
  
C:\backkup d\OldSchool_src\Common\AtumDBHelper.cpp(229,2): error C2664: „SQLRETURN SQLBindCol(SQLHSTMT,SQLUSMALLINT,SQLSMALLINT,SQLPOINTER,SQLLEN,SQLLEN *)”: nie można dokonać konwersji argumentu 6 z „SQLINTEGER *” do „SQLLEN *”
      C:\backkup d\OldSchool_src\Common\AtumDBHelper.cpp(229,98):
      Wskazane typy nie są powiązane; konwersja wymaga operatora reinterpret_cast, rzutowania w stylu języka C lub rzutowania w stylu funkcji ujętego w nawiasach
      C:\Program Files (x86)\Windows Kits\10\Include\10.0.26100.0\um\sql.h(618,20):
      zobacz deklarację „SQLBindCol”
      C:\backkup d\OldSchool_src\Common\AtumDBHelper.cpp(229,2):
      podczas próby dopasowania listy argumentów "(SQLHSTMT, int, int, Prob10K_t *, int, SQLINTEGER *)"
  
C:\backkup d\OldSchool_src\Common\AtumDBHelper.cpp(230,2): error C2664: „SQLRETURN SQLBindCol(SQLHSTMT,SQLUSMALLINT,SQLSMALLINT,SQLPOINTER,SQLLEN,SQLLEN *)”: nie można dokonać konwersji argumentu 6 z „SQLINTEGER *” do „SQLLEN *”
      C:\backkup d\OldSchool_src\Common\AtumDBHelper.cpp(230,98):
      Wskazane typy nie są powiązane; konwersja wymaga operatora reinterpret_cast, rzutowania w stylu języka C lub rzutowania w stylu funkcji ujętego w nawiasach
      C:\Program Files (x86)\Windows Kits\10\Include\10.0.26100.0\um\sql.h(618,20):
      zobacz deklarację „SQLBindCol”
      C:\backkup d\OldSchool_src\Common\AtumDBHelper.cpp(230,2):
      podczas próby dopasowania listy argumentów "(SQLHSTMT, int, int, Prob10K_t *, int, SQLINTEGER *)"
  
C:\backkup d\OldSchool_src\Server\GameServer\FieldServer\Main\CouponManager.cpp(78,2): error C2664: „SQLRETURN SQLBindCol(SQLHSTMT,SQLUSMALLINT,SQLSMALLINT,SQLPOINTER,SQLLEN,SQLLEN *)”: nie można dokonać konwersji argumentu 6 z „SQLINTEGER *” do „SQLLEN *”
      C:\backkup d\OldSchool_src\Server\GameServer\FieldServer\Main\CouponManager.cpp(78,91):
      Wskazane typy nie są powiązane; konwersja wymaga operatora reinterpret_cast, rzutowania w stylu języka C lub rzutowania w stylu funkcji ujętego w nawiasach
      C:\Program Files (x86)\Windows Kits\10\Include\10.0.26100.0\um\sql.h(618,20):
      zobacz deklarację „SQLBindCol”
      C:\backkup d\OldSchool_src\Server\GameServer\FieldServer\Main\CouponManager.cpp(78,2):
      podczas próby dopasowania listy argumentów "(SQLHSTMT, int, int, BOOL *, int, SQLINTEGER *)"
  
C:\backkup d\OldSchool_src\Common\AtumDBHelper.cpp(231,2): error C2664: „SQLRETURN SQLBindCol(SQLHSTMT,SQLUSMALLINT,SQLSMALLINT,SQLPOINTER,SQLLEN,SQLLEN *)”: nie można dokonać konwersji argumentu 6 z „SQLINTEGER *” do „SQLLEN *”
      C:\backkup d\OldSchool_src\Common\AtumDBHelper.cpp(231,98):
      Wskazane typy nie są powiązane; konwersja wymaga operatora reinterpret_cast, rzutowania w stylu języka C lub rzutowania w stylu funkcji ujętego w nawiasach
      C:\Program Files (x86)\Windows Kits\10\Include\10.0.26100.0\um\sql.h(618,20):
      zobacz deklarację „SQLBindCol”
      C:\backkup d\OldSchool_src\Common\AtumDBHelper.cpp(231,2):
      podczas próby dopasowania listy argumentów "(SQLHSTMT, int, int, Prob10K_t *, int, SQLINTEGER *)"
  
C:\backkup d\OldSchool_src\Server\GameServer\FieldServer\Main\CouponManager.cpp(79,2): error C2664: „SQLRETURN SQLBindCol(SQLHSTMT,SQLUSMALLINT,SQLSMALLINT,SQLPOINTER,SQLLEN,SQLLEN *)”: nie można dokonać konwersji argumentu 6 z „SQLINTEGER *” do „SQLLEN *”
      C:\backkup d\OldSchool_src\Server\GameServer\FieldServer\Main\CouponManager.cpp(79,111):
      Wskazane typy nie są powiązane; konwersja wymaga operatora reinterpret_cast, rzutowania w stylu języka C lub rzutowania w stylu funkcji ujętego w nawiasach
      C:\Program Files (x86)\Windows Kits\10\Include\10.0.26100.0\um\sql.h(618,20):
      zobacz deklarację „SQLBindCol”
      C:\backkup d\OldSchool_src\Server\GameServer\FieldServer\Main\CouponManager.cpp(79,2):
      podczas próby dopasowania listy argumentów "(SQLHSTMT, int, int, char [20], int, SQLINTEGER *)"
  
C:\backkup d\OldSchool_src\Common\AtumDBHelper.cpp(232,2): error C2664: „SQLRETURN SQLBindCol(SQLHSTMT,SQLUSMALLINT,SQLSMALLINT,SQLPOINTER,SQLLEN,SQLLEN *)”: nie można dokonać konwersji argumentu 6 z „SQLINTEGER *” do „SQLLEN *”
      C:\backkup d\OldSchool_src\Common\AtumDBHelper.cpp(232,98):
      Wskazane typy nie są powiązane; konwersja wymaga operatora reinterpret_cast, rzutowania w stylu języka C lub rzutowania w stylu funkcji ujętego w nawiasach
      C:\Program Files (x86)\Windows Kits\10\Include\10.0.26100.0\um\sql.h(618,20):
      zobacz deklarację „SQLBindCol”
      C:\backkup d\OldSchool_src\Common\AtumDBHelper.cpp(232,2):
      podczas próby dopasowania listy argumentów "(SQLHSTMT, int, int, Prob10K_t *, int, SQLINTEGER *)"
  
C:\backkup d\OldSchool_src\Server\GameServer\FieldServer\Main\CouponManager.cpp(80,2): error C2664: „SQLRETURN SQLBindCol(SQLHSTMT,SQLUSMALLINT,SQLSMALLINT,SQLPOINTER,SQLLEN,SQLLEN *)”: nie można dokonać konwersji argumentu 6 z „SQLINTEGER *” do „SQLLEN *”
      C:\backkup d\OldSchool_src\Server\GameServer\FieldServer\Main\CouponManager.cpp(80,89):
      Wskazane typy nie są powiązane; konwersja wymaga operatora reinterpret_cast, rzutowania w stylu języka C lub rzutowania w stylu funkcji ujętego w nawiasach
      C:\Program Files (x86)\Windows Kits\10\Include\10.0.26100.0\um\sql.h(618,20):
      zobacz deklarację „SQLBindCol”
      C:\backkup d\OldSchool_src\Server\GameServer\FieldServer\Main\CouponManager.cpp(80,2):
      podczas próby dopasowania listy argumentów "(SQLHSTMT, int, int, SQL_TIMESTAMP_STRUCT *, int, SQLINTEGER *)"
  
C:\backkup d\OldSchool_src\Common\AtumDBHelper.cpp(233,2): error C2664: „SQLRETURN SQLBindCol(SQLHSTMT,SQLUSMALLINT,SQLSMALLINT,SQLPOINTER,SQLLEN,SQLLEN *)”: nie można dokonać konwersji argumentu 6 z „SQLINTEGER *” do „SQLLEN *”
      C:\backkup d\OldSchool_src\Common\AtumDBHelper.cpp(233,98):
      Wskazane typy nie są powiązane; konwersja wymaga operatora reinterpret_cast, rzutowania w stylu języka C lub rzutowania w stylu funkcji ujętego w nawiasach
      C:\Program Files (x86)\Windows Kits\10\Include\10.0.26100.0\um\sql.h(618,20):
      zobacz deklarację „SQLBindCol”
      C:\backkup d\OldSchool_src\Common\AtumDBHelper.cpp(233,2):
      podczas próby dopasowania listy argumentów "(SQLHSTMT, int, int, Prob10K_t *, int, SQLINTEGER *)"
  
C:\backkup d\OldSchool_src\Server\GameServer\FieldServer\Main\CouponManager.cpp(121,2): error C2664: „SQLRETURN SQLBindParameter(SQLHSTMT,SQLUSMALLINT,SQLSMALLINT,SQLSMALLINT,SQLSMALLINT,SQLULEN,SQLSMALLINT,SQLPOINTER,SQLLEN,SQLLEN *)”: nie można dokonać konwersji argumentu 10 z „SQLINTEGER *” do „SQLLEN *”
      C:\backkup d\OldSchool_src\Server\GameServer\FieldServer\Main\CouponManager.cpp(121,116):
      Wskazane typy nie są powiązane; konwersja wymaga operatora reinterpret_cast, rzutowania w stylu języka C lub rzutowania w stylu funkcji ujętego w nawiasach
      C:\Program Files (x86)\Windows Kits\10\Include\10.0.26100.0\um\sqlext.h(2085,19):
      zobacz deklarację „SQLBindParameter”
      C:\backkup d\OldSchool_src\Server\GameServer\FieldServer\Main\CouponManager.cpp(121,2):
      podczas próby dopasowania listy argumentów "(SQLHSTMT, int, int, int, int, int, int, INT *, int, SQLINTEGER *)"
  
C:\backkup d\OldSchool_src\Common\AtumDBHelper.cpp(281,2): error C2664: „SQLRETURN SQLBindCol(SQLHSTMT,SQLUSMALLINT,SQLSMALLINT,SQLPOINTER,SQLLEN,SQLLEN *)”: nie można dokonać konwersji argumentu 6 z „SQLINTEGER *” do „SQLLEN *”
      C:\backkup d\OldSchool_src\Common\AtumDBHelper.cpp(281,87):
      Wskazane typy nie są powiązane; konwersja wymaga operatora reinterpret_cast, rzutowania w stylu języka C lub rzutowania w stylu funkcji ujętego w nawiasach
      C:\Program Files (x86)\Windows Kits\10\Include\10.0.26100.0\um\sql.h(618,20):
      zobacz deklarację „SQLBindCol”
      C:\backkup d\OldSchool_src\Common\AtumDBHelper.cpp(281,2):
      podczas próby dopasowania listy argumentów "(SQLHSTMT, int, int, INT *, int, SQLINTEGER *)"
  
C:\backkup d\OldSchool_src\Server\GameServer\FieldServer\Main\CouponManager.cpp(122,2): error C2664: „SQLRETURN SQLBindParameter(SQLHSTMT,SQLUSMALLINT,SQLSMALLINT,SQLSMALLINT,SQLSMALLINT,SQLULEN,SQLSMALLINT,SQLPOINTER,SQLLEN,SQLLEN *)”: nie można dokonać konwersji argumentu 10 z „SQLINTEGER *” do „SQLLEN *”
      C:\backkup d\OldSchool_src\Server\GameServer\FieldServer\Main\CouponManager.cpp(122,132):
      Wskazane typy nie są powiązane; konwersja wymaga operatora reinterpret_cast, rzutowania w stylu języka C lub rzutowania w stylu funkcji ujętego w nawiasach
      C:\Program Files (x86)\Windows Kits\10\Include\10.0.26100.0\um\sqlext.h(2085,19):
      zobacz deklarację „SQLBindParameter”
      C:\backkup d\OldSchool_src\Server\GameServer\FieldServer\Main\CouponManager.cpp(122,2):
      podczas próby dopasowania listy argumentów "(SQLHSTMT, int, int, int, int, int, int, char *, int, SQLINTEGER *)"
  
C:\backkup d\OldSchool_src\Common\AtumDBHelper.cpp(282,2): error C2664: „SQLRETURN SQLBindCol(SQLHSTMT,SQLUSMALLINT,SQLSMALLINT,SQLPOINTER,SQLLEN,SQLLEN *)”: nie można dokonać konwersji argumentu 6 z „SQLINTEGER *” do „SQLLEN *”
      C:\backkup d\OldSchool_src\Common\AtumDBHelper.cpp(282,91):
      Wskazane typy nie są powiązane; konwersja wymaga operatora reinterpret_cast, rzutowania w stylu języka C lub rzutowania w stylu funkcji ujętego w nawiasach
      C:\Program Files (x86)\Windows Kits\10\Include\10.0.26100.0\um\sql.h(618,20):
      zobacz deklarację „SQLBindCol”
      C:\backkup d\OldSchool_src\Common\AtumDBHelper.cpp(282,2):
      podczas próby dopasowania listy argumentów "(SQLHSTMT, int, int, Prob10K_t *, int, SQLINTEGER *)"
  
C:\backkup d\OldSchool_src\Common\AtumDBHelper.cpp(283,2): error C2664: „SQLRETURN SQLBindCol(SQLHSTMT,SQLUSMALLINT,SQLSMALLINT,SQLPOINTER,SQLLEN,SQLLEN *)”: nie można dokonać konwersji argumentu 6 z „SQLINTEGER *” do „SQLLEN *”
      C:\backkup d\OldSchool_src\Common\AtumDBHelper.cpp(283,84):
      Wskazane typy nie są powiązane; konwersja wymaga operatora reinterpret_cast, rzutowania w stylu języka C lub rzutowania w stylu funkcji ujętego w nawiasach
      C:\Program Files (x86)\Windows Kits\10\Include\10.0.26100.0\um\sql.h(618,20):
      zobacz deklarację „SQLBindCol”
      C:\backkup d\OldSchool_src\Common\AtumDBHelper.cpp(283,2):
      podczas próby dopasowania listy argumentów "(SQLHSTMT, int, int, INT *, int, SQLINTEGER *)"
  
C:\backkup d\OldSchool_src\Common\AtumDBHelper.cpp(284,2): error C2664: „SQLRETURN SQLBindCol(SQLHSTMT,SQLUSMALLINT,SQLSMALLINT,SQLPOINTER,SQLLEN,SQLLEN *)”: nie można dokonać konwersji argumentu 6 z „SQLINTEGER *” do „SQLLEN *”
      C:\backkup d\OldSchool_src\Common\AtumDBHelper.cpp(284,95):
      Wskazane typy nie są powiązane; konwersja wymaga operatora reinterpret_cast, rzutowania w stylu języka C lub rzutowania w stylu funkcji ujętego w nawiasach
      C:\Program Files (x86)\Windows Kits\10\Include\10.0.26100.0\um\sql.h(618,20):
      zobacz deklarację „SQLBindCol”
      C:\backkup d\OldSchool_src\Common\AtumDBHelper.cpp(284,2):
      podczas próby dopasowania listy argumentów "(SQLHSTMT, int, int, INT *, int, SQLINTEGER *)"
  
C:\backkup d\OldSchool_src\Server\GameServer\FieldServer\Main\CouponManager.cpp(123,2): error C2664: „SQLRETURN SQLBindParameter(SQLHSTMT,SQLUSMALLINT,SQLSMALLINT,SQLSMALLINT,SQLSMALLINT,SQLULEN,SQLSMALLINT,SQLPOINTER,SQLLEN,SQLLEN *)”: nie można dokonać konwersji argumentu 10 z „SQLINTEGER *” do „SQLLEN *”
      C:\backkup d\OldSchool_src\Server\GameServer\FieldServer\Main\CouponManager.cpp(123,135):
      Wskazane typy nie są powiązane; konwersja wymaga operatora reinterpret_cast, rzutowania w stylu języka C lub rzutowania w stylu funkcji ujętego w nawiasach
      C:\Program Files (x86)\Windows Kits\10\Include\10.0.26100.0\um\sqlext.h(2085,19):
      zobacz deklarację „SQLBindParameter”
      C:\backkup d\OldSchool_src\Server\GameServer\FieldServer\Main\CouponManager.cpp(123,2):
      podczas próby dopasowania listy argumentów "(SQLHSTMT, int, int, int, int, int, int, char [30], int, SQLINTEGER *)"
  
C:\backkup d\OldSchool_src\Common\AtumDBHelper.cpp(285,2): error C2664: „SQLRETURN SQLBindCol(SQLHSTMT,SQLUSMALLINT,SQLSMALLINT,SQLPOINTER,SQLLEN,SQLLEN *)”: nie można dokonać konwersji argumentu 6 z „SQLINTEGER *” do „SQLLEN *”
      C:\backkup d\OldSchool_src\Common\AtumDBHelper.cpp(285,93):
      Wskazane typy nie są powiązane; konwersja wymaga operatora reinterpret_cast, rzutowania w stylu języka C lub rzutowania w stylu funkcji ujętego w nawiasach
      C:\Program Files (x86)\Windows Kits\10\Include\10.0.26100.0\um\sql.h(618,20):
      zobacz deklarację „SQLBindCol”
      C:\backkup d\OldSchool_src\Common\AtumDBHelper.cpp(285,2):
      podczas próby dopasowania listy argumentów "(SQLHSTMT, int, int, INT *, int, SQLINTEGER *)"
  
C:\backkup d\OldSchool_src\Common\AtumDBHelper.cpp(286,2): error C2664: „SQLRETURN SQLBindCol(SQLHSTMT,SQLUSMALLINT,SQLSMALLINT,SQLPOINTER,SQLLEN,SQLLEN *)”: nie można dokonać konwersji argumentu 6 z „SQLINTEGER *” do „SQLLEN *”
      C:\backkup d\OldSchool_src\Common\AtumDBHelper.cpp(286,95):
      Wskazane typy nie są powiązane; konwersja wymaga operatora reinterpret_cast, rzutowania w stylu języka C lub rzutowania w stylu funkcji ujętego w nawiasach
      C:\Program Files (x86)\Windows Kits\10\Include\10.0.26100.0\um\sql.h(618,20):
      zobacz deklarację „SQLBindCol”
      C:\backkup d\OldSchool_src\Common\AtumDBHelper.cpp(286,2):
      podczas próby dopasowania listy argumentów "(SQLHSTMT, int, int, INT *, int, SQLINTEGER *)"
  
C:\backkup d\OldSchool_src\Common\AtumDBHelper.cpp(287,2): error C2664: „SQLRETURN SQLBindCol(SQLHSTMT,SQLUSMALLINT,SQLSMALLINT,SQLPOINTER,SQLLEN,SQLLEN *)”: nie można dokonać konwersji argumentu 6 z „SQLINTEGER *” do „SQLLEN *”
      C:\backkup d\OldSchool_src\Common\AtumDBHelper.cpp(287,93):
      Wskazane typy nie są powiązane; konwersja wymaga operatora reinterpret_cast, rzutowania w stylu języka C lub rzutowania w stylu funkcji ujętego w nawiasach
      C:\Program Files (x86)\Windows Kits\10\Include\10.0.26100.0\um\sql.h(618,20):
      zobacz deklarację „SQLBindCol”
      C:\backkup d\OldSchool_src\Common\AtumDBHelper.cpp(287,2):
      podczas próby dopasowania listy argumentów "(SQLHSTMT, int, int, INT *, int, SQLINTEGER *)"
  
C:\backkup d\OldSchool_src\Common\AtumDBHelper.cpp(288,2): error C2664: „SQLRETURN SQLBindCol(SQLHSTMT,SQLUSMALLINT,SQLSMALLINT,SQLPOINTER,SQLLEN,SQLLEN *)”: nie można dokonać konwersji argumentu 6 z „SQLINTEGER *” do „SQLLEN *”
      C:\backkup d\OldSchool_src\Common\AtumDBHelper.cpp(288,95):
      Wskazane typy nie są powiązane; konwersja wymaga operatora reinterpret_cast, rzutowania w stylu języka C lub rzutowania w stylu funkcji ujętego w nawiasach
      C:\Program Files (x86)\Windows Kits\10\Include\10.0.26100.0\um\sql.h(618,20):
      zobacz deklarację „SQLBindCol”
      C:\backkup d\OldSchool_src\Common\AtumDBHelper.cpp(288,2):
      podczas próby dopasowania listy argumentów "(SQLHSTMT, int, int, INT *, int, SQLINTEGER *)"
  
C:\backkup d\OldSchool_src\Common\AtumDBHelper.cpp(289,2): error C2664: „SQLRETURN SQLBindCol(SQLHSTMT,SQLUSMALLINT,SQLSMALLINT,SQLPOINTER,SQLLEN,SQLLEN *)”: nie można dokonać konwersji argumentu 6 z „SQLINTEGER *” do „SQLLEN *”
      C:\backkup d\OldSchool_src\Common\AtumDBHelper.cpp(289,93):
      Wskazane typy nie są powiązane; konwersja wymaga operatora reinterpret_cast, rzutowania w stylu języka C lub rzutowania w stylu funkcji ujętego w nawiasach
      C:\Program Files (x86)\Windows Kits\10\Include\10.0.26100.0\um\sql.h(618,20):
      zobacz deklarację „SQLBindCol”
      C:\backkup d\OldSchool_src\Common\AtumDBHelper.cpp(289,2):
      podczas próby dopasowania listy argumentów "(SQLHSTMT, int, int, INT *, int, SQLINTEGER *)"
  
C:\backkup d\OldSchool_src\Common\AtumDBHelper.cpp(290,2): error C2664: „SQLRETURN SQLBindCol(SQLHSTMT,SQLUSMALLINT,SQLSMALLINT,SQLPOINTER,SQLLEN,SQLLEN *)”: nie można dokonać konwersji argumentu 6 z „SQLINTEGER *” do „SQLLEN *”
      C:\backkup d\OldSchool_src\Common\AtumDBHelper.cpp(290,95):
      Wskazane typy nie są powiązane; konwersja wymaga operatora reinterpret_cast, rzutowania w stylu języka C lub rzutowania w stylu funkcji ujętego w nawiasach
      C:\Program Files (x86)\Windows Kits\10\Include\10.0.26100.0\um\sql.h(618,20):
      zobacz deklarację „SQLBindCol”
      C:\backkup d\OldSchool_src\Common\AtumDBHelper.cpp(290,2):
      podczas próby dopasowania listy argumentów "(SQLHSTMT, int, int, INT *, int, SQLINTEGER *)"
  
C:\backkup d\OldSchool_src\Common\AtumDBHelper.cpp(291,2): error C2664: „SQLRETURN SQLBindCol(SQLHSTMT,SQLUSMALLINT,SQLSMALLINT,SQLPOINTER,SQLLEN,SQLLEN *)”: nie można dokonać konwersji argumentu 6 z „SQLINTEGER *” do „SQLLEN *”
      C:\backkup d\OldSchool_src\Common\AtumDBHelper.cpp(291,93):
      Wskazane typy nie są powiązane; konwersja wymaga operatora reinterpret_cast, rzutowania w stylu języka C lub rzutowania w stylu funkcji ujętego w nawiasach
      C:\Program Files (x86)\Windows Kits\10\Include\10.0.26100.0\um\sql.h(618,20):
      zobacz deklarację „SQLBindCol”
      C:\backkup d\OldSchool_src\Common\AtumDBHelper.cpp(291,2):
      podczas próby dopasowania listy argumentów "(SQLHSTMT, int, int, INT *, int, SQLINTEGER *)"
  
C:\backkup d\OldSchool_src\Server\GameServer\FieldServer\Main\CityWar.cpp(562,2): error C2664: „SQLRETURN SQLBindParameter(SQLHSTMT,SQLUSMALLINT,SQLSMALLINT,SQLSMALLINT,SQLSMALLINT,SQLULEN,SQLSMALLINT,SQLPOINTER,SQLLEN,SQLLEN *)”: nie można dokonać konwersji argumentu 10 z „SQLINTEGER *” do „SQLLEN *”
      C:\backkup d\OldSchool_src\Server\GameServer\FieldServer\Main\CityWar.cpp(562,110):
      Wskazane typy nie są powiązane; konwersja wymaga operatora reinterpret_cast, rzutowania w stylu języka C lub rzutowania w stylu funkcji ujętego w nawiasach
      C:\Program Files (x86)\Windows Kits\10\Include\10.0.26100.0\um\sqlext.h(2085,19):
      zobacz deklarację „SQLBindParameter”
      C:\backkup d\OldSchool_src\Server\GameServer\FieldServer\Main\CityWar.cpp(562,2):
      podczas próby dopasowania listy argumentów "(SQLHSTMT, int, int, int, int, int, int, MapIndex_t *, int, SQLINTEGER *)"
  
C:\backkup d\OldSchool_src\Common\AtumDBHelper.cpp(292,2): error C2664: „SQLRETURN SQLBindCol(SQLHSTMT,SQLUSMALLINT,SQLSMALLINT,SQLPOINTER,SQLLEN,SQLLEN *)”: nie można dokonać konwersji argumentu 6 z „SQLINTEGER *” do „SQLLEN *”
      C:\backkup d\OldSchool_src\Common\AtumDBHelper.cpp(292,95):
      Wskazane typy nie są powiązane; konwersja wymaga operatora reinterpret_cast, rzutowania w stylu języka C lub rzutowania w stylu funkcji ujętego w nawiasach
      C:\Program Files (x86)\Windows Kits\10\Include\10.0.26100.0\um\sql.h(618,20):
      zobacz deklarację „SQLBindCol”
      C:\backkup d\OldSchool_src\Common\AtumDBHelper.cpp(292,2):
      podczas próby dopasowania listy argumentów "(SQLHSTMT, int, int, INT *, int, SQLINTEGER *)"
  
C:\backkup d\OldSchool_src\Common\AtumDBHelper.cpp(293,2): error C2664: „SQLRETURN SQLBindCol(SQLHSTMT,SQLUSMALLINT,SQLSMALLINT,SQLPOINTER,SQLLEN,SQLLEN *)”: nie można dokonać konwersji argumentu 6 z „SQLINTEGER *” do „SQLLEN *”
      C:\backkup d\OldSchool_src\Common\AtumDBHelper.cpp(293,93):
      Wskazane typy nie są powiązane; konwersja wymaga operatora reinterpret_cast, rzutowania w stylu języka C lub rzutowania w stylu funkcji ujętego w nawiasach
      C:\Program Files (x86)\Windows Kits\10\Include\10.0.26100.0\um\sql.h(618,20):
      zobacz deklarację „SQLBindCol”
      C:\backkup d\OldSchool_src\Common\AtumDBHelper.cpp(293,2):
      podczas próby dopasowania listy argumentów "(SQLHSTMT, int, int, INT *, int, SQLINTEGER *)"
  
C:\backkup d\OldSchool_src\Server\GameServer\FieldServer\Main\CityWar.cpp(563,2): error C2664: „SQLRETURN SQLBindParameter(SQLHSTMT,SQLUSMALLINT,SQLSMALLINT,SQLSMALLINT,SQLSMALLINT,SQLULEN,SQLSMALLINT,SQLPOINTER,SQLLEN,SQLLEN *)”: nie można dokonać konwersji argumentu 10 z „SQLINTEGER *” do „SQLLEN *”
      C:\backkup d\OldSchool_src\Server\GameServer\FieldServer\Main\CityWar.cpp(563,111):
      Wskazane typy nie są powiązane; konwersja wymaga operatora reinterpret_cast, rzutowania w stylu języka C lub rzutowania w stylu funkcji ujętego w nawiasach
      C:\Program Files (x86)\Windows Kits\10\Include\10.0.26100.0\um\sqlext.h(2085,19):
      zobacz deklarację „SQLBindParameter”
      C:\backkup d\OldSchool_src\Server\GameServer\FieldServer\Main\CityWar.cpp(563,2):
      podczas próby dopasowania listy argumentów "(SQLHSTMT, int, int, int, int, int, int, int *, int, SQLINTEGER *)"
  
C:\backkup d\OldSchool_src\Server\GameServer\FieldServer\Main\CityWar.cpp(573,2): error C2664: „SQLRETURN SQLBindCol(SQLHSTMT,SQLUSMALLINT,SQLSMALLINT,SQLPOINTER,SQLLEN,SQLLEN *)”: nie można dokonać konwersji argumentu 6 z „SQLINTEGER *” do „SQLLEN *”
      C:\backkup d\OldSchool_src\Server\GameServer\FieldServer\Main\CityWar.cpp(573,102):
      Wskazane typy nie są powiązane; konwersja wymaga operatora reinterpret_cast, rzutowania w stylu języka C lub rzutowania w stylu funkcji ujętego w nawiasach
      C:\Program Files (x86)\Windows Kits\10\Include\10.0.26100.0\um\sql.h(618,20):
      zobacz deklarację „SQLBindCol”
      C:\backkup d\OldSchool_src\Server\GameServer\FieldServer\Main\CityWar.cpp(573,2):
      podczas próby dopasowania listy argumentów "(SQLHSTMT, int, int, UID32_t *, int, SQLINTEGER *)"
  
C:\backkup d\OldSchool_src\Server\GameServer\FieldServer\Main\CityWar.cpp(574,2): error C2664: „SQLRETURN SQLBindCol(SQLHSTMT,SQLUSMALLINT,SQLSMALLINT,SQLPOINTER,SQLLEN,SQLLEN *)”: nie można dokonać konwersji argumentu 6 z „SQLINTEGER *” do „SQLLEN *”
      C:\backkup d\OldSchool_src\Server\GameServer\FieldServer\Main\CityWar.cpp(574,115):
      Wskazane typy nie są powiązane; konwersja wymaga operatora reinterpret_cast, rzutowania w stylu języka C lub rzutowania w stylu funkcji ujętego w nawiasach
      C:\Program Files (x86)\Windows Kits\10\Include\10.0.26100.0\um\sql.h(618,20):
      zobacz deklarację „SQLBindCol”
      C:\backkup d\OldSchool_src\Server\GameServer\FieldServer\Main\CityWar.cpp(574,2):
      podczas próby dopasowania listy argumentów "(SQLHSTMT, int, int, char [30], int, SQLINTEGER *)"
  
C:\backkup d\OldSchool_src\Server\GameServer\FieldServer\Main\CityWar.cpp(575,2): error C2664: „SQLRETURN SQLBindCol(SQLHSTMT,SQLUSMALLINT,SQLSMALLINT,SQLPOINTER,SQLLEN,SQLLEN *)”: nie można dokonać konwersji argumentu 6 z „SQLINTEGER *” do „SQLLEN *”
      C:\backkup d\OldSchool_src\Server\GameServer\FieldServer\Main\CityWar.cpp(575,113):
      Wskazane typy nie są powiązane; konwersja wymaga operatora reinterpret_cast, rzutowania w stylu języka C lub rzutowania w stylu funkcji ujętego w nawiasach
      C:\Program Files (x86)\Windows Kits\10\Include\10.0.26100.0\um\sql.h(618,20):
      zobacz deklarację „SQLBindCol”
      C:\backkup d\OldSchool_src\Server\GameServer\FieldServer\Main\CityWar.cpp(575,2):
      podczas próby dopasowania listy argumentów "(SQLHSTMT, int, int, UID32_t *, int, SQLINTEGER *)"
  
C:\backkup d\OldSchool_src\Server\GameServer\FieldServer\Main\CityWar.cpp(576,2): error C2664: „SQLRETURN SQLBindCol(SQLHSTMT,SQLUSMALLINT,SQLSMALLINT,SQLPOINTER,SQLLEN,SQLLEN *)”: nie można dokonać konwersji argumentu 6 z „SQLINTEGER *” do „SQLLEN *”
      C:\backkup d\OldSchool_src\Server\GameServer\FieldServer\Main\CityWar.cpp(576,100):
      Wskazane typy nie są powiązane; konwersja wymaga operatora reinterpret_cast, rzutowania w stylu języka C lub rzutowania w stylu funkcji ujętego w nawiasach
      C:\Program Files (x86)\Windows Kits\10\Include\10.0.26100.0\um\sql.h(618,20):
      zobacz deklarację „SQLBindCol”
      C:\backkup d\OldSchool_src\Server\GameServer\FieldServer\Main\CityWar.cpp(576,2):
      podczas próby dopasowania listy argumentów "(SQLHSTMT, int, int, float *, int, SQLINTEGER *)"
  
C:\backkup d\OldSchool_src\Server\GameServer\FieldServer\Main\CityWar.cpp(577,2): error C2664: „SQLRETURN SQLBindCol(SQLHSTMT,SQLUSMALLINT,SQLSMALLINT,SQLPOINTER,SQLLEN,SQLLEN *)”: nie można dokonać konwersji argumentu 6 z „SQLINTEGER *” do „SQLLEN *”
      C:\backkup d\OldSchool_src\Server\GameServer\FieldServer\Main\CityWar.cpp(577,93):
      Wskazane typy nie są powiązane; konwersja wymaga operatora reinterpret_cast, rzutowania w stylu języka C lub rzutowania w stylu funkcji ujętego w nawiasach
      C:\Program Files (x86)\Windows Kits\10\Include\10.0.26100.0\um\sql.h(618,20):
      zobacz deklarację „SQLBindCol”
      C:\backkup d\OldSchool_src\Server\GameServer\FieldServer\Main\CityWar.cpp(577,2):
      podczas próby dopasowania listy argumentów "(SQLHSTMT, int, int, SQL_TIMESTAMP_STRUCT *, int, SQLINTEGER *)"
  
C:\backkup d\OldSchool_src\Server\GameServer\FieldServer\Main\CityWar.cpp(578,2): error C2664: „SQLRETURN SQLBindCol(SQLHSTMT,SQLUSMALLINT,SQLSMALLINT,SQLPOINTER,SQLLEN,SQLLEN *)”: nie można dokonać konwersji argumentu 6 z „SQLINTEGER *” do „SQLLEN *”
      C:\backkup d\OldSchool_src\Server\GameServer\FieldServer\Main\CityWar.cpp(578,93):
      Wskazane typy nie są powiązane; konwersja wymaga operatora reinterpret_cast, rzutowania w stylu języka C lub rzutowania w stylu funkcji ujętego w nawiasach
      C:\Program Files (x86)\Windows Kits\10\Include\10.0.26100.0\um\sql.h(618,20):
      zobacz deklarację „SQLBindCol”
      C:\backkup d\OldSchool_src\Server\GameServer\FieldServer\Main\CityWar.cpp(578,2):
      podczas próby dopasowania listy argumentów "(SQLHSTMT, int, int, SQL_TIMESTAMP_STRUCT *, int, SQLINTEGER *)"
  
C:\backkup d\OldSchool_src\Server\GameServer\FieldServer\Main\CityWar.cpp(579,2): error C2664: „SQLRETURN SQLBindCol(SQLHSTMT,SQLUSMALLINT,SQLSMALLINT,SQLPOINTER,SQLLEN,SQLLEN *)”: nie można dokonać konwersji argumentu 6 z „SQLINTEGER *” do „SQLLEN *”
      C:\backkup d\OldSchool_src\Server\GameServer\FieldServer\Main\CityWar.cpp(579,102):
      Wskazane typy nie są powiązane; konwersja wymaga operatora reinterpret_cast, rzutowania w stylu języka C lub rzutowania w stylu funkcji ujętego w nawiasach
      C:\Program Files (x86)\Windows Kits\10\Include\10.0.26100.0\um\sql.h(618,20):
      zobacz deklarację „SQLBindCol”
      C:\backkup d\OldSchool_src\Server\GameServer\FieldServer\Main\CityWar.cpp(579,2):
      podczas próby dopasowania listy argumentów "(SQLHSTMT, int, int, INT *, int, SQLINTEGER *)"
  
C:\backkup d\OldSchool_src\Server\GameServer\FieldServer\Main\CityWar.cpp(580,2): error C2664: „SQLRETURN SQLBindCol(SQLHSTMT,SQLUSMALLINT,SQLSMALLINT,SQLPOINTER,SQLLEN,SQLLEN *)”: nie można dokonać konwersji argumentu 6 z „SQLINTEGER *” do „SQLLEN *”
      C:\backkup d\OldSchool_src\Server\GameServer\FieldServer\Main\CityWar.cpp(580,98):
      Wskazane typy nie są powiązane; konwersja wymaga operatora reinterpret_cast, rzutowania w stylu języka C lub rzutowania w stylu funkcji ujętego w nawiasach
      C:\Program Files (x86)\Windows Kits\10\Include\10.0.26100.0\um\sql.h(618,20):
      zobacz deklarację „SQLBindCol”
      C:\backkup d\OldSchool_src\Server\GameServer\FieldServer\Main\CityWar.cpp(580,2):
      podczas próby dopasowania listy argumentów "(SQLHSTMT, int, int, INT *, int, SQLINTEGER *)"
  
C:\backkup d\OldSchool_src\Server\GameServer\FieldServer\Main\CityWar.cpp(581,2): error C2664: „SQLRETURN SQLBindCol(SQLHSTMT,SQLUSMALLINT,SQLSMALLINT,SQLPOINTER,SQLLEN,SQLLEN *)”: nie można dokonać konwersji argumentu 6 z „SQLINTEGER *” do „SQLLEN *”
      C:\backkup d\OldSchool_src\Server\GameServer\FieldServer\Main\CityWar.cpp(581,118):
      Wskazane typy nie są powiązane; konwersja wymaga operatora reinterpret_cast, rzutowania w stylu języka C lub rzutowania w stylu funkcji ujętego w nawiasach
      C:\Program Files (x86)\Windows Kits\10\Include\10.0.26100.0\um\sql.h(618,20):
      zobacz deklarację „SQLBindCol”
      C:\backkup d\OldSchool_src\Server\GameServer\FieldServer\Main\CityWar.cpp(581,2):
      podczas próby dopasowania listy argumentów "(SQLHSTMT, int, int, char [100], int, SQLINTEGER *)"
  
C:\backkup d\OldSchool_src\Server\GameServer\FieldServer\Main\CityWar.cpp(631,2): error C2664: „SQLRETURN SQLBindParameter(SQLHSTMT,SQLUSMALLINT,SQLSMALLINT,SQLSMALLINT,SQLSMALLINT,SQLULEN,SQLSMALLINT,SQLPOINTER,SQLLEN,SQLLEN *)”: nie można dokonać konwersji argumentu 10 z „SQLINTEGER *” do „SQLLEN *”
      C:\backkup d\OldSchool_src\Server\GameServer\FieldServer\Main\CityWar.cpp(631,113):
      Wskazane typy nie są powiązane; konwersja wymaga operatora reinterpret_cast, rzutowania w stylu języka C lub rzutowania w stylu funkcji ujętego w nawiasach
      C:\Program Files (x86)\Windows Kits\10\Include\10.0.26100.0\um\sqlext.h(2085,19):
      zobacz deklarację „SQLBindParameter”
      C:\backkup d\OldSchool_src\Server\GameServer\FieldServer\Main\CityWar.cpp(631,2):
      podczas próby dopasowania listy argumentów "(SQLHSTMT, int, int, int, int, int, int, UID32_t *, int, SQLINTEGER *)"
  
C:\backkup d\OldSchool_src\Server\GameServer\FieldServer\Main\CityWar.cpp(632,2): error C2664: „SQLRETURN SQLBindParameter(SQLHSTMT,SQLUSMALLINT,SQLSMALLINT,SQLSMALLINT,SQLSMALLINT,SQLULEN,SQLSMALLINT,SQLPOINTER,SQLLEN,SQLLEN *)”: nie można dokonać konwersji argumentu 10 z „SQLINTEGER *” do „SQLLEN *”
      C:\backkup d\OldSchool_src\Server\GameServer\FieldServer\Main\CityWar.cpp(632,120):
      Wskazane typy nie są powiązane; konwersja wymaga operatora reinterpret_cast, rzutowania w stylu języka C lub rzutowania w stylu funkcji ujętego w nawiasach
      C:\Program Files (x86)\Windows Kits\10\Include\10.0.26100.0\um\sqlext.h(2085,19):
      zobacz deklarację „SQLBindParameter”
      C:\backkup d\OldSchool_src\Server\GameServer\FieldServer\Main\CityWar.cpp(632,2):
      podczas próby dopasowania listy argumentów "(SQLHSTMT, int, int, int, int, int, int, UID32_t *, int, SQLINTEGER *)"
  
C:\backkup d\OldSchool_src\Server\GameServer\FieldServer\Main\CityWar.cpp(692,2): error C2664: „SQLRETURN SQLBindParameter(SQLHSTMT,SQLUSMALLINT,SQLSMALLINT,SQLSMALLINT,SQLSMALLINT,SQLULEN,SQLSMALLINT,SQLPOINTER,SQLLEN,SQLLEN *)”: nie można dokonać konwersji argumentu 10 z „SQLINTEGER *” do „SQLLEN *”
      C:\backkup d\OldSchool_src\Server\GameServer\FieldServer\Main\CityWar.cpp(692,117):
      Wskazane typy nie są powiązane; konwersja wymaga operatora reinterpret_cast, rzutowania w stylu języka C lub rzutowania w stylu funkcji ujętego w nawiasach
      C:\Program Files (x86)\Windows Kits\10\Include\10.0.26100.0\um\sqlext.h(2085,19):
      zobacz deklarację „SQLBindParameter”
      C:\backkup d\OldSchool_src\Server\GameServer\FieldServer\Main\CityWar.cpp(692,2):
      podczas próby dopasowania listy argumentów "(SQLHSTMT, int, int, int, int, int, int, INT *, int, SQLINTEGER *)"
  
C:\backkup d\OldSchool_src\Server\GameServer\FieldServer\Main\CityWar.cpp(693,2): error C2664: „SQLRETURN SQLBindParameter(SQLHSTMT,SQLUSMALLINT,SQLSMALLINT,SQLSMALLINT,SQLSMALLINT,SQLULEN,SQLSMALLINT,SQLPOINTER,SQLLEN,SQLLEN *)”: nie można dokonać konwersji argumentu 10 z „SQLINTEGER *” do „SQLLEN *”
      C:\backkup d\OldSchool_src\Server\GameServer\FieldServer\Main\CityWar.cpp(693,112):
      Wskazane typy nie są powiązane; konwersja wymaga operatora reinterpret_cast, rzutowania w stylu języka C lub rzutowania w stylu funkcji ujętego w nawiasach
      C:\Program Files (x86)\Windows Kits\10\Include\10.0.26100.0\um\sqlext.h(2085,19):
      zobacz deklarację „SQLBindParameter”
      C:\backkup d\OldSchool_src\Server\GameServer\FieldServer\Main\CityWar.cpp(693,2):
      podczas próby dopasowania listy argumentów "(SQLHSTMT, int, int, int, int, int, int, int *, int, SQLINTEGER *)"
  
C:\backkup d\OldSchool_src\Server\GameServer\FieldServer\Main\CityWar.cpp(704,2): error C2664: „SQLRETURN SQLBindCol(SQLHSTMT,SQLUSMALLINT,SQLSMALLINT,SQLPOINTER,SQLLEN,SQLLEN *)”: nie można dokonać konwersji argumentu 6 z „SQLINTEGER *” do „SQLLEN *”
      C:\backkup d\OldSchool_src\Server\GameServer\FieldServer\Main\CityWar.cpp(704,91):
      Wskazane typy nie są powiązane; konwersja wymaga operatora reinterpret_cast, rzutowania w stylu języka C lub rzutowania w stylu funkcji ujętego w nawiasach
      C:\Program Files (x86)\Windows Kits\10\Include\10.0.26100.0\um\sql.h(618,20):
      zobacz deklarację „SQLBindCol”
      C:\backkup d\OldSchool_src\Server\GameServer\FieldServer\Main\CityWar.cpp(704,2):
      podczas próby dopasowania listy argumentów "(SQLHSTMT, int, int, UID32_t *, int, SQLINTEGER *)"
  
C:\backkup d\OldSchool_src\Server\GameServer\FieldServer\Main\CityWar.cpp(705,2): error C2664: „SQLRETURN SQLBindCol(SQLHSTMT,SQLUSMALLINT,SQLSMALLINT,SQLPOINTER,SQLLEN,SQLLEN *)”: nie można dokonać konwersji argumentu 6 z „SQLINTEGER *” do „SQLLEN *”
      C:\backkup d\OldSchool_src\Server\GameServer\FieldServer\Main\CityWar.cpp(705,104):
      Wskazane typy nie są powiązane; konwersja wymaga operatora reinterpret_cast, rzutowania w stylu języka C lub rzutowania w stylu funkcji ujętego w nawiasach
      C:\Program Files (x86)\Windows Kits\10\Include\10.0.26100.0\um\sql.h(618,20):
      zobacz deklarację „SQLBindCol”
      C:\backkup d\OldSchool_src\Server\GameServer\FieldServer\Main\CityWar.cpp(705,2):
      podczas próby dopasowania listy argumentów "(SQLHSTMT, int, int, char [30], int, SQLINTEGER *)"
  
C:\backkup d\OldSchool_src\Server\GameServer\FieldServer\Main\CityWar.cpp(706,2): error C2664: „SQLRETURN SQLBindCol(SQLHSTMT,SQLUSMALLINT,SQLSMALLINT,SQLPOINTER,SQLLEN,SQLLEN *)”: nie można dokonać konwersji argumentu 6 z „SQLINTEGER *” do „SQLLEN *”
      C:\backkup d\OldSchool_src\Server\GameServer\FieldServer\Main\CityWar.cpp(706,99):
      Wskazane typy nie są powiązane; konwersja wymaga operatora reinterpret_cast, rzutowania w stylu języka C lub rzutowania w stylu funkcji ujętego w nawiasach
      C:\Program Files (x86)\Windows Kits\10\Include\10.0.26100.0\um\sql.h(618,20):
      zobacz deklarację „SQLBindCol”
      C:\backkup d\OldSchool_src\Server\GameServer\FieldServer\Main\CityWar.cpp(706,2):
      podczas próby dopasowania listy argumentów "(SQLHSTMT, int, int, UID32_t *, int, SQLINTEGER *)"
  
C:\backkup d\OldSchool_src\Server\GameServer\FieldServer\Main\CityWar.cpp(767,2): error C2664: „SQLRETURN SQLBindParameter(SQLHSTMT,SQLUSMALLINT,SQLSMALLINT,SQLSMALLINT,SQLSMALLINT,SQLULEN,SQLSMALLINT,SQLPOINTER,SQLLEN,SQLLEN *)”: nie można dokonać konwersji argumentu 10 z „SQLINTEGER *” do „SQLLEN *”
      C:\backkup d\OldSchool_src\Server\GameServer\FieldServer\Main\CityWar.cpp(767,117):
      Wskazane typy nie są powiązane; konwersja wymaga operatora reinterpret_cast, rzutowania w stylu języka C lub rzutowania w stylu funkcji ujętego w nawiasach
      C:\Program Files (x86)\Windows Kits\10\Include\10.0.26100.0\um\sqlext.h(2085,19):
      zobacz deklarację „SQLBindParameter”
      C:\backkup d\OldSchool_src\Server\GameServer\FieldServer\Main\CityWar.cpp(767,2):
      podczas próby dopasowania listy argumentów "(SQLHSTMT, int, int, int, int, int, int, MapIndex_t *, int, SQLINTEGER *)"
  
C:\backkup d\OldSchool_src\Server\GameServer\FieldServer\Main\CityWar.cpp(768,2): error C2664: „SQLRETURN SQLBindParameter(SQLHSTMT,SQLUSMALLINT,SQLSMALLINT,SQLSMALLINT,SQLSMALLINT,SQLULEN,SQLSMALLINT,SQLPOINTER,SQLLEN,SQLLEN *)”: nie można dokonać konwersji argumentu 10 z „SQLINTEGER *” do „SQLLEN *”
      C:\backkup d\OldSchool_src\Server\GameServer\FieldServer\Main\CityWar.cpp(768,117):
      Wskazane typy nie są powiązane; konwersja wymaga operatora reinterpret_cast, rzutowania w stylu języka C lub rzutowania w stylu funkcji ujętego w nawiasach
      C:\Program Files (x86)\Windows Kits\10\Include\10.0.26100.0\um\sqlext.h(2085,19):
      zobacz deklarację „SQLBindParameter”
      C:\backkup d\OldSchool_src\Server\GameServer\FieldServer\Main\CityWar.cpp(768,2):
      podczas próby dopasowania listy argumentów "(SQLHSTMT, int, int, int, int, int, int, int *, int, SQLINTEGER *)"
  
C:\backkup d\OldSchool_src\Server\GameServer\FieldServer\Main\CityWar.cpp(769,2): error C2664: „SQLRETURN SQLBindParameter(SQLHSTMT,SQLUSMALLINT,SQLSMALLINT,SQLSMALLINT,SQLSMALLINT,SQLULEN,SQLSMALLINT,SQLPOINTER,SQLLEN,SQLLEN *)”: nie można dokonać konwersji argumentu 10 z „SQLINTEGER *” do „SQLLEN *”
      C:\backkup d\OldSchool_src\Server\GameServer\FieldServer\Main\CityWar.cpp(769,121):
      Wskazane typy nie są powiązane; konwersja wymaga operatora reinterpret_cast, rzutowania w stylu języka C lub rzutowania w stylu funkcji ujętego w nawiasach
      C:\Program Files (x86)\Windows Kits\10\Include\10.0.26100.0\um\sqlext.h(2085,19):
      zobacz deklarację „SQLBindParameter”
      C:\backkup d\OldSchool_src\Server\GameServer\FieldServer\Main\CityWar.cpp(769,2):
      podczas próby dopasowania listy argumentów "(SQLHSTMT, int, int, int, int, int, int, UID32_t *, int, SQLINTEGER *)"
  
C:\backkup d\OldSchool_src\Server\GameServer\FieldServer\Main\CityWar.cpp(770,2): error C2664: „SQLRETURN SQLBindParameter(SQLHSTMT,SQLUSMALLINT,SQLSMALLINT,SQLSMALLINT,SQLSMALLINT,SQLULEN,SQLSMALLINT,SQLPOINTER,SQLLEN,SQLLEN *)”: nie można dokonać konwersji argumentu 10 z „SQLINTEGER *” do „SQLLEN *”
      C:\backkup d\OldSchool_src\Server\GameServer\FieldServer\Main\CityWar.cpp(770,134):
      Wskazane typy nie są powiązane; konwersja wymaga operatora reinterpret_cast, rzutowania w stylu języka C lub rzutowania w stylu funkcji ujętego w nawiasach
      C:\Program Files (x86)\Windows Kits\10\Include\10.0.26100.0\um\sqlext.h(2085,19):
      zobacz deklarację „SQLBindParameter”
      C:\backkup d\OldSchool_src\Server\GameServer\FieldServer\Main\CityWar.cpp(770,2):
      podczas próby dopasowania listy argumentów "(SQLHSTMT, int, int, int, int, int, int, char [30], int, SQLINTEGER *)"
  
C:\backkup d\OldSchool_src\Server\GameServer\FieldServer\Main\CityWar.cpp(771,2): error C2664: „SQLRETURN SQLBindParameter(SQLHSTMT,SQLUSMALLINT,SQLSMALLINT,SQLSMALLINT,SQLSMALLINT,SQLULEN,SQLSMALLINT,SQLPOINTER,SQLLEN,SQLLEN *)”: nie można dokonać konwersji argumentu 10 z „SQLINTEGER *” do „SQLLEN *”
      C:\backkup d\OldSchool_src\Server\GameServer\FieldServer\Main\CityWar.cpp(771,132):
      Wskazane typy nie są powiązane; konwersja wymaga operatora reinterpret_cast, rzutowania w stylu języka C lub rzutowania w stylu funkcji ujętego w nawiasach
      C:\Program Files (x86)\Windows Kits\10\Include\10.0.26100.0\um\sqlext.h(2085,19):
      zobacz deklarację „SQLBindParameter”
      C:\backkup d\OldSchool_src\Server\GameServer\FieldServer\Main\CityWar.cpp(771,2):
      podczas próby dopasowania listy argumentów "(SQLHSTMT, int, int, int, int, int, int, UID32_t *, int, SQLINTEGER *)"
  
C:\backkup d\OldSchool_src\Server\GameServer\FieldServer\Main\CityWar.cpp(772,2): error C2664: „SQLRETURN SQLBindParameter(SQLHSTMT,SQLUSMALLINT,SQLSMALLINT,SQLSMALLINT,SQLSMALLINT,SQLULEN,SQLSMALLINT,SQLPOINTER,SQLLEN,SQLLEN *)”: nie można dokonać konwersji argumentu 10 z „SQLINTEGER *” do „SQLLEN *”
      C:\backkup d\OldSchool_src\Server\GameServer\FieldServer\Main\CityWar.cpp(772,119):
      Wskazane typy nie są powiązane; konwersja wymaga operatora reinterpret_cast, rzutowania w stylu języka C lub rzutowania w stylu funkcji ujętego w nawiasach
      C:\Program Files (x86)\Windows Kits\10\Include\10.0.26100.0\um\sqlext.h(2085,19):
      zobacz deklarację „SQLBindParameter”
      C:\backkup d\OldSchool_src\Server\GameServer\FieldServer\Main\CityWar.cpp(772,2):
      podczas próby dopasowania listy argumentów "(SQLHSTMT, int, int, int, int, int, int, float *, int, SQLINTEGER *)"
  
C:\backkup d\OldSchool_src\Server\GameServer\FieldServer\Main\CityWar.cpp(775,2): error C2664: „SQLRETURN SQLBindParameter(SQLHSTMT,SQLUSMALLINT,SQLSMALLINT,SQLSMALLINT,SQLSMALLINT,SQLULEN,SQLSMALLINT,SQLPOINTER,SQLLEN,SQLLEN *)”: nie można dokonać konwersji argumentu 10 z „SQLINTEGER *” do „SQLLEN *”
      C:\backkup d\OldSchool_src\Server\GameServer\FieldServer\Main\CityWar.cpp(775,138):
      Wskazane typy nie są powiązane; konwersja wymaga operatora reinterpret_cast, rzutowania w stylu języka C lub rzutowania w stylu funkcji ujętego w nawiasach
      C:\Program Files (x86)\Windows Kits\10\Include\10.0.26100.0\um\sqlext.h(2085,19):
      zobacz deklarację „SQLBindParameter”
      C:\backkup d\OldSchool_src\Server\GameServer\FieldServer\Main\CityWar.cpp(775,2):
      podczas próby dopasowania listy argumentów "(SQLHSTMT, int, int, int, int, int, int, char [30], int, SQLINTEGER *)"
  
C:\backkup d\OldSchool_src\Server\GameServer\FieldServer\Main\CityWar.cpp(778,2): error C2664: „SQLRETURN SQLBindParameter(SQLHSTMT,SQLUSMALLINT,SQLSMALLINT,SQLSMALLINT,SQLSMALLINT,SQLULEN,SQLSMALLINT,SQLPOINTER,SQLLEN,SQLLEN *)”: nie można dokonać konwersji argumentu 10 z „SQLINTEGER *” do „SQLLEN *”
      C:\backkup d\OldSchool_src\Server\GameServer\FieldServer\Main\CityWar.cpp(778,139):
      Wskazane typy nie są powiązane; konwersja wymaga operatora reinterpret_cast, rzutowania w stylu języka C lub rzutowania w stylu funkcji ujętego w nawiasach
      C:\Program Files (x86)\Windows Kits\10\Include\10.0.26100.0\um\sqlext.h(2085,19):
      zobacz deklarację „SQLBindParameter”
      C:\backkup d\OldSchool_src\Server\GameServer\FieldServer\Main\CityWar.cpp(778,2):
      podczas próby dopasowania listy argumentów "(SQLHSTMT, int, int, int, int, int, int, char [30], int, SQLINTEGER *)"
  
C:\backkup d\OldSchool_src\Server\GameServer\FieldServer\Main\CityWar.cpp(779,2): error C2664: „SQLRETURN SQLBindParameter(SQLHSTMT,SQLUSMALLINT,SQLSMALLINT,SQLSMALLINT,SQLSMALLINT,SQLULEN,SQLSMALLINT,SQLPOINTER,SQLLEN,SQLLEN *)”: nie można dokonać konwersji argumentu 10 z „SQLINTEGER *” do „SQLLEN *”
      C:\backkup d\OldSchool_src\Server\GameServer\FieldServer\Main\CityWar.cpp(779,121):
      Wskazane typy nie są powiązane; konwersja wymaga operatora reinterpret_cast, rzutowania w stylu języka C lub rzutowania w stylu funkcji ujętego w nawiasach
      C:\Program Files (x86)\Windows Kits\10\Include\10.0.26100.0\um\sqlext.h(2085,19):
      zobacz deklarację „SQLBindParameter”
      C:\backkup d\OldSchool_src\Server\GameServer\FieldServer\Main\CityWar.cpp(779,2):
      podczas próby dopasowania listy argumentów "(SQLHSTMT, int, int, int, int, int, int, INT *, int, SQLINTEGER *)"
  
C:\backkup d\OldSchool_src\Server\GameServer\FieldServer\Main\CityWar.cpp(780,2): error C2664: „SQLRETURN SQLBindParameter(SQLHSTMT,SQLUSMALLINT,SQLSMALLINT,SQLSMALLINT,SQLSMALLINT,SQLULEN,SQLSMALLINT,SQLPOINTER,SQLLEN,SQLLEN *)”: nie można dokonać konwersji argumentu 10 z „SQLINTEGER *” do „SQLLEN *”
      C:\backkup d\OldSchool_src\Server\GameServer\FieldServer\Main\CityWar.cpp(780,118):
      Wskazane typy nie są powiązane; konwersja wymaga operatora reinterpret_cast, rzutowania w stylu języka C lub rzutowania w stylu funkcji ujętego w nawiasach
      C:\Program Files (x86)\Windows Kits\10\Include\10.0.26100.0\um\sqlext.h(2085,19):
      zobacz deklarację „SQLBindParameter”
      C:\backkup d\OldSchool_src\Server\GameServer\FieldServer\Main\CityWar.cpp(780,2):
      podczas próby dopasowania listy argumentów "(SQLHSTMT, int, int, int, int, int, int, INT *, int, SQLINTEGER *)"
  
C:\backkup d\OldSchool_src\Server\GameServer\FieldServer\Main\CityWar.cpp(781,2): error C2664: „SQLRETURN SQLBindParameter(SQLHSTMT,SQLUSMALLINT,SQLSMALLINT,SQLSMALLINT,SQLSMALLINT,SQLULEN,SQLSMALLINT,SQLPOINTER,SQLLEN,SQLLEN *)”: nie można dokonać konwersji argumentu 10 z „SQLINTEGER *” do „SQLLEN *”
      C:\backkup d\OldSchool_src\Server\GameServer\FieldServer\Main\CityWar.cpp(781,139):
      Wskazane typy nie są powiązane; konwersja wymaga operatora reinterpret_cast, rzutowania w stylu języka C lub rzutowania w stylu funkcji ujętego w nawiasach
      C:\Program Files (x86)\Windows Kits\10\Include\10.0.26100.0\um\sqlext.h(2085,19):
      zobacz deklarację „SQLBindParameter”
      C:\backkup d\OldSchool_src\Server\GameServer\FieldServer\Main\CityWar.cpp(781,2):
      podczas próby dopasowania listy argumentów "(SQLHSTMT, int, int, int, int, int, int, char [100], int, SQLINTEGER *)"
  
C:\backkup d\OldSchool_src\Server\GameServer\FieldServer\Main\CityWar.cpp(814,2): error C2664: „SQLRETURN SQLBindParameter(SQLHSTMT,SQLUSMALLINT,SQLSMALLINT,SQLSMALLINT,SQLSMALLINT,SQLULEN,SQLSMALLINT,SQLPOINTER,SQLLEN,SQLLEN *)”: nie można dokonać konwersji argumentu 10 z „SQLINTEGER *” do „SQLLEN *”
      C:\backkup d\OldSchool_src\Server\GameServer\FieldServer\Main\CityWar.cpp(814,112):
      Wskazane typy nie są powiązane; konwersja wymaga operatora reinterpret_cast, rzutowania w stylu języka C lub rzutowania w stylu funkcji ujętego w nawiasach
      C:\Program Files (x86)\Windows Kits\10\Include\10.0.26100.0\um\sqlext.h(2085,19):
      zobacz deklarację „SQLBindParameter”
      C:\backkup d\OldSchool_src\Server\GameServer\FieldServer\Main\CityWar.cpp(814,2):
      podczas próby dopasowania listy argumentów "(SQLHSTMT, int, int, int, int, int, int, MapIndex_t *, int, SQLINTEGER *)"
  
C:\backkup d\OldSchool_src\Server\GameServer\FieldServer\Main\CityWar.cpp(815,2): error C2664: „SQLRETURN SQLBindParameter(SQLHSTMT,SQLUSMALLINT,SQLSMALLINT,SQLSMALLINT,SQLSMALLINT,SQLULEN,SQLSMALLINT,SQLPOINTER,SQLLEN,SQLLEN *)”: nie można dokonać konwersji argumentu 10 z „SQLINTEGER *” do „SQLLEN *”
      C:\backkup d\OldSchool_src\Server\GameServer\FieldServer\Main\CityWar.cpp(815,112):
      Wskazane typy nie są powiązane; konwersja wymaga operatora reinterpret_cast, rzutowania w stylu języka C lub rzutowania w stylu funkcji ujętego w nawiasach
      C:\Program Files (x86)\Windows Kits\10\Include\10.0.26100.0\um\sqlext.h(2085,19):
      zobacz deklarację „SQLBindParameter”
      C:\backkup d\OldSchool_src\Server\GameServer\FieldServer\Main\CityWar.cpp(815,2):
      podczas próby dopasowania listy argumentów "(SQLHSTMT, int, int, int, int, int, int, int *, int, SQLINTEGER *)"
  
C:\backkup d\OldSchool_src\Server\GameServer\FieldServer\Main\CityWar.cpp(816,2): error C2664: „SQLRETURN SQLBindParameter(SQLHSTMT,SQLUSMALLINT,SQLSMALLINT,SQLSMALLINT,SQLSMALLINT,SQLULEN,SQLSMALLINT,SQLPOINTER,SQLLEN,SQLLEN *)”: nie można dokonać konwersji argumentu 10 z „SQLINTEGER *” do „SQLLEN *”
      C:\backkup d\OldSchool_src\Server\GameServer\FieldServer\Main\CityWar.cpp(816,113):
      Wskazane typy nie są powiązane; konwersja wymaga operatora reinterpret_cast, rzutowania w stylu języka C lub rzutowania w stylu funkcji ujętego w nawiasach
      C:\Program Files (x86)\Windows Kits\10\Include\10.0.26100.0\um\sqlext.h(2085,19):
      zobacz deklarację „SQLBindParameter”
      C:\backkup d\OldSchool_src\Server\GameServer\FieldServer\Main\CityWar.cpp(816,2):
      podczas próby dopasowania listy argumentów "(SQLHSTMT, int, int, int, int, int, int, float *, int, SQLINTEGER *)"
  
C:\backkup d\OldSchool_src\Server\GameServer\FieldServer\Main\CityWar.cpp(848,2): error C2664: „SQLRETURN SQLBindParameter(SQLHSTMT,SQLUSMALLINT,SQLSMALLINT,SQLSMALLINT,SQLSMALLINT,SQLULEN,SQLSMALLINT,SQLPOINTER,SQLLEN,SQLLEN *)”: nie można dokonać konwersji argumentu 10 z „SQLINTEGER *” do „SQLLEN *”
      C:\backkup d\OldSchool_src\Server\GameServer\FieldServer\Main\CityWar.cpp(848,117):
      Wskazane typy nie są powiązane; konwersja wymaga operatora reinterpret_cast, rzutowania w stylu języka C lub rzutowania w stylu funkcji ujętego w nawiasach
      C:\Program Files (x86)\Windows Kits\10\Include\10.0.26100.0\um\sqlext.h(2085,19):
      zobacz deklarację „SQLBindParameter”
      C:\backkup d\OldSchool_src\Server\GameServer\FieldServer\Main\CityWar.cpp(848,2):
      podczas próby dopasowania listy argumentów "(SQLHSTMT, int, int, int, int, int, int, MapIndex_t *, int, SQLINTEGER *)"
  
C:\backkup d\OldSchool_src\Server\GameServer\FieldServer\Main\CityWar.cpp(849,2): error C2664: „SQLRETURN SQLBindParameter(SQLHSTMT,SQLUSMALLINT,SQLSMALLINT,SQLSMALLINT,SQLSMALLINT,SQLULEN,SQLSMALLINT,SQLPOINTER,SQLLEN,SQLLEN *)”: nie można dokonać konwersji argumentu 10 z „SQLINTEGER *” do „SQLLEN *”
      C:\backkup d\OldSchool_src\Server\GameServer\FieldServer\Main\CityWar.cpp(849,117):
      Wskazane typy nie są powiązane; konwersja wymaga operatora reinterpret_cast, rzutowania w stylu języka C lub rzutowania w stylu funkcji ujętego w nawiasach
      C:\Program Files (x86)\Windows Kits\10\Include\10.0.26100.0\um\sqlext.h(2085,19):
      zobacz deklarację „SQLBindParameter”
      C:\backkup d\OldSchool_src\Server\GameServer\FieldServer\Main\CityWar.cpp(849,2):
      podczas próby dopasowania listy argumentów "(SQLHSTMT, int, int, int, int, int, int, int *, int, SQLINTEGER *)"
  
C:\backkup d\OldSchool_src\Server\GameServer\FieldServer\Main\CityWar.cpp(852,2): error C2664: „SQLRETURN SQLBindParameter(SQLHSTMT,SQLUSMALLINT,SQLSMALLINT,SQLSMALLINT,SQLSMALLINT,SQLULEN,SQLSMALLINT,SQLPOINTER,SQLLEN,SQLLEN *)”: nie można dokonać konwersji argumentu 10 z „SQLINTEGER *” do „SQLLEN *”
      C:\backkup d\OldSchool_src\Server\GameServer\FieldServer\Main\CityWar.cpp(852,138):
      Wskazane typy nie są powiązane; konwersja wymaga operatora reinterpret_cast, rzutowania w stylu języka C lub rzutowania w stylu funkcji ujętego w nawiasach
      C:\Program Files (x86)\Windows Kits\10\Include\10.0.26100.0\um\sqlext.h(2085,19):
      zobacz deklarację „SQLBindParameter”
      C:\backkup d\OldSchool_src\Server\GameServer\FieldServer\Main\CityWar.cpp(852,2):
      podczas próby dopasowania listy argumentów "(SQLHSTMT, int, int, int, int, int, int, char [30], int, SQLINTEGER *)"
  
C:\backkup d\OldSchool_src\Server\GameServer\FieldServer\Main\CityWar.cpp(855,2): error C2664: „SQLRETURN SQLBindParameter(SQLHSTMT,SQLUSMALLINT,SQLSMALLINT,SQLSMALLINT,SQLSMALLINT,SQLULEN,SQLSMALLINT,SQLPOINTER,SQLLEN,SQLLEN *)”: nie można dokonać konwersji argumentu 10 z „SQLINTEGER *” do „SQLLEN *”
      C:\backkup d\OldSchool_src\Server\GameServer\FieldServer\Main\CityWar.cpp(855,139):
      Wskazane typy nie są powiązane; konwersja wymaga operatora reinterpret_cast, rzutowania w stylu języka C lub rzutowania w stylu funkcji ujętego w nawiasach
      C:\Program Files (x86)\Windows Kits\10\Include\10.0.26100.0\um\sqlext.h(2085,19):
      zobacz deklarację „SQLBindParameter”
      C:\backkup d\OldSchool_src\Server\GameServer\FieldServer\Main\CityWar.cpp(855,2):
      podczas próby dopasowania listy argumentów "(SQLHSTMT, int, int, int, int, int, int, char [30], int, SQLINTEGER *)"
  
C:\backkup d\OldSchool_src\Server\GameServer\FieldServer\Main\CityWar.cpp(886,2): error C2664: „SQLRETURN SQLBindParameter(SQLHSTMT,SQLUSMALLINT,SQLSMALLINT,SQLSMALLINT,SQLSMALLINT,SQLULEN,SQLSMALLINT,SQLPOINTER,SQLLEN,SQLLEN *)”: nie można dokonać konwersji argumentu 10 z „SQLINTEGER *” do „SQLLEN *”
      C:\backkup d\OldSchool_src\Server\GameServer\FieldServer\Main\CityWar.cpp(886,117):
      Wskazane typy nie są powiązane; konwersja wymaga operatora reinterpret_cast, rzutowania w stylu języka C lub rzutowania w stylu funkcji ujętego w nawiasach
      C:\Program Files (x86)\Windows Kits\10\Include\10.0.26100.0\um\sqlext.h(2085,19):
      zobacz deklarację „SQLBindParameter”
      C:\backkup d\OldSchool_src\Server\GameServer\FieldServer\Main\CityWar.cpp(886,2):
      podczas próby dopasowania listy argumentów "(SQLHSTMT, int, int, int, int, int, int, MapIndex_t *, int, SQLINTEGER *)"
  
C:\backkup d\OldSchool_src\Server\GameServer\FieldServer\Main\CityWar.cpp(887,2): error C2664: „SQLRETURN SQLBindParameter(SQLHSTMT,SQLUSMALLINT,SQLSMALLINT,SQLSMALLINT,SQLSMALLINT,SQLULEN,SQLSMALLINT,SQLPOINTER,SQLLEN,SQLLEN *)”: nie można dokonać konwersji argumentu 10 z „SQLINTEGER *” do „SQLLEN *”
      C:\backkup d\OldSchool_src\Server\GameServer\FieldServer\Main\CityWar.cpp(887,117):
      Wskazane typy nie są powiązane; konwersja wymaga operatora reinterpret_cast, rzutowania w stylu języka C lub rzutowania w stylu funkcji ujętego w nawiasach
      C:\Program Files (x86)\Windows Kits\10\Include\10.0.26100.0\um\sqlext.h(2085,19):
      zobacz deklarację „SQLBindParameter”
      C:\backkup d\OldSchool_src\Server\GameServer\FieldServer\Main\CityWar.cpp(887,2):
      podczas próby dopasowania listy argumentów "(SQLHSTMT, int, int, int, int, int, int, int *, int, SQLINTEGER *)"
  
C:\backkup d\OldSchool_src\Server\GameServer\FieldServer\Main\CityWar.cpp(888,2): error C2664: „SQLRETURN SQLBindParameter(SQLHSTMT,SQLUSMALLINT,SQLSMALLINT,SQLSMALLINT,SQLSMALLINT,SQLULEN,SQLSMALLINT,SQLPOINTER,SQLLEN,SQLLEN *)”: nie można dokonać konwersji argumentu 10 z „SQLINTEGER *” do „SQLLEN *”
      C:\backkup d\OldSchool_src\Server\GameServer\FieldServer\Main\CityWar.cpp(888,117):
      Wskazane typy nie są powiązane; konwersja wymaga operatora reinterpret_cast, rzutowania w stylu języka C lub rzutowania w stylu funkcji ujętego w nawiasach
      C:\Program Files (x86)\Windows Kits\10\Include\10.0.26100.0\um\sqlext.h(2085,19):
      zobacz deklarację „SQLBindParameter”
      C:\backkup d\OldSchool_src\Server\GameServer\FieldServer\Main\CityWar.cpp(888,2):
      podczas próby dopasowania listy argumentów "(SQLHSTMT, int, int, int, int, int, int, INT *, int, SQLINTEGER *)"
  
C:\backkup d\OldSchool_src\Server\GameServer\FieldServer\Main\CityWar.cpp(919,2): error C2664: „SQLRETURN SQLBindParameter(SQLHSTMT,SQLUSMALLINT,SQLSMALLINT,SQLSMALLINT,SQLSMALLINT,SQLULEN,SQLSMALLINT,SQLPOINTER,SQLLEN,SQLLEN *)”: nie można dokonać konwersji argumentu 10 z „SQLINTEGER *” do „SQLLEN *”
      C:\backkup d\OldSchool_src\Server\GameServer\FieldServer\Main\CityWar.cpp(919,117):
      Wskazane typy nie są powiązane; konwersja wymaga operatora reinterpret_cast, rzutowania w stylu języka C lub rzutowania w stylu funkcji ujętego w nawiasach
      C:\Program Files (x86)\Windows Kits\10\Include\10.0.26100.0\um\sqlext.h(2085,19):
      zobacz deklarację „SQLBindParameter”
      C:\backkup d\OldSchool_src\Server\GameServer\FieldServer\Main\CityWar.cpp(919,2):
      podczas próby dopasowania listy argumentów "(SQLHSTMT, int, int, int, int, int, int, MapIndex_t *, int, SQLINTEGER *)"
  
C:\backkup d\OldSchool_src\Server\GameServer\FieldServer\Main\CityWar.cpp(920,2): error C2664: „SQLRETURN SQLBindParameter(SQLHSTMT,SQLUSMALLINT,SQLSMALLINT,SQLSMALLINT,SQLSMALLINT,SQLULEN,SQLSMALLINT,SQLPOINTER,SQLLEN,SQLLEN *)”: nie można dokonać konwersji argumentu 10 z „SQLINTEGER *” do „SQLLEN *”
      C:\backkup d\OldSchool_src\Server\GameServer\FieldServer\Main\CityWar.cpp(920,117):
      Wskazane typy nie są powiązane; konwersja wymaga operatora reinterpret_cast, rzutowania w stylu języka C lub rzutowania w stylu funkcji ujętego w nawiasach
      C:\Program Files (x86)\Windows Kits\10\Include\10.0.26100.0\um\sqlext.h(2085,19):
      zobacz deklarację „SQLBindParameter”
      C:\backkup d\OldSchool_src\Server\GameServer\FieldServer\Main\CityWar.cpp(920,2):
      podczas próby dopasowania listy argumentów "(SQLHSTMT, int, int, int, int, int, int, int *, int, SQLINTEGER *)"
  
C:\backkup d\OldSchool_src\Server\GameServer\FieldServer\Main\CityWar.cpp(921,2): error C2664: „SQLRETURN SQLBindParameter(SQLHSTMT,SQLUSMALLINT,SQLSMALLINT,SQLSMALLINT,SQLSMALLINT,SQLULEN,SQLSMALLINT,SQLPOINTER,SQLLEN,SQLLEN *)”: nie można dokonać konwersji argumentu 10 z „SQLINTEGER *” do „SQLLEN *”
      C:\backkup d\OldSchool_src\Server\GameServer\FieldServer\Main\CityWar.cpp(921,138):
      Wskazane typy nie są powiązane; konwersja wymaga operatora reinterpret_cast, rzutowania w stylu języka C lub rzutowania w stylu funkcji ujętego w nawiasach
      C:\Program Files (x86)\Windows Kits\10\Include\10.0.26100.0\um\sqlext.h(2085,19):
      zobacz deklarację „SQLBindParameter”
      C:\backkup d\OldSchool_src\Server\GameServer\FieldServer\Main\CityWar.cpp(921,2):
      podczas próby dopasowania listy argumentów "(SQLHSTMT, int, int, int, int, int, int, char [100], int, SQLINTEGER *)"
  
  FieldCharacterQuest.cpp
  FieldDataManager.cpp
  FieldDebuff.cpp
C:\backkup d\OldSchool_src\Common\AtumDBHelper.cpp(496,2): error C2664: „SQLRETURN SQLBindCol(SQLHSTMT,SQLUSMALLINT,SQLSMALLINT,SQLPOINTER,SQLLEN,SQLLEN *)”: nie można dokonać konwersji argumentu 6 z „SQLINTEGER *” do „SQLLEN *”
      C:\backkup d\OldSchool_src\Common\AtumDBHelper.cpp(496,77):
      Wskazane typy nie są powiązane; konwersja wymaga operatora reinterpret_cast, rzutowania w stylu języka C lub rzutowania w stylu funkcji ujętego w nawiasach
      C:\Program Files (x86)\Windows Kits\10\Include\10.0.26100.0\um\sql.h(618,20):
      zobacz deklarację „SQLBindCol”
      C:\backkup d\OldSchool_src\Common\AtumDBHelper.cpp(496,2):
      podczas próby dopasowania listy argumentów "(SQLHSTMT, int, int, INT *, int, SQLINTEGER *)"
  
C:\backkup d\OldSchool_src\Common\AtumDBHelper.cpp(497,2): error C2664: „SQLRETURN SQLBindCol(SQLHSTMT,SQLUSMALLINT,SQLSMALLINT,SQLPOINTER,SQLLEN,SQLLEN *)”: nie można dokonać konwersji argumentu 6 z „SQLINTEGER *” do „SQLLEN *”
      C:\backkup d\OldSchool_src\Common\AtumDBHelper.cpp(497,81):
      Wskazane typy nie są powiązane; konwersja wymaga operatora reinterpret_cast, rzutowania w stylu języka C lub rzutowania w stylu funkcji ujętego w nawiasach
      C:\Program Files (x86)\Windows Kits\10\Include\10.0.26100.0\um\sql.h(618,20):
      zobacz deklarację „SQLBindCol”
      C:\backkup d\OldSchool_src\Common\AtumDBHelper.cpp(497,2):
      podczas próby dopasowania listy argumentów "(SQLHSTMT, int, int, BYTE *, int, SQLINTEGER *)"
  
C:\backkup d\OldSchool_src\Common\AtumDBHelper.cpp(498,2): error C2664: „SQLRETURN SQLBindCol(SQLHSTMT,SQLUSMALLINT,SQLSMALLINT,SQLPOINTER,SQLLEN,SQLLEN *)”: nie można dokonać konwersji argumentu 6 z „SQLINTEGER *” do „SQLLEN *”
      C:\backkup d\OldSchool_src\Common\AtumDBHelper.cpp(498,85):
      Wskazane typy nie są powiązane; konwersja wymaga operatora reinterpret_cast, rzutowania w stylu języka C lub rzutowania w stylu funkcji ujętego w nawiasach
      C:\Program Files (x86)\Windows Kits\10\Include\10.0.26100.0\um\sql.h(618,20):
      zobacz deklarację „SQLBindCol”
      C:\backkup d\OldSchool_src\Common\AtumDBHelper.cpp(498,2):
      podczas próby dopasowania listy argumentów "(SQLHSTMT, int, int, BYTE *, int, SQLINTEGER *)"
  
C:\backkup d\OldSchool_src\Common\AtumDBHelper.cpp(499,2): error C2664: „SQLRETURN SQLBindCol(SQLHSTMT,SQLUSMALLINT,SQLSMALLINT,SQLPOINTER,SQLLEN,SQLLEN *)”: nie można dokonać konwersji argumentu 6 z „SQLINTEGER *” do „SQLLEN *”
      C:\backkup d\OldSchool_src\Common\AtumDBHelper.cpp(499,94):
      Wskazane typy nie są powiązane; konwersja wymaga operatora reinterpret_cast, rzutowania w stylu języka C lub rzutowania w stylu funkcji ujętego w nawiasach
      C:\Program Files (x86)\Windows Kits\10\Include\10.0.26100.0\um\sql.h(618,20):
      zobacz deklarację „SQLBindCol”
      C:\backkup d\OldSchool_src\Common\AtumDBHelper.cpp(499,2):
      podczas próby dopasowania listy argumentów "(SQLHSTMT, int, int, BYTE *, int, SQLINTEGER *)"
  
C:\backkup d\OldSchool_src\Common\AtumDBHelper.cpp(500,2): error C2664: „SQLRETURN SQLBindCol(SQLHSTMT,SQLUSMALLINT,SQLSMALLINT,SQLPOINTER,SQLLEN,SQLLEN *)”: nie można dokonać konwersji argumentu 6 z „SQLINTEGER *” do „SQLLEN *”
      C:\backkup d\OldSchool_src\Common\AtumDBHelper.cpp(500,86):
      Wskazane typy nie są powiązane; konwersja wymaga operatora reinterpret_cast, rzutowania w stylu języka C lub rzutowania w stylu funkcji ujętego w nawiasach
      C:\Program Files (x86)\Windows Kits\10\Include\10.0.26100.0\um\sql.h(618,20):
      zobacz deklarację „SQLBindCol”
      C:\backkup d\OldSchool_src\Common\AtumDBHelper.cpp(500,2):
      podczas próby dopasowania listy argumentów "(SQLHSTMT, int, int, USHORT *, int, SQLINTEGER *)"
  
C:\backkup d\OldSchool_src\Common\AtumDBHelper.cpp(501,2): error C2664: „SQLRETURN SQLBindCol(SQLHSTMT,SQLUSMALLINT,SQLSMALLINT,SQLPOINTER,SQLLEN,SQLLEN *)”: nie można dokonać konwersji argumentu 6 z „SQLINTEGER *” do „SQLLEN *”
      C:\backkup d\OldSchool_src\Common\AtumDBHelper.cpp(501,92):
      Wskazane typy nie są powiązane; konwersja wymaga operatora reinterpret_cast, rzutowania w stylu języka C lub rzutowania w stylu funkcji ujętego w nawiasach
      C:\Program Files (x86)\Windows Kits\10\Include\10.0.26100.0\um\sql.h(618,20):
      zobacz deklarację „SQLBindCol”
      C:\backkup d\OldSchool_src\Common\AtumDBHelper.cpp(501,2):
      podczas próby dopasowania listy argumentów "(SQLHSTMT, int, int, BYTE *, int, SQLINTEGER *)"
  
C:\backkup d\OldSchool_src\Common\AtumDBHelper.cpp(541,2): error C2664: „SQLRETURN SQLBindCol(SQLHSTMT,SQLUSMALLINT,SQLSMALLINT,SQLPOINTER,SQLLEN,SQLLEN *)”: nie można dokonać konwersji argumentu 6 z „SDWORD *” do „SQLLEN *”
      C:\backkup d\OldSchool_src\Common\AtumDBHelper.cpp(541,93):
      Wskazane typy nie są powiązane; konwersja wymaga operatora reinterpret_cast, rzutowania w stylu języka C lub rzutowania w stylu funkcji ujętego w nawiasach
      C:\Program Files (x86)\Windows Kits\10\Include\10.0.26100.0\um\sql.h(618,20):
      zobacz deklarację „SQLBindCol”
      C:\backkup d\OldSchool_src\Common\AtumDBHelper.cpp(541,2):
      podczas próby dopasowania listy argumentów "(SQLHSTMT, int, int, UINT *, int, SDWORD *)"
  
C:\backkup d\OldSchool_src\Common\AtumDBHelper.cpp(543,2): error C2664: „SQLRETURN SQLBindCol(SQLHSTMT,SQLUSMALLINT,SQLSMALLINT,SQLPOINTER,SQLLEN,SQLLEN *)”: nie można dokonać konwersji argumentu 6 z „SDWORD *” do „SQLLEN *”
      C:\backkup d\OldSchool_src\Common\AtumDBHelper.cpp(543,107):
      Wskazane typy nie są powiązane; konwersja wymaga operatora reinterpret_cast, rzutowania w stylu języka C lub rzutowania w stylu funkcji ujętego w nawiasach
      C:\Program Files (x86)\Windows Kits\10\Include\10.0.26100.0\um\sql.h(618,20):
      zobacz deklarację „SQLBindCol”
      C:\backkup d\OldSchool_src\Common\AtumDBHelper.cpp(543,2):
      podczas próby dopasowania listy argumentów "(SQLHSTMT, int, int, char [40], int, SDWORD *)"
  
C:\backkup d\OldSchool_src\Common\AtumDBHelper.cpp(544,2): error C2664: „SQLRETURN SQLBindCol(SQLHSTMT,SQLUSMALLINT,SQLSMALLINT,SQLPOINTER,SQLLEN,SQLLEN *)”: nie można dokonać konwersji argumentu 6 z „SDWORD *” do „SQLLEN *”
      C:\backkup d\OldSchool_src\Common\AtumDBHelper.cpp(544,93):
      Wskazane typy nie są powiązane; konwersja wymaga operatora reinterpret_cast, rzutowania w stylu języka C lub rzutowania w stylu funkcji ujętego w nawiasach
      C:\Program Files (x86)\Windows Kits\10\Include\10.0.26100.0\um\sql.h(618,20):
      zobacz deklarację „SQLBindCol”
      C:\backkup d\OldSchool_src\Common\AtumDBHelper.cpp(544,2):
      podczas próby dopasowania listy argumentów "(SQLHSTMT, int, int, BYTE *, int, SDWORD *)"
  
C:\backkup d\OldSchool_src\Common\AtumDBHelper.cpp(546,2): error C2664: „SQLRETURN SQLBindCol(SQLHSTMT,SQLUSMALLINT,SQLSMALLINT,SQLPOINTER,SQLLEN,SQLLEN *)”: nie można dokonać konwersji argumentu 6 z „SDWORD *” do „SQLLEN *”
      C:\backkup d\OldSchool_src\Common\AtumDBHelper.cpp(546,89):
      Wskazane typy nie są powiązane; konwersja wymaga operatora reinterpret_cast, rzutowania w stylu języka C lub rzutowania w stylu funkcji ujętego w nawiasach
      C:\Program Files (x86)\Windows Kits\10\Include\10.0.26100.0\um\sql.h(618,20):
      zobacz deklarację „SQLBindCol”
      C:\backkup d\OldSchool_src\Common\AtumDBHelper.cpp(546,2):
      podczas próby dopasowania listy argumentów "(SQLHSTMT, int, int, MapIndex_t *, int, SDWORD *)"
  
C:\backkup d\OldSchool_src\Common\AtumDBHelper.cpp(547,2): error C2664: „SQLRETURN SQLBindCol(SQLHSTMT,SQLUSMALLINT,SQLSMALLINT,SQLPOINTER,SQLLEN,SQLLEN *)”: nie można dokonać konwersji argumentu 6 z „SDWORD *” do „SQLLEN *”
      C:\backkup d\OldSchool_src\Common\AtumDBHelper.cpp(547,89):
      Wskazane typy nie są powiązane; konwersja wymaga operatora reinterpret_cast, rzutowania w stylu języka C lub rzutowania w stylu funkcji ujętego w nawiasach
      C:\Program Files (x86)\Windows Kits\10\Include\10.0.26100.0\um\sql.h(618,20):
      zobacz deklarację „SQLBindCol”
      C:\backkup d\OldSchool_src\Common\AtumDBHelper.cpp(547,2):
      podczas próby dopasowania listy argumentów "(SQLHSTMT, int, int, UINT *, int, SDWORD *)"
  
C:\backkup d\OldSchool_src\Common\AtumDBHelper.cpp(549,2): error C2664: „SQLRETURN SQLBindCol(SQLHSTMT,SQLUSMALLINT,SQLSMALLINT,SQLPOINTER,SQLLEN,SQLLEN *)”: nie można dokonać konwersji argumentu 6 z „SDWORD *” do „SQLLEN *”
      C:\backkup d\OldSchool_src\Common\AtumDBHelper.cpp(549,100):
      Wskazane typy nie są powiązane; konwersja wymaga operatora reinterpret_cast, rzutowania w stylu języka C lub rzutowania w stylu funkcji ujętego w nawiasach
      C:\Program Files (x86)\Windows Kits\10\Include\10.0.26100.0\um\sql.h(618,20):
      zobacz deklarację „SQLBindCol”
      C:\backkup d\OldSchool_src\Common\AtumDBHelper.cpp(549,2):
      podczas próby dopasowania listy argumentów "(SQLHSTMT, int, int, char [40], int, SDWORD *)"
  
C:\backkup d\OldSchool_src\Common\AtumDBHelper.cpp(551,2): error C2664: „SQLRETURN SQLBindCol(SQLHSTMT,SQLUSMALLINT,SQLSMALLINT,SQLPOINTER,SQLLEN,SQLLEN *)”: nie można dokonać konwersji argumentu 6 z „SDWORD *” do „SQLLEN *”
      C:\backkup d\OldSchool_src\Common\AtumDBHelper.cpp(551,118):
      Wskazane typy nie są powiązane; konwersja wymaga operatora reinterpret_cast, rzutowania w stylu języka C lub rzutowania w stylu funkcji ujętego w nawiasach
      C:\Program Files (x86)\Windows Kits\10\Include\10.0.26100.0\um\sql.h(618,20):
      zobacz deklarację „SQLBindCol”
      C:\backkup d\OldSchool_src\Common\AtumDBHelper.cpp(551,2):
      podczas próby dopasowania listy argumentów "(SQLHSTMT, int, int, char [1000], int, SDWORD *)"
  
  FieldDot.cpp
C:\backkup d\OldSchool_src\Common\AtumDBHelper.cpp(552,2): error C2664: „SQLRETURN SQLBindCol(SQLHSTMT,SQLUSMALLINT,SQLSMALLINT,SQLPOINTER,SQLLEN,SQLLEN *)”: nie można dokonać konwersji argumentu 6 z „SDWORD *” do „SQLLEN *”
      C:\backkup d\OldSchool_src\Common\AtumDBHelper.cpp(552,96):
      Wskazane typy nie są powiązane; konwersja wymaga operatora reinterpret_cast, rzutowania w stylu języka C lub rzutowania w stylu funkcji ujętego w nawiasach
      C:\Program Files (x86)\Windows Kits\10\Include\10.0.26100.0\um\sql.h(618,20):
      zobacz deklarację „SQLBindCol”
      C:\backkup d\OldSchool_src\Common\AtumDBHelper.cpp(552,2):
      podczas próby dopasowania listy argumentów "(SQLHSTMT, int, int, MapIndex_t *, int, SDWORD *)"
  
C:\backkup d\OldSchool_src\Common\AtumDBHelper.cpp(553,2): error C2664: „SQLRETURN SQLBindCol(SQLHSTMT,SQLUSMALLINT,SQLSMALLINT,SQLPOINTER,SQLLEN,SQLLEN *)”: nie można dokonać konwersji argumentu 6 z „SDWORD *” do „SQLLEN *”
      C:\backkup d\OldSchool_src\Common\AtumDBHelper.cpp(553,95):
      Wskazane typy nie są powiązane; konwersja wymaga operatora reinterpret_cast, rzutowania w stylu języka C lub rzutowania w stylu funkcji ujętego w nawiasach
      C:\Program Files (x86)\Windows Kits\10\Include\10.0.26100.0\um\sql.h(618,20):
      zobacz deklarację „SQLBindCol”
      C:\backkup d\OldSchool_src\Common\AtumDBHelper.cpp(553,2):
      podczas próby dopasowania listy argumentów "(SQLHSTMT, int, int, INT *, int, SDWORD *)"
  
C:\backkup d\OldSchool_src\Common\AtumDBHelper.cpp(671,2): error C2664: „SQLRETURN SQLBindCol(SQLHSTMT,SQLUSMALLINT,SQLSMALLINT,SQLPOINTER,SQLLEN,SQLLEN *)”: nie można dokonać konwersji argumentu 6 z „SQLINTEGER *” do „SQLLEN *”
      C:\backkup d\OldSchool_src\Common\AtumDBHelper.cpp(671,87):
      Wskazane typy nie są powiązane; konwersja wymaga operatora reinterpret_cast, rzutowania w stylu języka C lub rzutowania w stylu funkcji ujętego w nawiasach
      C:\Program Files (x86)\Windows Kits\10\Include\10.0.26100.0\um\sql.h(618,20):
      zobacz deklarację „SQLBindCol”
      C:\backkup d\OldSchool_src\Common\AtumDBHelper.cpp(671,2):
      podczas próby dopasowania listy argumentów "(SQLHSTMT, int, int, HPActionUID_t *, int, SQLINTEGER *)"
  
C:\backkup d\OldSchool_src\Common\AtumDBHelper.cpp(672,2): error C2664: „SQLRETURN SQLBindCol(SQLHSTMT,SQLUSMALLINT,SQLSMALLINT,SQLPOINTER,SQLLEN,SQLLEN *)”: nie można dokonać konwersji argumentu 6 z „SQLINTEGER *” do „SQLLEN *”
      C:\backkup d\OldSchool_src\Common\AtumDBHelper.cpp(672,87):
      Wskazane typy nie są powiązane; konwersja wymaga operatora reinterpret_cast, rzutowania w stylu języka C lub rzutowania w stylu funkcji ujętego w nawiasach
      C:\Program Files (x86)\Windows Kits\10\Include\10.0.26100.0\um\sql.h(618,20):
      zobacz deklarację „SQLBindCol”
      C:\backkup d\OldSchool_src\Common\AtumDBHelper.cpp(672,2):
      podczas próby dopasowania listy argumentów "(SQLHSTMT, int, int, HPActionIdx_t *, int, SQLINTEGER *)"
  
C:\backkup d\OldSchool_src\Common\AtumDBHelper.cpp(673,2): error C2664: „SQLRETURN SQLBindCol(SQLHSTMT,SQLUSMALLINT,SQLSMALLINT,SQLPOINTER,SQLLEN,SQLLEN *)”: nie można dokonać konwersji argumentu 6 z „SQLINTEGER *” do „SQLLEN *”
      C:\backkup d\OldSchool_src\Common\AtumDBHelper.cpp(673,92):
      Wskazane typy nie są powiązane; konwersja wymaga operatora reinterpret_cast, rzutowania w stylu języka C lub rzutowania w stylu funkcji ujętego w nawiasach
      C:\Program Files (x86)\Windows Kits\10\Include\10.0.26100.0\um\sql.h(618,20):
      zobacz deklarację „SQLBindCol”
      C:\backkup d\OldSchool_src\Common\AtumDBHelper.cpp(673,2):
      podczas próby dopasowania listy argumentów "(SQLHSTMT, int, int, HPValueRate_t *, int, SQLINTEGER *)"
  
C:\backkup d\OldSchool_src\Common\AtumDBHelper.cpp(674,2): error C2664: „SQLRETURN SQLBindCol(SQLHSTMT,SQLUSMALLINT,SQLSMALLINT,SQLPOINTER,SQLLEN,SQLLEN *)”: nie można dokonać konwersji argumentu 6 z „SQLINTEGER *” do „SQLLEN *”
      C:\backkup d\OldSchool_src\Common\AtumDBHelper.cpp(674,92):
      Wskazane typy nie są powiązane; konwersja wymaga operatora reinterpret_cast, rzutowania w stylu języka C lub rzutowania w stylu funkcji ujętego w nawiasach
      C:\Program Files (x86)\Windows Kits\10\Include\10.0.26100.0\um\sql.h(618,20):
      zobacz deklarację „SQLBindCol”
      C:\backkup d\OldSchool_src\Common\AtumDBHelper.cpp(674,2):
      podczas próby dopasowania listy argumentów "(SQLHSTMT, int, int, HPValueRate_t *, int, SQLINTEGER *)"
  
C:\backkup d\OldSchool_src\Common\AtumDBHelper.cpp(675,2): error C2664: „SQLRETURN SQLBindCol(SQLHSTMT,SQLUSMALLINT,SQLSMALLINT,SQLPOINTER,SQLLEN,SQLLEN *)”: nie można dokonać konwersji argumentu 6 z „SQLINTEGER *” do „SQLLEN *”
      C:\backkup d\OldSchool_src\Common\AtumDBHelper.cpp(675,91):
      Wskazane typy nie są powiązane; konwersja wymaga operatora reinterpret_cast, rzutowania w stylu języka C lub rzutowania w stylu funkcji ujętego w nawiasach
      C:\Program Files (x86)\Windows Kits\10\Include\10.0.26100.0\um\sql.h(618,20):
      zobacz deklarację „SQLBindCol”
      C:\backkup d\OldSchool_src\Common\AtumDBHelper.cpp(675,2):
      podczas próby dopasowania listy argumentów "(SQLHSTMT, int, int, ItemIdx_t *, int, SQLINTEGER *)"
  
C:\backkup d\OldSchool_src\Common\AtumDBHelper.cpp(676,2): error C2664: „SQLRETURN SQLBindCol(SQLHSTMT,SQLUSMALLINT,SQLSMALLINT,SQLPOINTER,SQLLEN,SQLLEN *)”: nie można dokonać konwersji argumentu 6 z „SQLINTEGER *” do „SQLLEN *”
      C:\backkup d\OldSchool_src\Common\AtumDBHelper.cpp(676,93):
      Wskazane typy nie są powiązane; konwersja wymaga operatora reinterpret_cast, rzutowania w stylu języka C lub rzutowania w stylu funkcji ujętego w nawiasach
      C:\Program Files (x86)\Windows Kits\10\Include\10.0.26100.0\um\sql.h(618,20):
      zobacz deklarację „SQLBindCol”
      C:\backkup d\OldSchool_src\Common\AtumDBHelper.cpp(676,2):
      podczas próby dopasowania listy argumentów "(SQLHSTMT, int, int, ItemIdx_t *, int, SQLINTEGER *)"
  
C:\backkup d\OldSchool_src\Common\AtumDBHelper.cpp(677,2): error C2664: „SQLRETURN SQLBindCol(SQLHSTMT,SQLUSMALLINT,SQLSMALLINT,SQLPOINTER,SQLLEN,SQLLEN *)”: nie można dokonać konwersji argumentu 6 z „SQLINTEGER *” do „SQLLEN *”
      C:\backkup d\OldSchool_src\Common\AtumDBHelper.cpp(677,87):
      Wskazane typy nie są powiązane; konwersja wymaga operatora reinterpret_cast, rzutowania w stylu języka C lub rzutowania w stylu funkcji ujętego w nawiasach
      C:\Program Files (x86)\Windows Kits\10\Include\10.0.26100.0\um\sql.h(618,20):
      zobacz deklarację „SQLBindCol”
      C:\backkup d\OldSchool_src\Common\AtumDBHelper.cpp(677,2):
      podczas próby dopasowania listy argumentów "(SQLHSTMT, int, int, HPHitRate_t *, int, SQLINTEGER *)"
  
C:\backkup d\OldSchool_src\Common\AtumDBHelper.cpp(678,2): error C2664: „SQLRETURN SQLBindCol(SQLHSTMT,SQLUSMALLINT,SQLSMALLINT,SQLPOINTER,SQLLEN,SQLLEN *)”: nie można dokonać konwersji argumentu 6 z „SQLINTEGER *” do „SQLLEN *”
      C:\backkup d\OldSchool_src\Common\AtumDBHelper.cpp(678,85):
      Wskazane typy nie są powiązane; konwersja wymaga operatora reinterpret_cast, rzutowania w stylu języka C lub rzutowania w stylu funkcji ujętego w nawiasach
      C:\Program Files (x86)\Windows Kits\10\Include\10.0.26100.0\um\sql.h(618,20):
      zobacz deklarację „SQLBindCol”
      C:\backkup d\OldSchool_src\Common\AtumDBHelper.cpp(678,2):
      podczas próby dopasowania listy argumentów "(SQLHSTMT, int, int, HPUseCount_t *, int, SQLINTEGER *)"
  
  FieldGlobal.cpp
C:\backkup d\OldSchool_src\Common\AtumDBHelper.cpp(679,2): error C2664: „SQLRETURN SQLBindCol(SQLHSTMT,SQLUSMALLINT,SQLSMALLINT,SQLPOINTER,SQLLEN,SQLLEN *)”: nie można dokonać konwersji argumentu 6 z „SQLINTEGER *” do „SQLLEN *”
      C:\backkup d\OldSchool_src\Common\AtumDBHelper.cpp(679,93):
      Wskazane typy nie są powiązane; konwersja wymaga operatora reinterpret_cast, rzutowania w stylu języka C lub rzutowania w stylu funkcji ujętego w nawiasach
      C:\Program Files (x86)\Windows Kits\10\Include\10.0.26100.0\um\sql.h(618,20):
      zobacz deklarację „SQLBindCol”
      C:\backkup d\OldSchool_src\Common\AtumDBHelper.cpp(679,2):
      podczas próby dopasowania listy argumentów "(SQLHSTMT, int, int, eHPACTION_TALK_CONDITION *, int, SQLINTEGER *)"
  
C:\backkup d\OldSchool_src\Common\AtumDBHelper.cpp(680,2): error C2664: „SQLRETURN SQLBindCol(SQLHSTMT,SQLUSMALLINT,SQLSMALLINT,SQLPOINTER,SQLLEN,SQLLEN *)”: nie można dokonać konwersji argumentu 6 z „SQLINTEGER *” do „SQLLEN *”
      C:\backkup d\OldSchool_src\Common\AtumDBHelper.cpp(680,95):
      Wskazane typy nie są powiązane; konwersja wymaga operatora reinterpret_cast, rzutowania w stylu języka C lub rzutowania w stylu funkcji ujętego w nawiasach
      C:\Program Files (x86)\Windows Kits\10\Include\10.0.26100.0\um\sql.h(618,20):
      zobacz deklarację „SQLBindCol”
      C:\backkup d\OldSchool_src\Common\AtumDBHelper.cpp(680,2):
      podczas próby dopasowania listy argumentów "(SQLHSTMT, int, int, eHPACTION_TALK_IMPORTANCE *, int, SQLINTEGER *)"
  
C:\backkup d\OldSchool_src\Common\AtumDBHelper.cpp(681,2): error C2664: „SQLRETURN SQLBindCol(SQLHSTMT,SQLUSMALLINT,SQLSMALLINT,SQLPOINTER,SQLLEN,SQLLEN *)”: nie można dokonać konwersji argumentu 6 z „SQLINTEGER *” do „SQLLEN *”
      C:\backkup d\OldSchool_src\Common\AtumDBHelper.cpp(681,93):
      Wskazane typy nie są powiązane; konwersja wymaga operatora reinterpret_cast, rzutowania w stylu języka C lub rzutowania w stylu funkcji ujętego w nawiasach
      C:\Program Files (x86)\Windows Kits\10\Include\10.0.26100.0\um\sql.h(618,20):
      zobacz deklarację „SQLBindCol”
      C:\backkup d\OldSchool_src\Common\AtumDBHelper.cpp(681,2):
      podczas próby dopasowania listy argumentów "(SQLHSTMT, int, int, MSec_t *, int, SQLINTEGER *)"
  
C:\backkup d\OldSchool_src\Common\AtumDBHelper.cpp(682,2): error C2664: „SQLRETURN SQLBindCol(SQLHSTMT,SQLUSMALLINT,SQLSMALLINT,SQLPOINTER,SQLLEN,SQLLEN *)”: nie można dokonać konwersji argumentu 6 z „SQLINTEGER *” do „SQLLEN *”
      C:\backkup d\OldSchool_src\Common\AtumDBHelper.cpp(682,104):
      Wskazane typy nie są powiązane; konwersja wymaga operatora reinterpret_cast, rzutowania w stylu języka C lub rzutowania w stylu funkcji ujętego w nawiasach
      C:\Program Files (x86)\Windows Kits\10\Include\10.0.26100.0\um\sql.h(618,20):
      zobacz deklarację „SQLBindCol”
      C:\backkup d\OldSchool_src\Common\AtumDBHelper.cpp(682,2):
      podczas próby dopasowania listy argumentów "(SQLHSTMT, int, int, HPTalk_t [200], int, SQLINTEGER *)"
  
C:\backkup d\OldSchool_src\Common\AtumDBHelper.cpp(683,2): error C2664: „SQLRETURN SQLBindCol(SQLHSTMT,SQLUSMALLINT,SQLSMALLINT,SQLPOINTER,SQLLEN,SQLLEN *)”: nie można dokonać konwersji argumentu 6 z „SQLINTEGER *” do „SQLLEN *”
      C:\backkup d\OldSchool_src\Common\AtumDBHelper.cpp(683,91):
      Wskazane typy nie są powiązane; konwersja wymaga operatora reinterpret_cast, rzutowania w stylu języka C lub rzutowania w stylu funkcji ujętego w nawiasach
      C:\Program Files (x86)\Windows Kits\10\Include\10.0.26100.0\um\sql.h(618,20):
      zobacz deklarację „SQLBindCol”
      C:\backkup d\OldSchool_src\Common\AtumDBHelper.cpp(683,2):
      podczas próby dopasowania listy argumentów "(SQLHSTMT, int, int, MSec_t *, int, SQLINTEGER *)"
  
C:\backkup d\OldSchool_src\Common\AtumDBHelper.cpp(684,2): error C2664: „SQLRETURN SQLBindCol(SQLHSTMT,SQLUSMALLINT,SQLSMALLINT,SQLPOINTER,SQLLEN,SQLLEN *)”: nie można dokonać konwersji argumentu 6 z „SQLINTEGER *” do „SQLLEN *”
      C:\backkup d\OldSchool_src\Common\AtumDBHelper.cpp(684,102):
      Wskazane typy nie są powiązane; konwersja wymaga operatora reinterpret_cast, rzutowania w stylu języka C lub rzutowania w stylu funkcji ujętego w nawiasach
      C:\Program Files (x86)\Windows Kits\10\Include\10.0.26100.0\um\sql.h(618,20):
      zobacz deklarację „SQLBindCol”
      C:\backkup d\OldSchool_src\Common\AtumDBHelper.cpp(684,2):
      podczas próby dopasowania listy argumentów "(SQLHSTMT, int, int, HPTalk_t [200], int, SQLINTEGER *)"
  
C:\backkup d\OldSchool_src\Common\AtumDBHelper.cpp(755,2): error C2664: „SQLRETURN SQLBindCol(SQLHSTMT,SQLUSMALLINT,SQLSMALLINT,SQLPOINTER,SQLLEN,SQLLEN *)”: nie można dokonać konwersji argumentu 6 z „SQLINTEGER *” do „SQLLEN *”
      C:\backkup d\OldSchool_src\Common\AtumDBHelper.cpp(755,93):
      Wskazane typy nie są powiązane; konwersja wymaga operatora reinterpret_cast, rzutowania w stylu języka C lub rzutowania w stylu funkcji ujętego w nawiasach
      C:\Program Files (x86)\Windows Kits\10\Include\10.0.26100.0\um\sql.h(618,20):
      zobacz deklarację „SQLBindCol”
      C:\backkup d\OldSchool_src\Common\AtumDBHelper.cpp(755,2):
      podczas próby dopasowania listy argumentów "(SQLHSTMT, int, int, InfiModeUID_t *, int, SQLINTEGER *)"
  
C:\backkup d\OldSchool_src\Common\AtumDBHelper.cpp(756,2): error C2664: „SQLRETURN SQLBindCol(SQLHSTMT,SQLUSMALLINT,SQLSMALLINT,SQLPOINTER,SQLLEN,SQLLEN *)”: nie można dokonać konwersji argumentu 6 z „SQLINTEGER *” do „SQLLEN *”
      C:\backkup d\OldSchool_src\Common\AtumDBHelper.cpp(756,92):
      Wskazane typy nie są powiązane; konwersja wymaga operatora reinterpret_cast, rzutowania w stylu języka C lub rzutowania w stylu funkcji ujętego w nawiasach
      C:\Program Files (x86)\Windows Kits\10\Include\10.0.26100.0\um\sql.h(618,20):
      zobacz deklarację „SQLBindCol”
      C:\backkup d\OldSchool_src\Common\AtumDBHelper.cpp(756,2):
      podczas próby dopasowania listy argumentów "(SQLHSTMT, int, int, eINFINITY_MODE *, int, SQLINTEGER *)"
  
C:\backkup d\OldSchool_src\Common\AtumDBHelper.cpp(757,2): error C2664: „SQLRETURN SQLBindCol(SQLHSTMT,SQLUSMALLINT,SQLSMALLINT,SQLPOINTER,SQLLEN,SQLLEN *)”: nie można dokonać konwersji argumentu 6 z „SQLINTEGER *” do „SQLLEN *”
      C:\backkup d\OldSchool_src\Common\AtumDBHelper.cpp(757,86):
      Wskazane typy nie są powiązane; konwersja wymaga operatora reinterpret_cast, rzutowania w stylu języka C lub rzutowania w stylu funkcji ujętego w nawiasach
      C:\Program Files (x86)\Windows Kits\10\Include\10.0.26100.0\um\sql.h(618,20):
      zobacz deklarację „SQLBindCol”
      C:\backkup d\OldSchool_src\Common\AtumDBHelper.cpp(757,2):
      podczas próby dopasowania listy argumentów "(SQLHSTMT, int, int, MapIndex_t *, int, SQLINTEGER *)"
  
C:\backkup d\OldSchool_src\Common\AtumDBHelper.cpp(758,2): error C2664: „SQLRETURN SQLBindCol(SQLHSTMT,SQLUSMALLINT,SQLSMALLINT,SQLPOINTER,SQLLEN,SQLLEN *)”: nie można dokonać konwersji argumentu 6 z „SQLINTEGER *” do „SQLLEN *”
      C:\backkup d\OldSchool_src\Common\AtumDBHelper.cpp(758,95):
      Wskazane typy nie są powiązane; konwersja wymaga operatora reinterpret_cast, rzutowania w stylu języka C lub rzutowania w stylu funkcji ujętego w nawiasach
      C:\Program Files (x86)\Windows Kits\10\Include\10.0.26100.0\um\sql.h(618,20):
      zobacz deklarację „SQLBindCol”
      C:\backkup d\OldSchool_src\Common\AtumDBHelper.cpp(758,2):
      podczas próby dopasowania listy argumentów "(SQLHSTMT, int, int, MonIdx_t *, int, SQLINTEGER *)"
  
C:\backkup d\OldSchool_src\Common\AtumDBHelper.cpp(759,2): error C2664: „SQLRETURN SQLBindCol(SQLHSTMT,SQLUSMALLINT,SQLSMALLINT,SQLPOINTER,SQLLEN,SQLLEN *)”: nie można dokonać konwersji argumentu 6 z „SQLINTEGER *” do „SQLLEN *”
      C:\backkup d\OldSchool_src\Common\AtumDBHelper.cpp(759,89):
      Wskazane typy nie są powiązane; konwersja wymaga operatora reinterpret_cast, rzutowania w stylu języka C lub rzutowania w stylu funkcji ujętego w nawiasach
      C:\Program Files (x86)\Windows Kits\10\Include\10.0.26100.0\um\sql.h(618,20):
      zobacz deklarację „SQLBindCol”
      C:\backkup d\OldSchool_src\Common\AtumDBHelper.cpp(759,2):
      podczas próby dopasowania listy argumentów "(SQLHSTMT, int, int, CinemaNum_t *, int, SQLINTEGER *)"
  
C:\backkup d\OldSchool_src\Common\AtumDBHelper.cpp(760,2): error C2664: „SQLRETURN SQLBindCol(SQLHSTMT,SQLUSMALLINT,SQLSMALLINT,SQLPOINTER,SQLLEN,SQLLEN *)”: nie można dokonać konwersji argumentu 6 z „SQLINTEGER *” do „SQLLEN *”
      C:\backkup d\OldSchool_src\Common\AtumDBHelper.cpp(760,90):
      Wskazane typy nie są powiązane; konwersja wymaga operatora reinterpret_cast, rzutowania w stylu języka C lub rzutowania w stylu funkcji ujętego w nawiasach
      C:\Program Files (x86)\Windows Kits\10\Include\10.0.26100.0\um\sql.h(618,20):
      zobacz deklarację „SQLBindCol”
      C:\backkup d\OldSchool_src\Common\AtumDBHelper.cpp(760,2):
      podczas próby dopasowania listy argumentów "(SQLHSTMT, int, int, RevisionNum_t *, int, SQLINTEGER *)"
  
C:\backkup d\OldSchool_src\Common\AtumDBHelper.cpp(761,2): error C2664: „SQLRETURN SQLBindCol(SQLHSTMT,SQLUSMALLINT,SQLSMALLINT,SQLPOINTER,SQLLEN,SQLLEN *)”: nie można dokonać konwersji argumentu 6 z „SQLINTEGER *” do „SQLLEN *”
      C:\backkup d\OldSchool_src\Common\AtumDBHelper.cpp(761,92):
      Wskazane typy nie są powiązane; konwersja wymaga operatora reinterpret_cast, rzutowania w stylu języka C lub rzutowania w stylu funkcji ujętego w nawiasach
      C:\Program Files (x86)\Windows Kits\10\Include\10.0.26100.0\um\sql.h(618,20):
      zobacz deklarację „SQLBindCol”
      C:\backkup d\OldSchool_src\Common\AtumDBHelper.cpp(761,2):
      podczas próby dopasowania listy argumentów "(SQLHSTMT, int, int, ResetCycle_t *, int, SQLINTEGER *)"
  
C:\backkup d\OldSchool_src\Common\AtumDBHelper.cpp(762,2): error C2664: „SQLRETURN SQLBindCol(SQLHSTMT,SQLUSMALLINT,SQLSMALLINT,SQLPOINTER,SQLLEN,SQLLEN *)”: nie można dokonać konwersji argumentu 6 z „SQLINTEGER *” do „SQLLEN *”
      C:\backkup d\OldSchool_src\Common\AtumDBHelper.cpp(762,94):
      Wskazane typy nie są powiązane; konwersja wymaga operatora reinterpret_cast, rzutowania w stylu języka C lub rzutowania w stylu funkcji ujętego w nawiasach
      C:\Program Files (x86)\Windows Kits\10\Include\10.0.26100.0\um\sql.h(618,20):
      zobacz deklarację „SQLBindCol”
      C:\backkup d\OldSchool_src\Common\AtumDBHelper.cpp(762,2):
      podczas próby dopasowania listy argumentów "(SQLHSTMT, int, int, EntranceCount_t *, int, SQLINTEGER *)"
  
C:\backkup d\OldSchool_src\Common\AtumDBHelper.cpp(763,2): error C2664: „SQLRETURN SQLBindCol(SQLHSTMT,SQLUSMALLINT,SQLSMALLINT,SQLPOINTER,SQLLEN,SQLLEN *)”: nie można dokonać konwersji argumentu 6 z „SQLINTEGER *” do „SQLLEN *”
      C:\backkup d\OldSchool_src\Common\AtumDBHelper.cpp(763,89):
      Wskazane typy nie są powiązane; konwersja wymaga operatora reinterpret_cast, rzutowania w stylu języka C lub rzutowania w stylu funkcji ujętego w nawiasach
      C:\Program Files (x86)\Windows Kits\10\Include\10.0.26100.0\um\sql.h(618,20):
      zobacz deklarację „SQLBindCol”
      C:\backkup d\OldSchool_src\Common\AtumDBHelper.cpp(763,2):
      podczas próby dopasowania listy argumentów "(SQLHSTMT, int, int, MSec_t *, int, SQLINTEGER *)"
  
C:\backkup d\OldSchool_src\Common\AtumDBHelper.cpp(764,2): error C2664: „SQLRETURN SQLBindCol(SQLHSTMT,SQLUSMALLINT,SQLSMALLINT,SQLPOINTER,SQLLEN,SQLLEN *)”: nie można dokonać konwersji argumentu 6 z „SQLINTEGER *” do „SQLLEN *”
      C:\backkup d\OldSchool_src\Common\AtumDBHelper.cpp(764,89):
      Wskazane typy nie są powiązane; konwersja wymaga operatora reinterpret_cast, rzutowania w stylu języka C lub rzutowania w stylu funkcji ujętego w nawiasach
      C:\Program Files (x86)\Windows Kits\10\Include\10.0.26100.0\um\sql.h(618,20):
      zobacz deklarację „SQLBindCol”
      C:\backkup d\OldSchool_src\Common\AtumDBHelper.cpp(764,2):
      podczas próby dopasowania listy argumentów "(SQLHSTMT, int, int, Lv_t *, int, SQLINTEGER *)"
  
C:\backkup d\OldSchool_src\Common\AtumDBHelper.cpp(765,2): error C2664: „SQLRETURN SQLBindCol(SQLHSTMT,SQLUSMALLINT,SQLSMALLINT,SQLPOINTER,SQLLEN,SQLLEN *)”: nie można dokonać konwersji argumentu 6 z „SQLINTEGER *” do „SQLLEN *”
      C:\backkup d\OldSchool_src\Common\AtumDBHelper.cpp(765,89):
      Wskazane typy nie są powiązane; konwersja wymaga operatora reinterpret_cast, rzutowania w stylu języka C lub rzutowania w stylu funkcji ujętego w nawiasach
      C:\Program Files (x86)\Windows Kits\10\Include\10.0.26100.0\um\sql.h(618,20):
      zobacz deklarację „SQLBindCol”
      C:\backkup d\OldSchool_src\Common\AtumDBHelper.cpp(765,2):
      podczas próby dopasowania listy argumentów "(SQLHSTMT, int, int, Lv_t *, int, SQLINTEGER *)"
  
C:\backkup d\OldSchool_src\Common\AtumDBHelper.cpp(766,2): error C2664: „SQLRETURN SQLBindCol(SQLHSTMT,SQLUSMALLINT,SQLSMALLINT,SQLPOINTER,SQLLEN,SQLLEN *)”: nie można dokonać konwersji argumentu 6 z „SQLINTEGER *” do „SQLLEN *”
      C:\backkup d\OldSchool_src\Common\AtumDBHelper.cpp(766,98):
      Wskazane typy nie są powiązane; konwersja wymaga operatora reinterpret_cast, rzutowania w stylu języka C lub rzutowania w stylu funkcji ujętego w nawiasach
      C:\Program Files (x86)\Windows Kits\10\Include\10.0.26100.0\um\sql.h(618,20):
      zobacz deklarację „SQLBindCol”
      C:\backkup d\OldSchool_src\Common\AtumDBHelper.cpp(766,2):
      podczas próby dopasowania listy argumentów "(SQLHSTMT, int, int, AdmissionCount_t *, int, SQLINTEGER *)"
  
C:\backkup d\OldSchool_src\Common\AtumDBHelper.cpp(767,2): error C2664: „SQLRETURN SQLBindCol(SQLHSTMT,SQLUSMALLINT,SQLSMALLINT,SQLPOINTER,SQLLEN,SQLLEN *)”: nie można dokonać konwersji argumentu 6 z „SQLINTEGER *” do „SQLLEN *”
      C:\backkup d\OldSchool_src\Common\AtumDBHelper.cpp(767,98):
      Wskazane typy nie są powiązane; konwersja wymaga operatora reinterpret_cast, rzutowania w stylu języka C lub rzutowania w stylu funkcji ujętego w nawiasach
      C:\Program Files (x86)\Windows Kits\10\Include\10.0.26100.0\um\sql.h(618,20):
      zobacz deklarację „SQLBindCol”
      C:\backkup d\OldSchool_src\Common\AtumDBHelper.cpp(767,2):
      podczas próby dopasowania listy argumentów "(SQLHSTMT, int, int, AdmissionCount_t *, int, SQLINTEGER *)"
  
C:\backkup d\OldSchool_src\Common\AtumDBHelper.cpp(768,2): error C2664: „SQLRETURN SQLBindCol(SQLHSTMT,SQLUSMALLINT,SQLSMALLINT,SQLPOINTER,SQLLEN,SQLLEN *)”: nie można dokonać konwersji argumentu 6 z „SQLINTEGER *” do „SQLLEN *”
      C:\backkup d\OldSchool_src\Common\AtumDBHelper.cpp(768,94):
      Wskazane typy nie są powiązane; konwersja wymaga operatora reinterpret_cast, rzutowania w stylu języka C lub rzutowania w stylu funkcji ujętego w nawiasach
      C:\Program Files (x86)\Windows Kits\10\Include\10.0.26100.0\um\sql.h(618,20):
      zobacz deklarację „SQLBindCol”
      C:\backkup d\OldSchool_src\Common\AtumDBHelper.cpp(768,2):
      podczas próby dopasowania listy argumentów "(SQLHSTMT, int, int, Minute_t *, int, SQLINTEGER *)"
  
C:\backkup d\OldSchool_src\Common\AtumDBHelper.cpp(769,2): error C2664: „SQLRETURN SQLBindCol(SQLHSTMT,SQLUSMALLINT,SQLSMALLINT,SQLPOINTER,SQLLEN,SQLLEN *)”: nie można dokonać konwersji argumentu 6 z „SQLINTEGER *” do „SQLLEN *”
      C:\backkup d\OldSchool_src\Common\AtumDBHelper.cpp(769,92):
      Wskazane typy nie są powiązane; konwersja wymaga operatora reinterpret_cast, rzutowania w stylu języka C lub rzutowania w stylu funkcji ujętego w nawiasach
      C:\Program Files (x86)\Windows Kits\10\Include\10.0.26100.0\um\sql.h(618,20):
      zobacz deklarację „SQLBindCol”
      C:\backkup d\OldSchool_src\Common\AtumDBHelper.cpp(769,2):
      podczas próby dopasowania listy argumentów "(SQLHSTMT, int, int, Penalty_t *, int, SQLINTEGER *)"
  
  FieldIOCP.cpp
  FieldIOCPSocket.cpp
C:\backkup d\OldSchool_src\Common\AtumDBHelper.cpp(816,2): error C2664: „SQLRETURN SQLBindCol(SQLHSTMT,SQLUSMALLINT,SQLSMALLINT,SQLPOINTER,SQLLEN,SQLLEN *)”: nie można dokonać konwersji argumentu 6 z „SQLINTEGER *” do „SQLLEN *”
      C:\backkup d\OldSchool_src\Common\AtumDBHelper.cpp(816,72):
      Wskazane typy nie są powiązane; konwersja wymaga operatora reinterpret_cast, rzutowania w stylu języka C lub rzutowania w stylu funkcji ujętego w nawiasach
      C:\Program Files (x86)\Windows Kits\10\Include\10.0.26100.0\um\sql.h(618,20):
      zobacz deklarację „SQLBindCol”
      C:\backkup d\OldSchool_src\Common\AtumDBHelper.cpp(816,2):
      podczas próby dopasowania listy argumentów "(SQLHSTMT, int, int, INT *, int, SQLINTEGER *)"
  
  FieldIOCPSocket2.cpp
C:\backkup d\OldSchool_src\Common\AtumDBHelper.cpp(816,2): error C1003: Licznik błędów przekracza 100; zatrzymywanie kompilacji
  FieldItemManager.cpp
  FieldMapChannel.cpp
  FieldMapProject.cpp
  FieldMapWorkspace.cpp
  FieldMonster.cpp
  FieldODBC.cpp
  FieldParty.cpp
  FieldServer.cpp
  FieldSkillManager.cpp
  FieldTickManager.cpp
  FieldTimerManager.cpp
  GameDataLast.cpp
C:\backkup d\OldSchool_src\Server\GameServer\FieldServer\main\AtumFieldDBManager.cpp(416,2): error C2664: „SQLRETURN SQLBindCol(SQLHSTMT,SQLUSMALLINT,SQLSMALLINT,SQLPOINTER,SQLLEN,SQLLEN *)”: nie można dokonać konwersji argumentu 6 z „SQLINTEGER *” do „SQLLEN *”
      C:\backkup d\OldSchool_src\Server\GameServer\FieldServer\main\AtumFieldDBManager.cpp(416,57):
      Wskazane typy nie są powiązane; konwersja wymaga operatora reinterpret_cast, rzutowania w stylu języka C lub rzutowania w stylu funkcji ujętego w nawiasach
      C:\Program Files (x86)\Windows Kits\10\Include\10.0.26100.0\um\sql.h(618,20):
      zobacz deklarację „SQLBindCol”
      C:\backkup d\OldSchool_src\Server\GameServer\FieldServer\main\AtumFieldDBManager.cpp(416,2):
      podczas próby dopasowania listy argumentów "(SQLHSTMT, int, int, int *, int, SQLINTEGER *)"
  
C:\backkup d\OldSchool_src\Server\GameServer\FieldServer\main\AtumFieldDBManager.cpp(417,2): error C2664: „SQLRETURN SQLBindCol(SQLHSTMT,SQLUSMALLINT,SQLSMALLINT,SQLPOINTER,SQLLEN,SQLLEN *)”: nie można dokonać konwersji argumentu 6 z „SQLINTEGER *” do „SQLLEN *”
      C:\backkup d\OldSchool_src\Server\GameServer\FieldServer\main\AtumFieldDBManager.cpp(417,53):
      Wskazane typy nie są powiązane; konwersja wymaga operatora reinterpret_cast, rzutowania w stylu języka C lub rzutowania w stylu funkcji ujętego w nawiasach
      C:\Program Files (x86)\Windows Kits\10\Include\10.0.26100.0\um\sql.h(618,20):
      zobacz deklarację „SQLBindCol”
      C:\backkup d\OldSchool_src\Server\GameServer\FieldServer\main\AtumFieldDBManager.cpp(417,2):
      podczas próby dopasowania listy argumentów "(SQLHSTMT, int, int, int *, int, SQLINTEGER *)"
  
C:\backkup d\OldSchool_src\Server\GameServer\FieldServer\main\AtumFieldDBManager.cpp(418,2): error C2664: „SQLRETURN SQLBindCol(SQLHSTMT,SQLUSMALLINT,SQLSMALLINT,SQLPOINTER,SQLLEN,SQLLEN *)”: nie można dokonać konwersji argumentu 6 z „SQLINTEGER *” do „SQLLEN *”
      C:\backkup d\OldSchool_src\Server\GameServer\FieldServer\main\AtumFieldDBManager.cpp(418,55):
      Wskazane typy nie są powiązane; konwersja wymaga operatora reinterpret_cast, rzutowania w stylu języka C lub rzutowania w stylu funkcji ujętego w nawiasach
      C:\Program Files (x86)\Windows Kits\10\Include\10.0.26100.0\um\sql.h(618,20):
      zobacz deklarację „SQLBindCol”
      C:\backkup d\OldSchool_src\Server\GameServer\FieldServer\main\AtumFieldDBManager.cpp(418,2):
      podczas próby dopasowania listy argumentów "(SQLHSTMT, int, int, int *, int, SQLINTEGER *)"
  
C:\backkup d\OldSchool_src\Server\GameServer\FieldServer\main\AtumFieldDBManager.cpp(419,2): error C2664: „SQLRETURN SQLBindCol(SQLHSTMT,SQLUSMALLINT,SQLSMALLINT,SQLPOINTER,SQLLEN,SQLLEN *)”: nie można dokonać konwersji argumentu 6 z „SQLINTEGER *” do „SQLLEN *”
      C:\backkup d\OldSchool_src\Server\GameServer\FieldServer\main\AtumFieldDBManager.cpp(419,58):
      Wskazane typy nie są powiązane; konwersja wymaga operatora reinterpret_cast, rzutowania w stylu języka C lub rzutowania w stylu funkcji ujętego w nawiasach
      C:\Program Files (x86)\Windows Kits\10\Include\10.0.26100.0\um\sql.h(618,20):
      zobacz deklarację „SQLBindCol”
      C:\backkup d\OldSchool_src\Server\GameServer\FieldServer\main\AtumFieldDBManager.cpp(419,2):
      podczas próby dopasowania listy argumentów "(SQLHSTMT, int, int, int *, int, SQLINTEGER *)"
  
C:\backkup d\OldSchool_src\Server\GameServer\FieldServer\main\AtumFieldDBManager.cpp(520,2): error C2664: „SQLRETURN SQLBindCol(SQLHSTMT,SQLUSMALLINT,SQLSMALLINT,SQLPOINTER,SQLLEN,SQLLEN *)”: nie można dokonać konwersji argumentu 6 z „SQLINTEGER *” do „SQLLEN *”
      C:\backkup d\OldSchool_src\Server\GameServer\FieldServer\main\AtumFieldDBManager.cpp(520,85):
      Wskazane typy nie są powiązane; konwersja wymaga operatora reinterpret_cast, rzutowania w stylu języka C lub rzutowania w stylu funkcji ujętego w nawiasach
      C:\Program Files (x86)\Windows Kits\10\Include\10.0.26100.0\um\sql.h(618,20):
      zobacz deklarację „SQLBindCol”
      C:\backkup d\OldSchool_src\Server\GameServer\FieldServer\main\AtumFieldDBManager.cpp(520,2):
      podczas próby dopasowania listy argumentów "(SQLHSTMT, int, int, BYTE *, int, SQLINTEGER *)"
  
C:\backkup d\OldSchool_src\Server\GameServer\FieldServer\main\AtumFieldDBManager.cpp(521,2): error C2664: „SQLRETURN SQLBindCol(SQLHSTMT,SQLUSMALLINT,SQLSMALLINT,SQLPOINTER,SQLLEN,SQLLEN *)”: nie można dokonać konwersji argumentu 6 z „SQLINTEGER *” do „SQLLEN *”
      C:\backkup d\OldSchool_src\Server\GameServer\FieldServer\main\AtumFieldDBManager.cpp(521,82):
      Wskazane typy nie są powiązane; konwersja wymaga operatora reinterpret_cast, rzutowania w stylu języka C lub rzutowania w stylu funkcji ujętego w nawiasach
      C:\Program Files (x86)\Windows Kits\10\Include\10.0.26100.0\um\sql.h(618,20):
      zobacz deklarację „SQLBindCol”
      C:\backkup d\OldSchool_src\Server\GameServer\FieldServer\main\AtumFieldDBManager.cpp(521,2):
      podczas próby dopasowania listy argumentów "(SQLHSTMT, int, int, INT *, int, SQLINTEGER *)"
  
C:\backkup d\OldSchool_src\Server\GameServer\FieldServer\main\AtumFieldDBManager.cpp(522,2): error C2664: „SQLRETURN SQLBindCol(SQLHSTMT,SQLUSMALLINT,SQLSMALLINT,SQLPOINTER,SQLLEN,SQLLEN *)”: nie można dokonać konwersji argumentu 6 z „SQLINTEGER *” do „SQLLEN *”
      C:\backkup d\OldSchool_src\Server\GameServer\FieldServer\main\AtumFieldDBManager.cpp(522,85):
      Wskazane typy nie są powiązane; konwersja wymaga operatora reinterpret_cast, rzutowania w stylu języka C lub rzutowania w stylu funkcji ujętego w nawiasach
      C:\Program Files (x86)\Windows Kits\10\Include\10.0.26100.0\um\sql.h(618,20):
      zobacz deklarację „SQLBindCol”
      C:\backkup d\OldSchool_src\Server\GameServer\FieldServer\main\AtumFieldDBManager.cpp(522,2):
      podczas próby dopasowania listy argumentów "(SQLHSTMT, int, int, BYTE *, int, SQLINTEGER *)"
  
C:\backkup d\OldSchool_src\Server\GameServer\FieldServer\main\AtumFieldDBManager.cpp(523,2): error C2664: „SQLRETURN SQLBindCol(SQLHSTMT,SQLUSMALLINT,SQLSMALLINT,SQLPOINTER,SQLLEN,SQLLEN *)”: nie można dokonać konwersji argumentu 6 z „SQLINTEGER *” do „SQLLEN *”
      C:\backkup d\OldSchool_src\Server\GameServer\FieldServer\main\AtumFieldDBManager.cpp(523,85):
      Wskazane typy nie są powiązane; konwersja wymaga operatora reinterpret_cast, rzutowania w stylu języka C lub rzutowania w stylu funkcji ujętego w nawiasach
      C:\Program Files (x86)\Windows Kits\10\Include\10.0.26100.0\um\sql.h(618,20):
      zobacz deklarację „SQLBindCol”
      C:\backkup d\OldSchool_src\Server\GameServer\FieldServer\main\AtumFieldDBManager.cpp(523,2):
      podczas próby dopasowania listy argumentów "(SQLHSTMT, int, int, INT *, int, SQLINTEGER *)"
  
C:\backkup d\OldSchool_src\Server\GameServer\FieldServer\main\AtumFieldDBManager.cpp(524,2): error C2664: „SQLRETURN SQLBindCol(SQLHSTMT,SQLUSMALLINT,SQLSMALLINT,SQLPOINTER,SQLLEN,SQLLEN *)”: nie można dokonać konwersji argumentu 6 z „SQLINTEGER *” do „SQLLEN *”
      C:\backkup d\OldSchool_src\Server\GameServer\FieldServer\main\AtumFieldDBManager.cpp(524,90):
      Wskazane typy nie są powiązane; konwersja wymaga operatora reinterpret_cast, rzutowania w stylu języka C lub rzutowania w stylu funkcji ujętego w nawiasach
      C:\Program Files (x86)\Windows Kits\10\Include\10.0.26100.0\um\sql.h(618,20):
      zobacz deklarację „SQLBindCol”
      C:\backkup d\OldSchool_src\Server\GameServer\FieldServer\main\AtumFieldDBManager.cpp(524,2):
      podczas próby dopasowania listy argumentów "(SQLHSTMT, int, int, UID32_t *, int, SQLINTEGER *)"
  
C:\backkup d\OldSchool_src\Server\GameServer\FieldServer\main\AtumFieldDBManager.cpp(525,2): error C2664: „SQLRETURN SQLBindCol(SQLHSTMT,SQLUSMALLINT,SQLSMALLINT,SQLPOINTER,SQLLEN,SQLLEN *)”: nie można dokonać konwersji argumentu 6 z „SQLINTEGER *” do „SQLLEN *”
      C:\backkup d\OldSchool_src\Server\GameServer\FieldServer\main\AtumFieldDBManager.cpp(525,111):
      Wskazane typy nie są powiązane; konwersja wymaga operatora reinterpret_cast, rzutowania w stylu języka C lub rzutowania w stylu funkcji ujętego w nawiasach
      C:\Program Files (x86)\Windows Kits\10\Include\10.0.26100.0\um\sql.h(618,20):
      zobacz deklarację „SQLBindCol”
      C:\backkup d\OldSchool_src\Server\GameServer\FieldServer\main\AtumFieldDBManager.cpp(525,2):
      podczas próby dopasowania listy argumentów "(SQLHSTMT, int, int, CHAR [20], int, SQLINTEGER *)"
  
C:\backkup d\OldSchool_src\Server\GameServer\FieldServer\main\AtumFieldDBManager.cpp(526,2): error C2664: „SQLRETURN SQLBindCol(SQLHSTMT,SQLUSMALLINT,SQLSMALLINT,SQLPOINTER,SQLLEN,SQLLEN *)”: nie można dokonać konwersji argumentu 6 z „SQLINTEGER *” do „SQLLEN *”
      C:\backkup d\OldSchool_src\Server\GameServer\FieldServer\main\AtumFieldDBManager.cpp(526,84):
      Wskazane typy nie są powiązane; konwersja wymaga operatora reinterpret_cast, rzutowania w stylu języka C lub rzutowania w stylu funkcji ujętego w nawiasach
      C:\Program Files (x86)\Windows Kits\10\Include\10.0.26100.0\um\sql.h(618,20):
      zobacz deklarację „SQLBindCol”
      C:\backkup d\OldSchool_src\Server\GameServer\FieldServer\main\AtumFieldDBManager.cpp(526,2):
      podczas próby dopasowania listy argumentów "(SQLHSTMT, int, int, BYTE *, int, SQLINTEGER *)"
  
C:\backkup d\OldSchool_src\Server\GameServer\FieldServer\main\AtumFieldDBManager.cpp(527,2): error C2664: „SQLRETURN SQLBindCol(SQLHSTMT,SQLUSMALLINT,SQLSMALLINT,SQLPOINTER,SQLLEN,SQLLEN *)”: nie można dokonać konwersji argumentu 6 z „SQLINTEGER *” do „SQLLEN *”
      C:\backkup d\OldSchool_src\Server\GameServer\FieldServer\main\AtumFieldDBManager.cpp(527,93):
      Wskazane typy nie są powiązane; konwersja wymaga operatora reinterpret_cast, rzutowania w stylu języka C lub rzutowania w stylu funkcji ujętego w nawiasach
      C:\Program Files (x86)\Windows Kits\10\Include\10.0.26100.0\um\sql.h(618,20):
      zobacz deklarację „SQLBindCol”
      C:\backkup d\OldSchool_src\Server\GameServer\FieldServer\main\AtumFieldDBManager.cpp(527,2):
      podczas próby dopasowania listy argumentów "(SQLHSTMT, int, int, UID32_t *, int, SQLINTEGER *)"
  
C:\backkup d\OldSchool_src\Server\GameServer\FieldServer\main\AtumFieldDBManager.cpp(528,2): error C2664: „SQLRETURN SQLBindCol(SQLHSTMT,SQLUSMALLINT,SQLSMALLINT,SQLPOINTER,SQLLEN,SQLLEN *)”: nie można dokonać konwersji argumentu 6 z „SQLINTEGER *” do „SQLLEN *”
      C:\backkup d\OldSchool_src\Server\GameServer\FieldServer\main\AtumFieldDBManager.cpp(528,115):
      Wskazane typy nie są powiązane; konwersja wymaga operatora reinterpret_cast, rzutowania w stylu języka C lub rzutowania w stylu funkcji ujętego w nawiasach
      C:\Program Files (x86)\Windows Kits\10\Include\10.0.26100.0\um\sql.h(618,20):
      zobacz deklarację „SQLBindCol”
      C:\backkup d\OldSchool_src\Server\GameServer\FieldServer\main\AtumFieldDBManager.cpp(528,2):
      podczas próby dopasowania listy argumentów "(SQLHSTMT, int, int, CHAR [20], int, SQLINTEGER *)"
  
C:\backkup d\OldSchool_src\Server\GameServer\FieldServer\main\AtumFieldDBManager.cpp(529,2): error C2664: „SQLRETURN SQLBindCol(SQLHSTMT,SQLUSMALLINT,SQLSMALLINT,SQLPOINTER,SQLLEN,SQLLEN *)”: nie można dokonać konwersji argumentu 6 z „SQLINTEGER *” do „SQLLEN *”
      C:\backkup d\OldSchool_src\Server\GameServer\FieldServer\main\AtumFieldDBManager.cpp(529,94):
      Wskazane typy nie są powiązane; konwersja wymaga operatora reinterpret_cast, rzutowania w stylu języka C lub rzutowania w stylu funkcji ujętego w nawiasach
      C:\Program Files (x86)\Windows Kits\10\Include\10.0.26100.0\um\sql.h(618,20):
      zobacz deklarację „SQLBindCol”
      C:\backkup d\OldSchool_src\Server\GameServer\FieldServer\main\AtumFieldDBManager.cpp(529,2):
      podczas próby dopasowania listy argumentów "(SQLHSTMT, int, int, UID32_t *, int, SQLINTEGER *)"
  
C:\backkup d\OldSchool_src\Server\GameServer\FieldServer\main\AtumFieldDBManager.cpp(530,2): error C2664: „SQLRETURN SQLBindCol(SQLHSTMT,SQLUSMALLINT,SQLSMALLINT,SQLPOINTER,SQLLEN,SQLLEN *)”: nie można dokonać konwersji argumentu 6 z „SQLINTEGER *” do „SQLLEN *”
      C:\backkup d\OldSchool_src\Server\GameServer\FieldServer\main\AtumFieldDBManager.cpp(530,116):
      Wskazane typy nie są powiązane; konwersja wymaga operatora reinterpret_cast, rzutowania w stylu języka C lub rzutowania w stylu funkcji ujętego w nawiasach
      C:\Program Files (x86)\Windows Kits\10\Include\10.0.26100.0\um\sql.h(618,20):
      zobacz deklarację „SQLBindCol”
      C:\backkup d\OldSchool_src\Server\GameServer\FieldServer\main\AtumFieldDBManager.cpp(530,2):
      podczas próby dopasowania listy argumentów "(SQLHSTMT, int, int, CHAR [20], int, SQLINTEGER *)"
  
C:\backkup d\OldSchool_src\Server\GameServer\FieldServer\main\AtumFieldDBManager.cpp(531,2): error C2664: „SQLRETURN SQLBindCol(SQLHSTMT,SQLUSMALLINT,SQLSMALLINT,SQLPOINTER,SQLLEN,SQLLEN *)”: nie można dokonać konwersji argumentu 6 z „SQLINTEGER *” do „SQLLEN *”
      C:\backkup d\OldSchool_src\Server\GameServer\FieldServer\main\AtumFieldDBManager.cpp(531,84):
      Wskazane typy nie są powiązane; konwersja wymaga operatora reinterpret_cast, rzutowania w stylu języka C lub rzutowania w stylu funkcji ujętego w nawiasach
      C:\Program Files (x86)\Windows Kits\10\Include\10.0.26100.0\um\sql.h(618,20):
      zobacz deklarację „SQLBindCol”
      C:\backkup d\OldSchool_src\Server\GameServer\FieldServer\main\AtumFieldDBManager.cpp(531,2):
      podczas próby dopasowania listy argumentów "(SQLHSTMT, int, int, SHORT *, int, SQLINTEGER *)"
  
C:\backkup d\OldSchool_src\Server\GameServer\FieldServer\main\AtumFieldDBManager.cpp(626,2): error C2664: „SQLRETURN SQLBindParameter(SQLHSTMT,SQLUSMALLINT,SQLSMALLINT,SQLSMALLINT,SQLSMALLINT,SQLULEN,SQLSMALLINT,SQLPOINTER,SQLLEN,SQLLEN *)”: nie można dokonać konwersji argumentu 10 z „SQLINTEGER *” do „SQLLEN *”
      C:\backkup d\OldSchool_src\Server\GameServer\FieldServer\main\AtumFieldDBManager.cpp(626,127):
      Wskazane typy nie są powiązane; konwersja wymaga operatora reinterpret_cast, rzutowania w stylu języka C lub rzutowania w stylu funkcji ujętego w nawiasach
      C:\Program Files (x86)\Windows Kits\10\Include\10.0.26100.0\um\sqlext.h(2085,19):
      zobacz deklarację „SQLBindParameter”
      C:\backkup d\OldSchool_src\Server\GameServer\FieldServer\main\AtumFieldDBManager.cpp(626,2):
      podczas próby dopasowania listy argumentów "(SQLHSTMT, int, int, int, int, int, int, BYTE *, int, SQLINTEGER *)"
  
C:\backkup d\OldSchool_src\Server\GameServer\FieldServer\main\AtumFieldDBManager.cpp(627,2): error C2664: „SQLRETURN SQLBindParameter(SQLHSTMT,SQLUSMALLINT,SQLSMALLINT,SQLSMALLINT,SQLSMALLINT,SQLULEN,SQLSMALLINT,SQLPOINTER,SQLLEN,SQLLEN *)”: nie można dokonać konwersji argumentu 10 z „SQLINTEGER *” do „SQLLEN *”
      C:\backkup d\OldSchool_src\Server\GameServer\FieldServer\main\AtumFieldDBManager.cpp(627,124):
      Wskazane typy nie są powiązane; konwersja wymaga operatora reinterpret_cast, rzutowania w stylu języka C lub rzutowania w stylu funkcji ujętego w nawiasach
      C:\Program Files (x86)\Windows Kits\10\Include\10.0.26100.0\um\sqlext.h(2085,19):
      zobacz deklarację „SQLBindParameter”
      C:\backkup d\OldSchool_src\Server\GameServer\FieldServer\main\AtumFieldDBManager.cpp(627,2):
      podczas próby dopasowania listy argumentów "(SQLHSTMT, int, int, int, int, int, int, INT *, int, SQLINTEGER *)"
  
C:\backkup d\OldSchool_src\Server\GameServer\FieldServer\main\AtumFieldDBManager.cpp(628,2): error C2664: „SQLRETURN SQLBindParameter(SQLHSTMT,SQLUSMALLINT,SQLSMALLINT,SQLSMALLINT,SQLSMALLINT,SQLULEN,SQLSMALLINT,SQLPOINTER,SQLLEN,SQLLEN *)”: nie można dokonać konwersji argumentu 10 z „SQLINTEGER *” do „SQLLEN *”
      C:\backkup d\OldSchool_src\Server\GameServer\FieldServer\main\AtumFieldDBManager.cpp(628,126):
      Wskazane typy nie są powiązane; konwersja wymaga operatora reinterpret_cast, rzutowania w stylu języka C lub rzutowania w stylu funkcji ujętego w nawiasach
      C:\Program Files (x86)\Windows Kits\10\Include\10.0.26100.0\um\sqlext.h(2085,19):
      zobacz deklarację „SQLBindParameter”
      C:\backkup d\OldSchool_src\Server\GameServer\FieldServer\main\AtumFieldDBManager.cpp(628,2):
      podczas próby dopasowania listy argumentów "(SQLHSTMT, int, int, int, int, int, int, BYTE *, int, SQLINTEGER *)"
  
C:\backkup d\OldSchool_src\Server\GameServer\FieldServer\main\AtumFieldDBManager.cpp(629,2): error C2664: „SQLRETURN SQLBindParameter(SQLHSTMT,SQLUSMALLINT,SQLSMALLINT,SQLSMALLINT,SQLSMALLINT,SQLULEN,SQLSMALLINT,SQLPOINTER,SQLLEN,SQLLEN *)”: nie można dokonać konwersji argumentu 10 z „SQLINTEGER *” do „SQLLEN *”
      C:\backkup d\OldSchool_src\Server\GameServer\FieldServer\main\AtumFieldDBManager.cpp(629,127):
      Wskazane typy nie są powiązane; konwersja wymaga operatora reinterpret_cast, rzutowania w stylu języka C lub rzutowania w stylu funkcji ujętego w nawiasach
      C:\Program Files (x86)\Windows Kits\10\Include\10.0.26100.0\um\sqlext.h(2085,19):
      zobacz deklarację „SQLBindParameter”
      C:\backkup d\OldSchool_src\Server\GameServer\FieldServer\main\AtumFieldDBManager.cpp(629,2):
      podczas próby dopasowania listy argumentów "(SQLHSTMT, int, int, int, int, int, int, INT *, int, SQLINTEGER *)"
  
C:\backkup d\OldSchool_src\Server\GameServer\FieldServer\main\AtumFieldDBManager.cpp(728,2): error C2664: „SQLRETURN SQLBindCol(SQLHSTMT,SQLUSMALLINT,SQLSMALLINT,SQLPOINTER,SQLLEN,SQLLEN *)”: nie można dokonać konwersji argumentu 6 z „SQLINTEGER *” do „SQLLEN *”
      C:\backkup d\OldSchool_src\Server\GameServer\FieldServer\main\AtumFieldDBManager.cpp(728,87):
      Wskazane typy nie są powiązane; konwersja wymaga operatora reinterpret_cast, rzutowania w stylu języka C lub rzutowania w stylu funkcji ujętego w nawiasach
      C:\Program Files (x86)\Windows Kits\10\Include\10.0.26100.0\um\sql.h(618,20):
      zobacz deklarację „SQLBindCol”
      C:\backkup d\OldSchool_src\Server\GameServer\FieldServer\main\AtumFieldDBManager.cpp(728,2):
      podczas próby dopasowania listy argumentów "(SQLHSTMT, int, int, BYTE *, int, SQLINTEGER *)"
  
C:\backkup d\OldSchool_src\Server\GameServer\FieldServer\main\AtumFieldDBManager.cpp(729,2): error C2664: „SQLRETURN SQLBindCol(SQLHSTMT,SQLUSMALLINT,SQLSMALLINT,SQLPOINTER,SQLLEN,SQLLEN *)”: nie można dokonać konwersji argumentu 6 z „SQLINTEGER *” do „SQLLEN *”
      C:\backkup d\OldSchool_src\Server\GameServer\FieldServer\main\AtumFieldDBManager.cpp(729,87):
      Wskazane typy nie są powiązane; konwersja wymaga operatora reinterpret_cast, rzutowania w stylu języka C lub rzutowania w stylu funkcji ujętego w nawiasach
      C:\Program Files (x86)\Windows Kits\10\Include\10.0.26100.0\um\sql.h(618,20):
      zobacz deklarację „SQLBindCol”
      C:\backkup d\OldSchool_src\Server\GameServer\FieldServer\main\AtumFieldDBManager.cpp(729,2):
      podczas próby dopasowania listy argumentów "(SQLHSTMT, int, int, BYTE *, int, SQLINTEGER *)"
  
C:\backkup d\OldSchool_src\Server\GameServer\FieldServer\main\AtumFieldDBManager.cpp(730,2): error C2664: „SQLRETURN SQLBindCol(SQLHSTMT,SQLUSMALLINT,SQLSMALLINT,SQLPOINTER,SQLLEN,SQLLEN *)”: nie można dokonać konwersji argumentu 6 z „SQLINTEGER *” do „SQLLEN *”
      C:\backkup d\OldSchool_src\Server\GameServer\FieldServer\main\AtumFieldDBManager.cpp(730,79):
      Wskazane typy nie są powiązane; konwersja wymaga operatora reinterpret_cast, rzutowania w stylu języka C lub rzutowania w stylu funkcji ujętego w nawiasach
      C:\Program Files (x86)\Windows Kits\10\Include\10.0.26100.0\um\sql.h(618,20):
      zobacz deklarację „SQLBindCol”
      C:\backkup d\OldSchool_src\Server\GameServer\FieldServer\main\AtumFieldDBManager.cpp(730,2):
      podczas próby dopasowania listy argumentów "(SQLHSTMT, int, int, INT *, int, SQLINTEGER *)"
  
C:\backkup d\OldSchool_src\Server\GameServer\FieldServer\main\AtumFieldDBManager.cpp(731,2): error C2664: „SQLRETURN SQLBindCol(SQLHSTMT,SQLUSMALLINT,SQLSMALLINT,SQLPOINTER,SQLLEN,SQLLEN *)”: nie można dokonać konwersji argumentu 6 z „SQLINTEGER *” do „SQLLEN *”
      C:\backkup d\OldSchool_src\Server\GameServer\FieldServer\main\AtumFieldDBManager.cpp(731,81):
      Wskazane typy nie są powiązane; konwersja wymaga operatora reinterpret_cast, rzutowania w stylu języka C lub rzutowania w stylu funkcji ujętego w nawiasach
      C:\Program Files (x86)\Windows Kits\10\Include\10.0.26100.0\um\sql.h(618,20):
      zobacz deklarację „SQLBindCol”
      C:\backkup d\OldSchool_src\Server\GameServer\FieldServer\main\AtumFieldDBManager.cpp(731,2):
      podczas próby dopasowania listy argumentów "(SQLHSTMT, int, int, INT *, int, SQLINTEGER *)"
  
C:\backkup d\OldSchool_src\Server\GameServer\FieldServer\main\AtumFieldDBManager.cpp(732,2): error C2664: „SQLRETURN SQLBindCol(SQLHSTMT,SQLUSMALLINT,SQLSMALLINT,SQLPOINTER,SQLLEN,SQLLEN *)”: nie można dokonać konwersji argumentu 6 z „SQLINTEGER *” do „SQLLEN *”
      C:\backkup d\OldSchool_src\Server\GameServer\FieldServer\main\AtumFieldDBManager.cpp(732,91):
      Wskazane typy nie są powiązane; konwersja wymaga operatora reinterpret_cast, rzutowania w stylu języka C lub rzutowania w stylu funkcji ujętego w nawiasach
      C:\Program Files (x86)\Windows Kits\10\Include\10.0.26100.0\um\sql.h(618,20):
      zobacz deklarację „SQLBindCol”
      C:\backkup d\OldSchool_src\Server\GameServer\FieldServer\main\AtumFieldDBManager.cpp(732,2):
      podczas próby dopasowania listy argumentów "(SQLHSTMT, int, int, MapIndex_t *, int, SQLINTEGER *)"
  
C:\backkup d\OldSchool_src\Server\GameServer\FieldServer\main\AtumFieldDBManager.cpp(733,2): error C2664: „SQLRETURN SQLBindCol(SQLHSTMT,SQLUSMALLINT,SQLSMALLINT,SQLPOINTER,SQLLEN,SQLLEN *)”: nie można dokonać konwersji argumentu 6 z „SQLINTEGER *” do „SQLLEN *”
      C:\backkup d\OldSchool_src\Server\GameServer\FieldServer\main\AtumFieldDBManager.cpp(733,78):
      Wskazane typy nie są powiązane; konwersja wymaga operatora reinterpret_cast, rzutowania w stylu języka C lub rzutowania w stylu funkcji ujętego w nawiasach
      C:\Program Files (x86)\Windows Kits\10\Include\10.0.26100.0\um\sql.h(618,20):
      zobacz deklarację „SQLBindCol”
      C:\backkup d\OldSchool_src\Server\GameServer\FieldServer\main\AtumFieldDBManager.cpp(733,2):
      podczas próby dopasowania listy argumentów "(SQLHSTMT, int, int, SQL_TIMESTAMP_STRUCT *, int, SQLINTEGER *)"
  
C:\backkup d\OldSchool_src\Server\GameServer\FieldServer\main\AtumFieldDBManager.cpp(734,2): error C2664: „SQLRETURN SQLBindCol(SQLHSTMT,SQLUSMALLINT,SQLSMALLINT,SQLPOINTER,SQLLEN,SQLLEN *)”: nie można dokonać konwersji argumentu 6 z „SQLINTEGER *” do „SQLLEN *”
      C:\backkup d\OldSchool_src\Server\GameServer\FieldServer\main\AtumFieldDBManager.cpp(734,76):
      Wskazane typy nie są powiązane; konwersja wymaga operatora reinterpret_cast, rzutowania w stylu języka C lub rzutowania w stylu funkcji ujętego w nawiasach
      C:\Program Files (x86)\Windows Kits\10\Include\10.0.26100.0\um\sql.h(618,20):
      zobacz deklarację „SQLBindCol”
      C:\backkup d\OldSchool_src\Server\GameServer\FieldServer\main\AtumFieldDBManager.cpp(734,2):
      podczas próby dopasowania listy argumentów "(SQLHSTMT, int, int, SQL_TIMESTAMP_STRUCT *, int, SQLINTEGER *)"
  
C:\backkup d\OldSchool_src\Server\GameServer\FieldServer\main\AtumFieldDBManager.cpp(735,2): error C2664: „SQLRETURN SQLBindCol(SQLHSTMT,SQLUSMALLINT,SQLSMALLINT,SQLPOINTER,SQLLEN,SQLLEN *)”: nie można dokonać konwersji argumentu 6 z „SQLINTEGER *” do „SQLLEN *”
      C:\backkup d\OldSchool_src\Server\GameServer\FieldServer\main\AtumFieldDBManager.cpp(735,74):
      Wskazane typy nie są powiązane; konwersja wymaga operatora reinterpret_cast, rzutowania w stylu języka C lub rzutowania w stylu funkcji ujętego w nawiasach
      C:\Program Files (x86)\Windows Kits\10\Include\10.0.26100.0\um\sql.h(618,20):
      zobacz deklarację „SQLBindCol”
      C:\backkup d\OldSchool_src\Server\GameServer\FieldServer\main\AtumFieldDBManager.cpp(735,2):
      podczas próby dopasowania listy argumentów "(SQLHSTMT, int, int, SQL_TIMESTAMP_STRUCT *, int, SQLINTEGER *)"
  
C:\backkup d\OldSchool_src\Server\GameServer\FieldServer\main\AtumFieldDBManager.cpp(736,2): error C2664: „SQLRETURN SQLBindCol(SQLHSTMT,SQLUSMALLINT,SQLSMALLINT,SQLPOINTER,SQLLEN,SQLLEN *)”: nie można dokonać konwersji argumentu 6 z „SQLINTEGER *” do „SQLLEN *”
      C:\backkup d\OldSchool_src\Server\GameServer\FieldServer\main\AtumFieldDBManager.cpp(736,72):
      Wskazane typy nie są powiązane; konwersja wymaga operatora reinterpret_cast, rzutowania w stylu języka C lub rzutowania w stylu funkcji ujętego w nawiasach
      C:\Program Files (x86)\Windows Kits\10\Include\10.0.26100.0\um\sql.h(618,20):
      zobacz deklarację „SQLBindCol”
      C:\backkup d\OldSchool_src\Server\GameServer\FieldServer\main\AtumFieldDBManager.cpp(736,2):
      podczas próby dopasowania listy argumentów "(SQLHSTMT, int, int, SQL_TIMESTAMP_STRUCT *, int, SQLINTEGER *)"
  
C:\backkup d\OldSchool_src\Server\GameServer\FieldServer\main\AtumFieldDBManager.cpp(737,2): error C2664: „SQLRETURN SQLBindCol(SQLHSTMT,SQLUSMALLINT,SQLSMALLINT,SQLPOINTER,SQLLEN,SQLLEN *)”: nie można dokonać konwersji argumentu 6 z „SQLINTEGER *” do „SQLLEN *”
      C:\backkup d\OldSchool_src\Server\GameServer\FieldServer\main\AtumFieldDBManager.cpp(737,90):
      Wskazane typy nie są powiązane; konwersja wymaga operatora reinterpret_cast, rzutowania w stylu języka C lub rzutowania w stylu funkcji ujętego w nawiasach
      C:\Program Files (x86)\Windows Kits\10\Include\10.0.26100.0\um\sql.h(618,20):
      zobacz deklarację „SQLBindCol”
      C:\backkup d\OldSchool_src\Server\GameServer\FieldServer\main\AtumFieldDBManager.cpp(737,2):
      podczas próby dopasowania listy argumentów "(SQLHSTMT, int, int, BYTE *, int, SQLINTEGER *)"
  
C:\backkup d\OldSchool_src\Server\GameServer\FieldServer\main\AtumFieldDBManager.cpp(738,2): error C2664: „SQLRETURN SQLBindCol(SQLHSTMT,SQLUSMALLINT,SQLSMALLINT,SQLPOINTER,SQLLEN,SQLLEN *)”: nie można dokonać konwersji argumentu 6 z „SQLINTEGER *” do „SQLLEN *”
      C:\backkup d\OldSchool_src\Server\GameServer\FieldServer\main\AtumFieldDBManager.cpp(738,82):
      Wskazane typy nie są powiązane; konwersja wymaga operatora reinterpret_cast, rzutowania w stylu języka C lub rzutowania w stylu funkcji ujętego w nawiasach
      C:\Program Files (x86)\Windows Kits\10\Include\10.0.26100.0\um\sql.h(618,20):
      zobacz deklarację „SQLBindCol”
      C:\backkup d\OldSchool_src\Server\GameServer\FieldServer\main\AtumFieldDBManager.cpp(738,2):
      podczas próby dopasowania listy argumentów "(SQLHSTMT, int, int, BOOL *, int, SQLINTEGER *)"
  
C:\backkup d\OldSchool_src\Server\GameServer\FieldServer\main\AtumFieldDBManager.cpp(739,2): error C2664: „SQLRETURN SQLBindCol(SQLHSTMT,SQLUSMALLINT,SQLSMALLINT,SQLPOINTER,SQLLEN,SQLLEN *)”: nie można dokonać konwersji argumentu 6 z „SQLINTEGER *” do „SQLLEN *”
      C:\backkup d\OldSchool_src\Server\GameServer\FieldServer\main\AtumFieldDBManager.cpp(739,92):
      Wskazane typy nie są powiązane; konwersja wymaga operatora reinterpret_cast, rzutowania w stylu języka C lub rzutowania w stylu funkcji ujętego w nawiasach
      C:\Program Files (x86)\Windows Kits\10\Include\10.0.26100.0\um\sql.h(618,20):
      zobacz deklarację „SQLBindCol”
      C:\backkup d\OldSchool_src\Server\GameServer\FieldServer\main\AtumFieldDBManager.cpp(739,2):
      podczas próby dopasowania listy argumentów "(SQLHSTMT, int, int, BYTE *, int, SQLINTEGER *)"
  
C:\backkup d\OldSchool_src\Server\GameServer\FieldServer\main\AtumFieldDBManager.cpp(783,2): error C2664: „SQLRETURN SQLBindCol(SQLHSTMT,SQLUSMALLINT,SQLSMALLINT,SQLPOINTER,SQLLEN,SQLLEN *)”: nie można dokonać konwersji argumentu 6 z „SQLINTEGER *” do „SQLLEN *”
      C:\backkup d\OldSchool_src\Server\GameServer\FieldServer\main\AtumFieldDBManager.cpp(783,96):
      Wskazane typy nie są powiązane; konwersja wymaga operatora reinterpret_cast, rzutowania w stylu języka C lub rzutowania w stylu funkcji ujętego w nawiasach
      C:\Program Files (x86)\Windows Kits\10\Include\10.0.26100.0\um\sql.h(618,20):
      zobacz deklarację „SQLBindCol”
      C:\backkup d\OldSchool_src\Server\GameServer\FieldServer\main\AtumFieldDBManager.cpp(783,2):
      podczas próby dopasowania listy argumentów "(SQLHSTMT, int, int, INT *, int, SQLINTEGER *)"
  
C:\backkup d\OldSchool_src\Server\GameServer\FieldServer\main\AtumFieldDBManager.cpp(784,2): error C2664: „SQLRETURN SQLBindCol(SQLHSTMT,SQLUSMALLINT,SQLSMALLINT,SQLPOINTER,SQLLEN,SQLLEN *)”: nie można dokonać konwersji argumentu 6 z „SQLINTEGER *” do „SQLLEN *”
      C:\backkup d\OldSchool_src\Server\GameServer\FieldServer\main\AtumFieldDBManager.cpp(784,76):
      Wskazane typy nie są powiązane; konwersja wymaga operatora reinterpret_cast, rzutowania w stylu języka C lub rzutowania w stylu funkcji ujętego w nawiasach
      C:\Program Files (x86)\Windows Kits\10\Include\10.0.26100.0\um\sql.h(618,20):
      zobacz deklarację „SQLBindCol”
      C:\backkup d\OldSchool_src\Server\GameServer\FieldServer\main\AtumFieldDBManager.cpp(784,2):
      podczas próby dopasowania listy argumentów "(SQLHSTMT, int, int, SQL_TIMESTAMP_STRUCT *, int, SQLINTEGER *)"
  
C:\backkup d\OldSchool_src\Server\GameServer\FieldServer\main\AtumFieldDBManager.cpp(785,2): error C2664: „SQLRETURN SQLBindCol(SQLHSTMT,SQLUSMALLINT,SQLSMALLINT,SQLPOINTER,SQLLEN,SQLLEN *)”: nie można dokonać konwersji argumentu 6 z „SQLINTEGER *” do „SQLLEN *”
      C:\backkup d\OldSchool_src\Server\GameServer\FieldServer\main\AtumFieldDBManager.cpp(785,74):
      Wskazane typy nie są powiązane; konwersja wymaga operatora reinterpret_cast, rzutowania w stylu języka C lub rzutowania w stylu funkcji ujętego w nawiasach
      C:\Program Files (x86)\Windows Kits\10\Include\10.0.26100.0\um\sql.h(618,20):
      zobacz deklarację „SQLBindCol”
      C:\backkup d\OldSchool_src\Server\GameServer\FieldServer\main\AtumFieldDBManager.cpp(785,2):
      podczas próby dopasowania listy argumentów "(SQLHSTMT, int, int, SQL_TIMESTAMP_STRUCT *, int, SQLINTEGER *)"
  
C:\backkup d\OldSchool_src\Server\GameServer\FieldServer\main\AtumFieldDBManager.cpp(846,2): error C2664: „SQLRETURN SQLBindCol(SQLHSTMT,SQLUSMALLINT,SQLSMALLINT,SQLPOINTER,SQLLEN,SQLLEN *)”: nie można dokonać konwersji argumentu 6 z „SQLINTEGER *” do „SQLLEN *”
      C:\backkup d\OldSchool_src\Server\GameServer\FieldServer\main\AtumFieldDBManager.cpp(846,82):
      Wskazane typy nie są powiązane; konwersja wymaga operatora reinterpret_cast, rzutowania w stylu języka C lub rzutowania w stylu funkcji ujętego w nawiasach
      C:\Program Files (x86)\Windows Kits\10\Include\10.0.26100.0\um\sql.h(618,20):
      zobacz deklarację „SQLBindCol”
      C:\backkup d\OldSchool_src\Server\GameServer\FieldServer\main\AtumFieldDBManager.cpp(846,2):
      podczas próby dopasowania listy argumentów "(SQLHSTMT, int, int, BYTE *, int, SQLINTEGER *)"
  
C:\backkup d\OldSchool_src\Server\GameServer\FieldServer\main\AtumFieldDBManager.cpp(847,2): error C2664: „SQLRETURN SQLBindCol(SQLHSTMT,SQLUSMALLINT,SQLSMALLINT,SQLPOINTER,SQLLEN,SQLLEN *)”: nie można dokonać konwersji argumentu 6 z „SQLINTEGER *” do „SQLLEN *”
      C:\backkup d\OldSchool_src\Server\GameServer\FieldServer\main\AtumFieldDBManager.cpp(847,85):
      Wskazane typy nie są powiązane; konwersja wymaga operatora reinterpret_cast, rzutowania w stylu języka C lub rzutowania w stylu funkcji ujętego w nawiasach
      C:\Program Files (x86)\Windows Kits\10\Include\10.0.26100.0\um\sql.h(618,20):
      zobacz deklarację „SQLBindCol”
      C:\backkup d\OldSchool_src\Server\GameServer\FieldServer\main\AtumFieldDBManager.cpp(847,2):
      podczas próby dopasowania listy argumentów "(SQLHSTMT, int, int, BYTE *, int, SQLINTEGER *)"
  
C:\backkup d\OldSchool_src\Server\GameServer\FieldServer\main\AtumFieldDBManager.cpp(848,2): error C2664: „SQLRETURN SQLBindCol(SQLHSTMT,SQLUSMALLINT,SQLSMALLINT,SQLPOINTER,SQLLEN,SQLLEN *)”: nie można dokonać konwersji argumentu 6 z „SQLINTEGER *” do „SQLLEN *”
      C:\backkup d\OldSchool_src\Server\GameServer\FieldServer\main\AtumFieldDBManager.cpp(848,90):
      Wskazane typy nie są powiązane; konwersja wymaga operatora reinterpret_cast, rzutowania w stylu języka C lub rzutowania w stylu funkcji ujętego w nawiasach
      C:\Program Files (x86)\Windows Kits\10\Include\10.0.26100.0\um\sql.h(618,20):
      zobacz deklarację „SQLBindCol”
      C:\backkup d\OldSchool_src\Server\GameServer\FieldServer\main\AtumFieldDBManager.cpp(848,2):
      podczas próby dopasowania listy argumentów "(SQLHSTMT, int, int, INT *, int, SQLINTEGER *)"
  
C:\backkup d\OldSchool_src\Server\GameServer\FieldServer\main\AtumFieldDBManager.cpp(849,2): error C2664: „SQLRETURN SQLBindCol(SQLHSTMT,SQLUSMALLINT,SQLSMALLINT,SQLPOINTER,SQLLEN,SQLLEN *)”: nie można dokonać konwersji argumentu 6 z „SQLINTEGER *” do „SQLLEN *”
      C:\backkup d\OldSchool_src\Server\GameServer\FieldServer\main\AtumFieldDBManager.cpp(849,91):
      Wskazane typy nie są powiązane; konwersja wymaga operatora reinterpret_cast, rzutowania w stylu języka C lub rzutowania w stylu funkcji ujętego w nawiasach
      C:\Program Files (x86)\Windows Kits\10\Include\10.0.26100.0\um\sql.h(618,20):
      zobacz deklarację „SQLBindCol”
      C:\backkup d\OldSchool_src\Server\GameServer\FieldServer\main\AtumFieldDBManager.cpp(849,2):
      podczas próby dopasowania listy argumentów "(SQLHSTMT, int, int, INT *, int, SQLINTEGER *)"
  
C:\backkup d\OldSchool_src\Server\GameServer\FieldServer\main\AtumFieldDBManager.cpp(850,2): error C2664: „SQLRETURN SQLBindCol(SQLHSTMT,SQLUSMALLINT,SQLSMALLINT,SQLPOINTER,SQLLEN,SQLLEN *)”: nie można dokonać konwersji argumentu 6 z „SQLINTEGER *” do „SQLLEN *”
      C:\backkup d\OldSchool_src\Server\GameServer\FieldServer\main\AtumFieldDBManager.cpp(850,84):
      Wskazane typy nie są powiązane; konwersja wymaga operatora reinterpret_cast, rzutowania w stylu języka C lub rzutowania w stylu funkcji ujętego w nawiasach
      C:\Program Files (x86)\Windows Kits\10\Include\10.0.26100.0\um\sql.h(618,20):
      zobacz deklarację „SQLBindCol”
      C:\backkup d\OldSchool_src\Server\GameServer\FieldServer\main\AtumFieldDBManager.cpp(850,2):
      podczas próby dopasowania listy argumentów "(SQLHSTMT, int, int, INT *, int, SQLINTEGER *)"
  
C:\backkup d\OldSchool_src\Server\GameServer\FieldServer\main\AtumFieldDBManager.cpp(851,2): error C2664: „SQLRETURN SQLBindCol(SQLHSTMT,SQLUSMALLINT,SQLSMALLINT,SQLPOINTER,SQLLEN,SQLLEN *)”: nie można dokonać konwersji argumentu 6 z „SQLINTEGER *” do „SQLLEN *”
      C:\backkup d\OldSchool_src\Server\GameServer\FieldServer\main\AtumFieldDBManager.cpp(851,85):
      Wskazane typy nie są powiązane; konwersja wymaga operatora reinterpret_cast, rzutowania w stylu języka C lub rzutowania w stylu funkcji ujętego w nawiasach
      C:\Program Files (x86)\Windows Kits\10\Include\10.0.26100.0\um\sql.h(618,20):
      zobacz deklarację „SQLBindCol”
      C:\backkup d\OldSchool_src\Server\GameServer\FieldServer\main\AtumFieldDBManager.cpp(851,2):
      podczas próby dopasowania listy argumentów "(SQLHSTMT, int, int, INT *, int, SQLINTEGER *)"
  
C:\backkup d\OldSchool_src\Server\GameServer\FieldServer\main\AtumFieldDBManager.cpp(905,2): error C2664: „SQLRETURN SQLBindCol(SQLHSTMT,SQLUSMALLINT,SQLSMALLINT,SQLPOINTER,SQLLEN,SQLLEN *)”: nie można dokonać konwersji argumentu 6 z „SQLINTEGER *” do „SQLLEN *”
      C:\backkup d\OldSchool_src\Server\GameServer\FieldServer\main\AtumFieldDBManager.cpp(905,86):
      Wskazane typy nie są powiązane; konwersja wymaga operatora reinterpret_cast, rzutowania w stylu języka C lub rzutowania w stylu funkcji ujętego w nawiasach
      C:\Program Files (x86)\Windows Kits\10\Include\10.0.26100.0\um\sql.h(618,20):
      zobacz deklarację „SQLBindCol”
      C:\backkup d\OldSchool_src\Server\GameServer\FieldServer\main\AtumFieldDBManager.cpp(905,2):
      podczas próby dopasowania listy argumentów "(SQLHSTMT, int, int, MapIndex_t *, int, SQLINTEGER *)"
  
C:\backkup d\OldSchool_src\Server\GameServer\FieldServer\main\AtumFieldDBManager.cpp(906,2): error C2664: „SQLRETURN SQLBindCol(SQLHSTMT,SQLUSMALLINT,SQLSMALLINT,SQLPOINTER,SQLLEN,SQLLEN *)”: nie można dokonać konwersji argumentu 6 z „SQLINTEGER *” do „SQLLEN *”
      C:\backkup d\OldSchool_src\Server\GameServer\FieldServer\main\AtumFieldDBManager.cpp(906,85):
      Wskazane typy nie są powiązane; konwersja wymaga operatora reinterpret_cast, rzutowania w stylu języka C lub rzutowania w stylu funkcji ujętego w nawiasach
      C:\Program Files (x86)\Windows Kits\10\Include\10.0.26100.0\um\sql.h(618,20):
      zobacz deklarację „SQLBindCol”
      C:\backkup d\OldSchool_src\Server\GameServer\FieldServer\main\AtumFieldDBManager.cpp(906,2):
      podczas próby dopasowania listy argumentów "(SQLHSTMT, int, int, BYTE *, int, SQLINTEGER *)"
  
C:\backkup d\OldSchool_src\Server\GameServer\FieldServer\main\AtumFieldDBManager.cpp(907,2): error C2664: „SQLRETURN SQLBindCol(SQLHSTMT,SQLUSMALLINT,SQLSMALLINT,SQLPOINTER,SQLLEN,SQLLEN *)”: nie można dokonać konwersji argumentu 6 z „SQLINTEGER *” do „SQLLEN *”
      C:\backkup d\OldSchool_src\Server\GameServer\FieldServer\main\AtumFieldDBManager.cpp(907,88):
      Wskazane typy nie są powiązane; konwersja wymaga operatora reinterpret_cast, rzutowania w stylu języka C lub rzutowania w stylu funkcji ujętego w nawiasach
      C:\Program Files (x86)\Windows Kits\10\Include\10.0.26100.0\um\sql.h(618,20):
      zobacz deklarację „SQLBindCol”
      C:\backkup d\OldSchool_src\Server\GameServer\FieldServer\main\AtumFieldDBManager.cpp(907,2):
      podczas próby dopasowania listy argumentów "(SQLHSTMT, int, int, BYTE *, int, SQLINTEGER *)"
  
C:\backkup d\OldSchool_src\Server\GameServer\FieldServer\main\AtumFieldDBManager.cpp(908,2): error C2664: „SQLRETURN SQLBindCol(SQLHSTMT,SQLUSMALLINT,SQLSMALLINT,SQLPOINTER,SQLLEN,SQLLEN *)”: nie można dokonać konwersji argumentu 6 z „SQLINTEGER *” do „SQLLEN *”
      C:\backkup d\OldSchool_src\Server\GameServer\FieldServer\main\AtumFieldDBManager.cpp(908,91):
      Wskazane typy nie są powiązane; konwersja wymaga operatora reinterpret_cast, rzutowania w stylu języka C lub rzutowania w stylu funkcji ujętego w nawiasach
      C:\Program Files (x86)\Windows Kits\10\Include\10.0.26100.0\um\sql.h(618,20):
      zobacz deklarację „SQLBindCol”
      C:\backkup d\OldSchool_src\Server\GameServer\FieldServer\main\AtumFieldDBManager.cpp(908,2):
      podczas próby dopasowania listy argumentów "(SQLHSTMT, int, int, BYTE *, int, SQLINTEGER *)"
  
C:\backkup d\OldSchool_src\Server\GameServer\FieldServer\main\AtumFieldDBManager.cpp(909,2): error C2664: „SQLRETURN SQLBindCol(SQLHSTMT,SQLUSMALLINT,SQLSMALLINT,SQLPOINTER,SQLLEN,SQLLEN *)”: nie można dokonać konwersji argumentu 6 z „SQLINTEGER *” do „SQLLEN *”
      C:\backkup d\OldSchool_src\Server\GameServer\FieldServer\main\AtumFieldDBManager.cpp(909,88):
      Wskazane typy nie są powiązane; konwersja wymaga operatora reinterpret_cast, rzutowania w stylu języka C lub rzutowania w stylu funkcji ujętego w nawiasach
      C:\Program Files (x86)\Windows Kits\10\Include\10.0.26100.0\um\sql.h(618,20):
      zobacz deklarację „SQLBindCol”
      C:\backkup d\OldSchool_src\Server\GameServer\FieldServer\main\AtumFieldDBManager.cpp(909,2):
      podczas próby dopasowania listy argumentów "(SQLHSTMT, int, int, BYTE *, int, SQLINTEGER *)"
  
C:\backkup d\OldSchool_src\Server\GameServer\FieldServer\main\AtumFieldDBManager.cpp(910,2): error C2664: „SQLRETURN SQLBindCol(SQLHSTMT,SQLUSMALLINT,SQLSMALLINT,SQLPOINTER,SQLLEN,SQLLEN *)”: nie można dokonać konwersji argumentu 6 z „SQLINTEGER *” do „SQLLEN *”
      C:\backkup d\OldSchool_src\Server\GameServer\FieldServer\main\AtumFieldDBManager.cpp(910,90):
      Wskazane typy nie są powiązane; konwersja wymaga operatora reinterpret_cast, rzutowania w stylu języka C lub rzutowania w stylu funkcji ujętego w nawiasach
      C:\Program Files (x86)\Windows Kits\10\Include\10.0.26100.0\um\sql.h(618,20):
      zobacz deklarację „SQLBindCol”
      C:\backkup d\OldSchool_src\Server\GameServer\FieldServer\main\AtumFieldDBManager.cpp(910,2):
      podczas próby dopasowania listy argumentów "(SQLHSTMT, int, int, INT *, int, SQLINTEGER *)"
  
C:\backkup d\OldSchool_src\Server\GameServer\FieldServer\main\AtumFieldDBManager.cpp(911,2): error C2664: „SQLRETURN SQLBindCol(SQLHSTMT,SQLUSMALLINT,SQLSMALLINT,SQLPOINTER,SQLLEN,SQLLEN *)”: nie można dokonać konwersji argumentu 6 z „SQLINTEGER *” do „SQLLEN *”
      C:\backkup d\OldSchool_src\Server\GameServer\FieldServer\main\AtumFieldDBManager.cpp(911,92):
      Wskazane typy nie są powiązane; konwersja wymaga operatora reinterpret_cast, rzutowania w stylu języka C lub rzutowania w stylu funkcji ujętego w nawiasach
      C:\Program Files (x86)\Windows Kits\10\Include\10.0.26100.0\um\sql.h(618,20):
      zobacz deklarację „SQLBindCol”
      C:\backkup d\OldSchool_src\Server\GameServer\FieldServer\main\AtumFieldDBManager.cpp(911,2):
      podczas próby dopasowania listy argumentów "(SQLHSTMT, int, int, INT *, int, SQLINTEGER *)"
  
C:\backkup d\OldSchool_src\Server\GameServer\FieldServer\main\AtumFieldDBManager.cpp(912,2): error C2664: „SQLRETURN SQLBindCol(SQLHSTMT,SQLUSMALLINT,SQLSMALLINT,SQLPOINTER,SQLLEN,SQLLEN *)”: nie można dokonać konwersji argumentu 6 z „SQLINTEGER *” do „SQLLEN *”
      C:\backkup d\OldSchool_src\Server\GameServer\FieldServer\main\AtumFieldDBManager.cpp(912,90):
      Wskazane typy nie są powiązane; konwersja wymaga operatora reinterpret_cast, rzutowania w stylu języka C lub rzutowania w stylu funkcji ujętego w nawiasach
      C:\Program Files (x86)\Windows Kits\10\Include\10.0.26100.0\um\sql.h(618,20):
      zobacz deklarację „SQLBindCol”
      C:\backkup d\OldSchool_src\Server\GameServer\FieldServer\main\AtumFieldDBManager.cpp(912,2):
      podczas próby dopasowania listy argumentów "(SQLHSTMT, int, int, INT *, int, SQLINTEGER *)"
  
C:\backkup d\OldSchool_src\Server\GameServer\FieldServer\main\AtumFieldDBManager.cpp(913,2): error C2664: „SQLRETURN SQLBindCol(SQLHSTMT,SQLUSMALLINT,SQLSMALLINT,SQLPOINTER,SQLLEN,SQLLEN *)”: nie można dokonać konwersji argumentu 6 z „SQLINTEGER *” do „SQLLEN *”
      C:\backkup d\OldSchool_src\Server\GameServer\FieldServer\main\AtumFieldDBManager.cpp(913,92):
      Wskazane typy nie są powiązane; konwersja wymaga operatora reinterpret_cast, rzutowania w stylu języka C lub rzutowania w stylu funkcji ujętego w nawiasach
      C:\Program Files (x86)\Windows Kits\10\Include\10.0.26100.0\um\sql.h(618,20):
      zobacz deklarację „SQLBindCol”
      C:\backkup d\OldSchool_src\Server\GameServer\FieldServer\main\AtumFieldDBManager.cpp(913,2):
      podczas próby dopasowania listy argumentów "(SQLHSTMT, int, int, INT *, int, SQLINTEGER *)"
  
C:\backkup d\OldSchool_src\Server\GameServer\FieldServer\main\AtumFieldDBManager.cpp(914,2): error C2664: „SQLRETURN SQLBindCol(SQLHSTMT,SQLUSMALLINT,SQLSMALLINT,SQLPOINTER,SQLLEN,SQLLEN *)”: nie można dokonać konwersji argumentu 6 z „SQLINTEGER *” do „SQLLEN *”
      C:\backkup d\OldSchool_src\Server\GameServer\FieldServer\main\AtumFieldDBManager.cpp(914,91):
      Wskazane typy nie są powiązane; konwersja wymaga operatora reinterpret_cast, rzutowania w stylu języka C lub rzutowania w stylu funkcji ujętego w nawiasach
      C:\Program Files (x86)\Windows Kits\10\Include\10.0.26100.0\um\sql.h(618,20):
      zobacz deklarację „SQLBindCol”
      C:\backkup d\OldSchool_src\Server\GameServer\FieldServer\main\AtumFieldDBManager.cpp(914,2):
      podczas próby dopasowania listy argumentów "(SQLHSTMT, int, int, INT *, int, SQLINTEGER *)"
  
C:\backkup d\OldSchool_src\Server\GameServer\FieldServer\main\AtumFieldDBManager.cpp(915,2): error C2664: „SQLRETURN SQLBindCol(SQLHSTMT,SQLUSMALLINT,SQLSMALLINT,SQLPOINTER,SQLLEN,SQLLEN *)”: nie można dokonać konwersji argumentu 6 z „SQLINTEGER *” do „SQLLEN *”
      C:\backkup d\OldSchool_src\Server\GameServer\FieldServer\main\AtumFieldDBManager.cpp(915,93):
      Wskazane typy nie są powiązane; konwersja wymaga operatora reinterpret_cast, rzutowania w stylu języka C lub rzutowania w stylu funkcji ujętego w nawiasach
      C:\Program Files (x86)\Windows Kits\10\Include\10.0.26100.0\um\sql.h(618,20):
      zobacz deklarację „SQLBindCol”
      C:\backkup d\OldSchool_src\Server\GameServer\FieldServer\main\AtumFieldDBManager.cpp(915,2):
      podczas próby dopasowania listy argumentów "(SQLHSTMT, int, int, INT *, int, SQLINTEGER *)"
  
C:\backkup d\OldSchool_src\Server\GameServer\FieldServer\main\AtumFieldDBManager.cpp(973,2): error C2664: „SQLRETURN SQLBindCol(SQLHSTMT,SQLUSMALLINT,SQLSMALLINT,SQLPOINTER,SQLLEN,SQLLEN *)”: nie można dokonać konwersji argumentu 6 z „SQLINTEGER *” do „SQLLEN *”
      C:\backkup d\OldSchool_src\Server\GameServer\FieldServer\main\AtumFieldDBManager.cpp(973,78):
      Wskazane typy nie są powiązane; konwersja wymaga operatora reinterpret_cast, rzutowania w stylu języka C lub rzutowania w stylu funkcji ujętego w nawiasach
      C:\Program Files (x86)\Windows Kits\10\Include\10.0.26100.0\um\sql.h(618,20):
      zobacz deklarację „SQLBindCol”
      C:\backkup d\OldSchool_src\Server\GameServer\FieldServer\main\AtumFieldDBManager.cpp(973,2):
      podczas próby dopasowania listy argumentów "(SQLHSTMT, int, int, INT *, int, SQLINTEGER *)"
  
C:\backkup d\OldSchool_src\Server\GameServer\FieldServer\main\AtumFieldDBManager.cpp(974,2): error C2664: „SQLRETURN SQLBindCol(SQLHSTMT,SQLUSMALLINT,SQLSMALLINT,SQLPOINTER,SQLLEN,SQLLEN *)”: nie można dokonać konwersji argumentu 6 z „SQLINTEGER *” do „SQLLEN *”
      C:\backkup d\OldSchool_src\Server\GameServer\FieldServer\main\AtumFieldDBManager.cpp(974,83):
      Wskazane typy nie są powiązane; konwersja wymaga operatora reinterpret_cast, rzutowania w stylu języka C lub rzutowania w stylu funkcji ujętego w nawiasach
      C:\Program Files (x86)\Windows Kits\10\Include\10.0.26100.0\um\sql.h(618,20):
      zobacz deklarację „SQLBindCol”
      C:\backkup d\OldSchool_src\Server\GameServer\FieldServer\main\AtumFieldDBManager.cpp(974,2):
      podczas próby dopasowania listy argumentów "(SQLHSTMT, int, int, INT *, int, SQLINTEGER *)"
  
C:\backkup d\OldSchool_src\Server\GameServer\FieldServer\main\AtumFieldDBManager.cpp(975,2): error C2664: „SQLRETURN SQLBindCol(SQLHSTMT,SQLUSMALLINT,SQLSMALLINT,SQLPOINTER,SQLLEN,SQLLEN *)”: nie można dokonać konwersji argumentu 6 z „SQLINTEGER *” do „SQLLEN *”
      C:\backkup d\OldSchool_src\Server\GameServer\FieldServer\main\AtumFieldDBManager.cpp(975,88):
      Wskazane typy nie są powiązane; konwersja wymaga operatora reinterpret_cast, rzutowania w stylu języka C lub rzutowania w stylu funkcji ujętego w nawiasach
      C:\Program Files (x86)\Windows Kits\10\Include\10.0.26100.0\um\sql.h(618,20):
      zobacz deklarację „SQLBindCol”
      C:\backkup d\OldSchool_src\Server\GameServer\FieldServer\main\AtumFieldDBManager.cpp(975,2):
      podczas próby dopasowania listy argumentów "(SQLHSTMT, int, int, INT *, int, SQLINTEGER *)"
  
C:\backkup d\OldSchool_src\Server\GameServer\FieldServer\main\AtumFieldDBManager.cpp(976,2): error C2664: „SQLRETURN SQLBindCol(SQLHSTMT,SQLUSMALLINT,SQLSMALLINT,SQLPOINTER,SQLLEN,SQLLEN *)”: nie można dokonać konwersji argumentu 6 z „SQLINTEGER *” do „SQLLEN *”
      C:\backkup d\OldSchool_src\Server\GameServer\FieldServer\main\AtumFieldDBManager.cpp(976,83):
      Wskazane typy nie są powiązane; konwersja wymaga operatora reinterpret_cast, rzutowania w stylu języka C lub rzutowania w stylu funkcji ujętego w nawiasach
      C:\Program Files (x86)\Windows Kits\10\Include\10.0.26100.0\um\sql.h(618,20):
      zobacz deklarację „SQLBindCol”
      C:\backkup d\OldSchool_src\Server\GameServer\FieldServer\main\AtumFieldDBManager.cpp(976,2):
      podczas próby dopasowania listy argumentów "(SQLHSTMT, int, int, INT *, int, SQLINTEGER *)"
  
C:\backkup d\OldSchool_src\Server\GameServer\FieldServer\main\AtumFieldDBManager.cpp(977,2): error C2664: „SQLRETURN SQLBindCol(SQLHSTMT,SQLUSMALLINT,SQLSMALLINT,SQLPOINTER,SQLLEN,SQLLEN *)”: nie można dokonać konwersji argumentu 6 z „SQLINTEGER *” do „SQLLEN *”
      C:\backkup d\OldSchool_src\Server\GameServer\FieldServer\main\AtumFieldDBManager.cpp(977,88):
      Wskazane typy nie są powiązane; konwersja wymaga operatora reinterpret_cast, rzutowania w stylu języka C lub rzutowania w stylu funkcji ujętego w nawiasach
      C:\Program Files (x86)\Windows Kits\10\Include\10.0.26100.0\um\sql.h(618,20):
      zobacz deklarację „SQLBindCol”
      C:\backkup d\OldSchool_src\Server\GameServer\FieldServer\main\AtumFieldDBManager.cpp(977,2):
      podczas próby dopasowania listy argumentów "(SQLHSTMT, int, int, INT *, int, SQLINTEGER *)"
  
C:\backkup d\OldSchool_src\Server\GameServer\FieldServer\main\AtumFieldDBManager.cpp(978,2): error C2664: „SQLRETURN SQLBindCol(SQLHSTMT,SQLUSMALLINT,SQLSMALLINT,SQLPOINTER,SQLLEN,SQLLEN *)”: nie można dokonać konwersji argumentu 6 z „SQLINTEGER *” do „SQLLEN *”
      C:\backkup d\OldSchool_src\Server\GameServer\FieldServer\main\AtumFieldDBManager.cpp(978,83):
      Wskazane typy nie są powiązane; konwersja wymaga operatora reinterpret_cast, rzutowania w stylu języka C lub rzutowania w stylu funkcji ujętego w nawiasach
      C:\Program Files (x86)\Windows Kits\10\Include\10.0.26100.0\um\sql.h(618,20):
      zobacz deklarację „SQLBindCol”
      C:\backkup d\OldSchool_src\Server\GameServer\FieldServer\main\AtumFieldDBManager.cpp(978,2):
      podczas próby dopasowania listy argumentów "(SQLHSTMT, int, int, INT *, int, SQLINTEGER *)"
  
C:\backkup d\OldSchool_src\Server\GameServer\FieldServer\main\AtumFieldDBManager.cpp(979,2): error C2664: „SQLRETURN SQLBindCol(SQLHSTMT,SQLUSMALLINT,SQLSMALLINT,SQLPOINTER,SQLLEN,SQLLEN *)”: nie można dokonać konwersji argumentu 6 z „SQLINTEGER *” do „SQLLEN *”
      C:\backkup d\OldSchool_src\Server\GameServer\FieldServer\main\AtumFieldDBManager.cpp(979,88):
      Wskazane typy nie są powiązane; konwersja wymaga operatora reinterpret_cast, rzutowania w stylu języka C lub rzutowania w stylu funkcji ujętego w nawiasach
      C:\Program Files (x86)\Windows Kits\10\Include\10.0.26100.0\um\sql.h(618,20):
      zobacz deklarację „SQLBindCol”
      C:\backkup d\OldSchool_src\Server\GameServer\FieldServer\main\AtumFieldDBManager.cpp(979,2):
      podczas próby dopasowania listy argumentów "(SQLHSTMT, int, int, INT *, int, SQLINTEGER *)"
  
C:\backkup d\OldSchool_src\Server\GameServer\FieldServer\main\AtumFieldDBManager.cpp(1027,2): error C2664: „SQLRETURN SQLBindCol(SQLHSTMT,SQLUSMALLINT,SQLSMALLINT,SQLPOINTER,SQLLEN,SQLLEN *)”: nie można dokonać konwersji argumentu 6 z „SQLINTEGER *” do „SQLLEN *”
      C:\backkup d\OldSchool_src\Server\GameServer\FieldServer\main\AtumFieldDBManager.cpp(1027,86):
      Wskazane typy nie są powiązane; konwersja wymaga operatora reinterpret_cast, rzutowania w stylu języka C lub rzutowania w stylu funkcji ujętego w nawiasach
      C:\Program Files (x86)\Windows Kits\10\Include\10.0.26100.0\um\sql.h(618,20):
      zobacz deklarację „SQLBindCol”
      C:\backkup d\OldSchool_src\Server\GameServer\FieldServer\main\AtumFieldDBManager.cpp(1027,2):
      podczas próby dopasowania listy argumentów "(SQLHSTMT, int, int, INT *, int, SQLINTEGER *)"
  
C:\backkup d\OldSchool_src\Server\GameServer\FieldServer\main\AtumFieldDBManager.cpp(1028,2): error C2664: „SQLRETURN SQLBindCol(SQLHSTMT,SQLUSMALLINT,SQLSMALLINT,SQLPOINTER,SQLLEN,SQLLEN *)”: nie można dokonać konwersji argumentu 6 z „SQLINTEGER *” do „SQLLEN *”
      C:\backkup d\OldSchool_src\Server\GameServer\FieldServer\main\AtumFieldDBManager.cpp(1028,90):
      Wskazane typy nie są powiązane; konwersja wymaga operatora reinterpret_cast, rzutowania w stylu języka C lub rzutowania w stylu funkcji ujętego w nawiasach
      C:\Program Files (x86)\Windows Kits\10\Include\10.0.26100.0\um\sql.h(618,20):
      zobacz deklarację „SQLBindCol”
      C:\backkup d\OldSchool_src\Server\GameServer\FieldServer\main\AtumFieldDBManager.cpp(1028,2):
      podczas próby dopasowania listy argumentów "(SQLHSTMT, int, int, INT *, int, SQLINTEGER *)"
  
C:\backkup d\OldSchool_src\Server\GameServer\FieldServer\main\AtumFieldDBManager.cpp(1029,2): error C2664: „SQLRETURN SQLBindCol(SQLHSTMT,SQLUSMALLINT,SQLSMALLINT,SQLPOINTER,SQLLEN,SQLLEN *)”: nie można dokonać konwersji argumentu 6 z „SQLINTEGER *” do „SQLLEN *”
      C:\backkup d\OldSchool_src\Server\GameServer\FieldServer\main\AtumFieldDBManager.cpp(1029,68):
      Wskazane typy nie są powiązane; konwersja wymaga operatora reinterpret_cast, rzutowania w stylu języka C lub rzutowania w stylu funkcji ujętego w nawiasach
      C:\Program Files (x86)\Windows Kits\10\Include\10.0.26100.0\um\sql.h(618,20):
      zobacz deklarację „SQLBindCol”
      C:\backkup d\OldSchool_src\Server\GameServer\FieldServer\main\AtumFieldDBManager.cpp(1029,2):
      podczas próby dopasowania listy argumentów "(SQLHSTMT, int, int, SQL_TIMESTAMP_STRUCT *, int, SQLINTEGER *)"
  
C:\backkup d\OldSchool_src\Server\GameServer\FieldServer\main\AtumFieldDBManager.cpp(1030,2): error C2664: „SQLRETURN SQLBindCol(SQLHSTMT,SQLUSMALLINT,SQLSMALLINT,SQLPOINTER,SQLLEN,SQLLEN *)”: nie można dokonać konwersji argumentu 6 z „SQLINTEGER *” do „SQLLEN *”
      C:\backkup d\OldSchool_src\Server\GameServer\FieldServer\main\AtumFieldDBManager.cpp(1030,72):
      Wskazane typy nie są powiązane; konwersja wymaga operatora reinterpret_cast, rzutowania w stylu języka C lub rzutowania w stylu funkcji ujętego w nawiasach
      C:\Program Files (x86)\Windows Kits\10\Include\10.0.26100.0\um\sql.h(618,20):
      zobacz deklarację „SQLBindCol”
      C:\backkup d\OldSchool_src\Server\GameServer\FieldServer\main\AtumFieldDBManager.cpp(1030,2):
      podczas próby dopasowania listy argumentów "(SQLHSTMT, int, int, SQL_TIMESTAMP_STRUCT *, int, SQLINTEGER *)"
  
C:\backkup d\OldSchool_src\Server\GameServer\FieldServer\main\AtumFieldDBManager.cpp(1031,2): error C2664: „SQLRETURN SQLBindCol(SQLHSTMT,SQLUSMALLINT,SQLSMALLINT,SQLPOINTER,SQLLEN,SQLLEN *)”: nie można dokonać konwersji argumentu 6 z „SQLINTEGER *” do „SQLLEN *”
      C:\backkup d\OldSchool_src\Server\GameServer\FieldServer\main\AtumFieldDBManager.cpp(1031,94):
      Wskazane typy nie są powiązane; konwersja wymaga operatora reinterpret_cast, rzutowania w stylu języka C lub rzutowania w stylu funkcji ujętego w nawiasach
      C:\Program Files (x86)\Windows Kits\10\Include\10.0.26100.0\um\sql.h(618,20):
      zobacz deklarację „SQLBindCol”
      C:\backkup d\OldSchool_src\Server\GameServer\FieldServer\main\AtumFieldDBManager.cpp(1031,2):
      podczas próby dopasowania listy argumentów "(SQLHSTMT, int, int, BYTE *, int, SQLINTEGER *)"
  
C:\backkup d\OldSchool_src\Server\GameServer\FieldServer\main\AtumFieldDBManager.cpp(1032,2): error C2664: „SQLRETURN SQLBindCol(SQLHSTMT,SQLUSMALLINT,SQLSMALLINT,SQLPOINTER,SQLLEN,SQLLEN *)”: nie można dokonać konwersji argumentu 6 z „SQLINTEGER *” do „SQLLEN *”
      C:\backkup d\OldSchool_src\Server\GameServer\FieldServer\main\AtumFieldDBManager.cpp(1032,89):
      Wskazane typy nie są powiązane; konwersja wymaga operatora reinterpret_cast, rzutowania w stylu języka C lub rzutowania w stylu funkcji ujętego w nawiasach
      C:\Program Files (x86)\Windows Kits\10\Include\10.0.26100.0\um\sql.h(618,20):
      zobacz deklarację „SQLBindCol”
      C:\backkup d\OldSchool_src\Server\GameServer\FieldServer\main\AtumFieldDBManager.cpp(1032,2):
      podczas próby dopasowania listy argumentów "(SQLHSTMT, int, int, BYTE *, int, SQLINTEGER *)"
  
C:\backkup d\OldSchool_src\Server\GameServer\FieldServer\main\AtumFieldDBManager.cpp(1033,2): error C2664: „SQLRETURN SQLBindCol(SQLHSTMT,SQLUSMALLINT,SQLSMALLINT,SQLPOINTER,SQLLEN,SQLLEN *)”: nie można dokonać konwersji argumentu 6 z „SQLINTEGER *” do „SQLLEN *”
      C:\backkup d\OldSchool_src\Server\GameServer\FieldServer\main\AtumFieldDBManager.cpp(1033,86):
      Wskazane typy nie są powiązane; konwersja wymaga operatora reinterpret_cast, rzutowania w stylu języka C lub rzutowania w stylu funkcji ujętego w nawiasach
      C:\Program Files (x86)\Windows Kits\10\Include\10.0.26100.0\um\sql.h(618,20):
      zobacz deklarację „SQLBindCol”
      C:\backkup d\OldSchool_src\Server\GameServer\FieldServer\main\AtumFieldDBManager.cpp(1033,2):
      podczas próby dopasowania listy argumentów "(SQLHSTMT, int, int, UID32_t *, int, SQLINTEGER *)"
  
C:\backkup d\OldSchool_src\Server\GameServer\FieldServer\main\AtumFieldDBManager.cpp(1034,2): error C2664: „SQLRETURN SQLBindCol(SQLHSTMT,SQLUSMALLINT,SQLSMALLINT,SQLPOINTER,SQLLEN,SQLLEN *)”: nie można dokonać konwersji argumentu 6 z „SQLINTEGER *” do „SQLLEN *”
      C:\backkup d\OldSchool_src\Server\GameServer\FieldServer\main\AtumFieldDBManager.cpp(1034,104):
      Wskazane typy nie są powiązane; konwersja wymaga operatora reinterpret_cast, rzutowania w stylu języka C lub rzutowania w stylu funkcji ujętego w nawiasach
      C:\Program Files (x86)\Windows Kits\10\Include\10.0.26100.0\um\sql.h(618,20):
      zobacz deklarację „SQLBindCol”
      C:\backkup d\OldSchool_src\Server\GameServer\FieldServer\main\AtumFieldDBManager.cpp(1034,2):
      podczas próby dopasowania listy argumentów "(SQLHSTMT, int, int, CHAR (*)[30], int, SQLINTEGER *)"
  
C:\backkup d\OldSchool_src\Server\GameServer\FieldServer\main\AtumFieldDBManager.cpp(1083,2): error C2664: „SQLRETURN SQLBindCol(SQLHSTMT,SQLUSMALLINT,SQLSMALLINT,SQLPOINTER,SQLLEN,SQLLEN *)”: nie można dokonać konwersji argumentu 6 z „SQLINTEGER *” do „SQLLEN *”
      C:\backkup d\OldSchool_src\Server\GameServer\FieldServer\main\AtumFieldDBManager.cpp(1083,80):
      Wskazane typy nie są powiązane; konwersja wymaga operatora reinterpret_cast, rzutowania w stylu języka C lub rzutowania w stylu funkcji ujętego w nawiasach
      C:\Program Files (x86)\Windows Kits\10\Include\10.0.26100.0\um\sql.h(618,20):
      zobacz deklarację „SQLBindCol”
      C:\backkup d\OldSchool_src\Server\GameServer\FieldServer\main\AtumFieldDBManager.cpp(1083,2):
      podczas próby dopasowania listy argumentów "(SQLHSTMT, int, int, SQL_TIMESTAMP_STRUCT *, int, SQLINTEGER *)"
  
C:\backkup d\OldSchool_src\Server\GameServer\FieldServer\main\AtumFieldDBManager.cpp(1131,2): error C2664: „SQLRETURN SQLBindCol(SQLHSTMT,SQLUSMALLINT,SQLSMALLINT,SQLPOINTER,SQLLEN,SQLLEN *)”: nie można dokonać konwersji argumentu 6 z „SQLINTEGER *” do „SQLLEN *”
      C:\backkup d\OldSchool_src\Server\GameServer\FieldServer\main\AtumFieldDBManager.cpp(1131,82):
      Wskazane typy nie są powiązane; konwersja wymaga operatora reinterpret_cast, rzutowania w stylu języka C lub rzutowania w stylu funkcji ujętego w nawiasach
      C:\Program Files (x86)\Windows Kits\10\Include\10.0.26100.0\um\sql.h(618,20):
      zobacz deklarację „SQLBindCol”
      C:\backkup d\OldSchool_src\Server\GameServer\FieldServer\main\AtumFieldDBManager.cpp(1131,2):
      podczas próby dopasowania listy argumentów "(SQLHSTMT, int, int, INT *, int, SQLINTEGER *)"
  
C:\backkup d\OldSchool_src\Server\GameServer\FieldServer\main\AtumFieldDBManager.cpp(1132,2): error C2664: „SQLRETURN SQLBindCol(SQLHSTMT,SQLUSMALLINT,SQLSMALLINT,SQLPOINTER,SQLLEN,SQLLEN *)”: nie można dokonać konwersji argumentu 6 z „SQLINTEGER *” do „SQLLEN *”
      C:\backkup d\OldSchool_src\Server\GameServer\FieldServer\main\AtumFieldDBManager.cpp(1132,86):
      Wskazane typy nie są powiązane; konwersja wymaga operatora reinterpret_cast, rzutowania w stylu języka C lub rzutowania w stylu funkcji ujętego w nawiasach
      C:\Program Files (x86)\Windows Kits\10\Include\10.0.26100.0\um\sql.h(618,20):
      zobacz deklarację „SQLBindCol”
      C:\backkup d\OldSchool_src\Server\GameServer\FieldServer\main\AtumFieldDBManager.cpp(1132,2):
      podczas próby dopasowania listy argumentów "(SQLHSTMT, int, int, BYTE *, int, SQLINTEGER *)"
  
C:\backkup d\OldSchool_src\Server\GameServer\FieldServer\main\AtumFieldDBManager.cpp(1133,2): error C2664: „SQLRETURN SQLBindCol(SQLHSTMT,SQLUSMALLINT,SQLSMALLINT,SQLPOINTER,SQLLEN,SQLLEN *)”: nie można dokonać konwersji argumentu 6 z „SQLINTEGER *” do „SQLLEN *”
      C:\backkup d\OldSchool_src\Server\GameServer\FieldServer\main\AtumFieldDBManager.cpp(1133,86):
      Wskazane typy nie są powiązane; konwersja wymaga operatora reinterpret_cast, rzutowania w stylu języka C lub rzutowania w stylu funkcji ujętego w nawiasach
      C:\Program Files (x86)\Windows Kits\10\Include\10.0.26100.0\um\sql.h(618,20):
      zobacz deklarację „SQLBindCol”
      C:\backkup d\OldSchool_src\Server\GameServer\FieldServer\main\AtumFieldDBManager.cpp(1133,2):
      podczas próby dopasowania listy argumentów "(SQLHSTMT, int, int, UID32_t *, int, SQLINTEGER *)"
  
C:\backkup d\OldSchool_src\Server\GameServer\FieldServer\main\AtumFieldDBManager.cpp(1134,2): error C2664: „SQLRETURN SQLBindCol(SQLHSTMT,SQLUSMALLINT,SQLSMALLINT,SQLPOINTER,SQLLEN,SQLLEN *)”: nie można dokonać konwersji argumentu 6 z „SQLINTEGER *” do „SQLLEN *”
      C:\backkup d\OldSchool_src\Server\GameServer\FieldServer\main\AtumFieldDBManager.cpp(1134,98):
      Wskazane typy nie są powiązane; konwersja wymaga operatora reinterpret_cast, rzutowania w stylu języka C lub rzutowania w stylu funkcji ujętego w nawiasach
      C:\Program Files (x86)\Windows Kits\10\Include\10.0.26100.0\um\sql.h(618,20):
      zobacz deklarację „SQLBindCol”
      C:\backkup d\OldSchool_src\Server\GameServer\FieldServer\main\AtumFieldDBManager.cpp(1134,2):
      podczas próby dopasowania listy argumentów "(SQLHSTMT, int, int, INT *, int, SQLINTEGER *)"
  
C:\backkup d\OldSchool_src\Server\GameServer\FieldServer\main\AtumFieldDBManager.cpp(1135,2): error C2664: „SQLRETURN SQLBindCol(SQLHSTMT,SQLUSMALLINT,SQLSMALLINT,SQLPOINTER,SQLLEN,SQLLEN *)”: nie można dokonać konwersji argumentu 6 z „SQLINTEGER *” do „SQLLEN *”
      C:\backkup d\OldSchool_src\Server\GameServer\FieldServer\main\AtumFieldDBManager.cpp(1135,88):
      Wskazane typy nie są powiązane; konwersja wymaga operatora reinterpret_cast, rzutowania w stylu języka C lub rzutowania w stylu funkcji ujętego w nawiasach
      C:\Program Files (x86)\Windows Kits\10\Include\10.0.26100.0\um\sql.h(618,20):
      zobacz deklarację „SQLBindCol”
      C:\backkup d\OldSchool_src\Server\GameServer\FieldServer\main\AtumFieldDBManager.cpp(1135,2):
      podczas próby dopasowania listy argumentów "(SQLHSTMT, int, int, INT *, int, SQLINTEGER *)"
  
C:\backkup d\OldSchool_src\Server\GameServer\FieldServer\main\AtumFieldDBManager.cpp(1136,2): error C2664: „SQLRETURN SQLBindCol(SQLHSTMT,SQLUSMALLINT,SQLSMALLINT,SQLPOINTER,SQLLEN,SQLLEN *)”: nie można dokonać konwersji argumentu 6 z „SQLINTEGER *” do „SQLLEN *”
      C:\backkup d\OldSchool_src\Server\GameServer\FieldServer\main\AtumFieldDBManager.cpp(1136,92):
      Wskazane typy nie są powiązane; konwersja wymaga operatora reinterpret_cast, rzutowania w stylu języka C lub rzutowania w stylu funkcji ujętego w nawiasach
      C:\Program Files (x86)\Windows Kits\10\Include\10.0.26100.0\um\sql.h(618,20):
      zobacz deklarację „SQLBindCol”
      C:\backkup d\OldSchool_src\Server\GameServer\FieldServer\main\AtumFieldDBManager.cpp(1136,2):
      podczas próby dopasowania listy argumentów "(SQLHSTMT, int, int, INT *, int, SQLINTEGER *)"
  
C:\backkup d\OldSchool_src\Server\GameServer\FieldServer\main\AtumFieldDBManager.cpp(1137,2): error C2664: „SQLRETURN SQLBindCol(SQLHSTMT,SQLUSMALLINT,SQLSMALLINT,SQLPOINTER,SQLLEN,SQLLEN *)”: nie można dokonać konwersji argumentu 6 z „SQLINTEGER *” do „SQLLEN *”
      C:\backkup d\OldSchool_src\Server\GameServer\FieldServer\main\AtumFieldDBManager.cpp(1137,93):
      Wskazane typy nie są powiązane; konwersja wymaga operatora reinterpret_cast, rzutowania w stylu języka C lub rzutowania w stylu funkcji ujętego w nawiasach
      C:\Program Files (x86)\Windows Kits\10\Include\10.0.26100.0\um\sql.h(618,20):
      zobacz deklarację „SQLBindCol”
      C:\backkup d\OldSchool_src\Server\GameServer\FieldServer\main\AtumFieldDBManager.cpp(1137,2):
      podczas próby dopasowania listy argumentów "(SQLHSTMT, int, int, CHAR (*)[512], int, SQLINTEGER *)"
  
C:\backkup d\OldSchool_src\Server\GameServer\FieldServer\main\AtumFieldDBManager.cpp(1186,2): error C2664: „SQLRETURN SQLBindCol(SQLHSTMT,SQLUSMALLINT,SQLSMALLINT,SQLPOINTER,SQLLEN,SQLLEN *)”: nie można dokonać konwersji argumentu 6 z „SQLINTEGER *” do „SQLLEN *”
      C:\backkup d\OldSchool_src\Server\GameServer\FieldServer\main\AtumFieldDBManager.cpp(1186,85):
      Wskazane typy nie są powiązane; konwersja wymaga operatora reinterpret_cast, rzutowania w stylu języka C lub rzutowania w stylu funkcji ujętego w nawiasach
      C:\Program Files (x86)\Windows Kits\10\Include\10.0.26100.0\um\sql.h(618,20):
      zobacz deklarację „SQLBindCol”
      C:\backkup d\OldSchool_src\Server\GameServer\FieldServer\main\AtumFieldDBManager.cpp(1186,2):
      podczas próby dopasowania listy argumentów "(SQLHSTMT, int, int, INT *, int, SQLINTEGER *)"
  
C:\backkup d\OldSchool_src\Server\GameServer\FieldServer\main\AtumFieldDBManager.cpp(1187,2): error C2664: „SQLRETURN SQLBindCol(SQLHSTMT,SQLUSMALLINT,SQLSMALLINT,SQLPOINTER,SQLLEN,SQLLEN *)”: nie można dokonać konwersji argumentu 6 z „SQLINTEGER *” do „SQLLEN *”
      C:\backkup d\OldSchool_src\Server\GameServer\FieldServer\main\AtumFieldDBManager.cpp(1187,86):
      Wskazane typy nie są powiązane; konwersja wymaga operatora reinterpret_cast, rzutowania w stylu języka C lub rzutowania w stylu funkcji ujętego w nawiasach
      C:\Program Files (x86)\Windows Kits\10\Include\10.0.26100.0\um\sql.h(618,20):
      zobacz deklarację „SQLBindCol”
      C:\backkup d\OldSchool_src\Server\GameServer\FieldServer\main\AtumFieldDBManager.cpp(1187,2):
      podczas próby dopasowania listy argumentów "(SQLHSTMT, int, int, BYTE *, int, SQLINTEGER *)"
  
C:\backkup d\OldSchool_src\Server\GameServer\FieldServer\main\AtumFieldDBManager.cpp(1188,2): error C2664: „SQLRETURN SQLBindCol(SQLHSTMT,SQLUSMALLINT,SQLSMALLINT,SQLPOINTER,SQLLEN,SQLLEN *)”: nie można dokonać konwersji argumentu 6 z „SQLINTEGER *” do „SQLLEN *”
      C:\backkup d\OldSchool_src\Server\GameServer\FieldServer\main\AtumFieldDBManager.cpp(1188,82):
      Wskazane typy nie są powiązane; konwersja wymaga operatora reinterpret_cast, rzutowania w stylu języka C lub rzutowania w stylu funkcji ujętego w nawiasach
      C:\Program Files (x86)\Windows Kits\10\Include\10.0.26100.0\um\sql.h(618,20):
      zobacz deklarację „SQLBindCol”
      C:\backkup d\OldSchool_src\Server\GameServer\FieldServer\main\AtumFieldDBManager.cpp(1188,2):
      podczas próby dopasowania listy argumentów "(SQLHSTMT, int, int, INT *, int, SQLINTEGER *)"
  
C:\backkup d\OldSchool_src\Server\GameServer\FieldServer\main\AtumFieldDBManager.cpp(1189,2): error C2664: „SQLRETURN SQLBindCol(SQLHSTMT,SQLUSMALLINT,SQLSMALLINT,SQLPOINTER,SQLLEN,SQLLEN *)”: nie można dokonać konwersji argumentu 6 z „SQLINTEGER *” do „SQLLEN *”
      C:\backkup d\OldSchool_src\Server\GameServer\FieldServer\main\AtumFieldDBManager.cpp(1189,83):
      Wskazane typy nie są powiązane; konwersja wymaga operatora reinterpret_cast, rzutowania w stylu języka C lub rzutowania w stylu funkcji ujętego w nawiasach
      C:\Program Files (x86)\Windows Kits\10\Include\10.0.26100.0\um\sql.h(618,20):
      zobacz deklarację „SQLBindCol”
      C:\backkup d\OldSchool_src\Server\GameServer\FieldServer\main\AtumFieldDBManager.cpp(1189,2):
      podczas próby dopasowania listy argumentów "(SQLHSTMT, int, int, INT *, int, SQLINTEGER *)"
  
C:\backkup d\OldSchool_src\Server\GameServer\FieldServer\main\AtumFieldDBManager.cpp(1190,2): error C2664: „SQLRETURN SQLBindCol(SQLHSTMT,SQLUSMALLINT,SQLSMALLINT,SQLPOINTER,SQLLEN,SQLLEN *)”: nie można dokonać konwersji argumentu 6 z „SQLINTEGER *” do „SQLLEN *”
      C:\backkup d\OldSchool_src\Server\GameServer\FieldServer\main\AtumFieldDBManager.cpp(1190,82):
      Wskazane typy nie są powiązane; konwersja wymaga operatora reinterpret_cast, rzutowania w stylu języka C lub rzutowania w stylu funkcji ujętego w nawiasach
      C:\Program Files (x86)\Windows Kits\10\Include\10.0.26100.0\um\sql.h(618,20):
      zobacz deklarację „SQLBindCol”
      C:\backkup d\OldSchool_src\Server\GameServer\FieldServer\main\AtumFieldDBManager.cpp(1190,2):
      podczas próby dopasowania listy argumentów "(SQLHSTMT, int, int, BYTE *, int, SQLINTEGER *)"
  
C:\backkup d\OldSchool_src\Server\GameServer\FieldServer\main\AtumFieldDBManager.cpp(1191,2): error C2664: „SQLRETURN SQLBindCol(SQLHSTMT,SQLUSMALLINT,SQLSMALLINT,SQLPOINTER,SQLLEN,SQLLEN *)”: nie można dokonać konwersji argumentu 6 z „SQLINTEGER *” do „SQLLEN *”
      C:\backkup d\OldSchool_src\Server\GameServer\FieldServer\main\AtumFieldDBManager.cpp(1191,87):
      Wskazane typy nie są powiązane; konwersja wymaga operatora reinterpret_cast, rzutowania w stylu języka C lub rzutowania w stylu funkcji ujętego w nawiasach
      C:\Program Files (x86)\Windows Kits\10\Include\10.0.26100.0\um\sql.h(618,20):
      zobacz deklarację „SQLBindCol”
      C:\backkup d\OldSchool_src\Server\GameServer\FieldServer\main\AtumFieldDBManager.cpp(1191,2):
      podczas próby dopasowania listy argumentów "(SQLHSTMT, int, int, INT *, int, SQLINTEGER *)"
  
C:\backkup d\OldSchool_src\Server\GameServer\FieldServer\main\AtumFieldDBManager.cpp(1192,2): error C2664: „SQLRETURN SQLBindCol(SQLHSTMT,SQLUSMALLINT,SQLSMALLINT,SQLPOINTER,SQLLEN,SQLLEN *)”: nie można dokonać konwersji argumentu 6 z „SQLINTEGER *” do „SQLLEN *”
      C:\backkup d\OldSchool_src\Server\GameServer\FieldServer\main\AtumFieldDBManager.cpp(1192,90):
      Wskazane typy nie są powiązane; konwersja wymaga operatora reinterpret_cast, rzutowania w stylu języka C lub rzutowania w stylu funkcji ujętego w nawiasach
      C:\Program Files (x86)\Windows Kits\10\Include\10.0.26100.0\um\sql.h(618,20):
      zobacz deklarację „SQLBindCol”
      C:\backkup d\OldSchool_src\Server\GameServer\FieldServer\main\AtumFieldDBManager.cpp(1192,2):
      podczas próby dopasowania listy argumentów "(SQLHSTMT, int, int, INT *, int, SQLINTEGER *)"
  
C:\backkup d\OldSchool_src\Server\GameServer\FieldServer\main\AtumFieldDBManager.cpp(1234,2): error C2664: „SQLRETURN SQLBindCol(SQLHSTMT,SQLUSMALLINT,SQLSMALLINT,SQLPOINTER,SQLLEN,SQLLEN *)”: nie można dokonać konwersji argumentu 6 z „SQLINTEGER *” do „SQLLEN *”
      C:\backkup d\OldSchool_src\Server\GameServer\FieldServer\main\AtumFieldDBManager.cpp(1234,81):
      Wskazane typy nie są powiązane; konwersja wymaga operatora reinterpret_cast, rzutowania w stylu języka C lub rzutowania w stylu funkcji ujętego w nawiasach
      C:\Program Files (x86)\Windows Kits\10\Include\10.0.26100.0\um\sql.h(618,20):
      zobacz deklarację „SQLBindCol”
      C:\backkup d\OldSchool_src\Server\GameServer\FieldServer\main\AtumFieldDBManager.cpp(1234,2):
      podczas próby dopasowania listy argumentów "(SQLHSTMT, int, int, BYTE *, int, SQLINTEGER *)"
  
C:\backkup d\OldSchool_src\Server\GameServer\FieldServer\main\AtumFieldDBManager.cpp(1235,2): error C2664: „SQLRETURN SQLBindCol(SQLHSTMT,SQLUSMALLINT,SQLSMALLINT,SQLPOINTER,SQLLEN,SQLLEN *)”: nie można dokonać konwersji argumentu 6 z „SQLINTEGER *” do „SQLLEN *”
      C:\backkup d\OldSchool_src\Server\GameServer\FieldServer\main\AtumFieldDBManager.cpp(1235,82):
      Wskazane typy nie są powiązane; konwersja wymaga operatora reinterpret_cast, rzutowania w stylu języka C lub rzutowania w stylu funkcji ujętego w nawiasach
      C:\Program Files (x86)\Windows Kits\10\Include\10.0.26100.0\um\sql.h(618,20):
      zobacz deklarację „SQLBindCol”
      C:\backkup d\OldSchool_src\Server\GameServer\FieldServer\main\AtumFieldDBManager.cpp(1235,2):
      podczas próby dopasowania listy argumentów "(SQLHSTMT, int, int, INT *, int, SQLINTEGER *)"
  
C:\backkup d\OldSchool_src\Server\GameServer\FieldServer\main\AtumFieldDBManager.cpp(1283,2): error C2664: „SQLRETURN SQLBindCol(SQLHSTMT,SQLUSMALLINT,SQLSMALLINT,SQLPOINTER,SQLLEN,SQLLEN *)”: nie można dokonać konwersji argumentu 6 z „SQLINTEGER *” do „SQLLEN *”
      C:\backkup d\OldSchool_src\Server\GameServer\FieldServer\main\AtumFieldDBManager.cpp(1283,83):
      Wskazane typy nie są powiązane; konwersja wymaga operatora reinterpret_cast, rzutowania w stylu języka C lub rzutowania w stylu funkcji ujętego w nawiasach
      C:\Program Files (x86)\Windows Kits\10\Include\10.0.26100.0\um\sql.h(618,20):
      zobacz deklarację „SQLBindCol”
      C:\backkup d\OldSchool_src\Server\GameServer\FieldServer\main\AtumFieldDBManager.cpp(1283,2):
      podczas próby dopasowania listy argumentów "(SQLHSTMT, int, int, SQL_TIMESTAMP_STRUCT *, int, SQLINTEGER *)"
  
C:\backkup d\OldSchool_src\Server\GameServer\FieldServer\main\AtumFieldDBManager.cpp(1284,2): error C2664: „SQLRETURN SQLBindCol(SQLHSTMT,SQLUSMALLINT,SQLSMALLINT,SQLPOINTER,SQLLEN,SQLLEN *)”: nie można dokonać konwersji argumentu 6 z „SQLINTEGER *” do „SQLLEN *”
      C:\backkup d\OldSchool_src\Server\GameServer\FieldServer\main\AtumFieldDBManager.cpp(1284,81):
      Wskazane typy nie są powiązane; konwersja wymaga operatora reinterpret_cast, rzutowania w stylu języka C lub rzutowania w stylu funkcji ujętego w nawiasach
      C:\Program Files (x86)\Windows Kits\10\Include\10.0.26100.0\um\sql.h(618,20):
      zobacz deklarację „SQLBindCol”
      C:\backkup d\OldSchool_src\Server\GameServer\FieldServer\main\AtumFieldDBManager.cpp(1284,2):
      podczas próby dopasowania listy argumentów "(SQLHSTMT, int, int, SQL_TIMESTAMP_STRUCT *, int, SQLINTEGER *)"
  
C:\backkup d\OldSchool_src\Server\GameServer\FieldServer\main\AtumFieldDBManager.cpp(1285,2): error C2664: „SQLRETURN SQLBindCol(SQLHSTMT,SQLUSMALLINT,SQLSMALLINT,SQLPOINTER,SQLLEN,SQLLEN *)”: nie można dokonać konwersji argumentu 6 z „SQLINTEGER *” do „SQLLEN *”
      C:\backkup d\OldSchool_src\Server\GameServer\FieldServer\main\AtumFieldDBManager.cpp(1285,76):
      Wskazane typy nie są powiązane; konwersja wymaga operatora reinterpret_cast, rzutowania w stylu języka C lub rzutowania w stylu funkcji ujętego w nawiasach
      C:\Program Files (x86)\Windows Kits\10\Include\10.0.26100.0\um\sql.h(618,20):
      zobacz deklarację „SQLBindCol”
      C:\backkup d\OldSchool_src\Server\GameServer\FieldServer\main\AtumFieldDBManager.cpp(1285,2):
      podczas próby dopasowania listy argumentów "(SQLHSTMT, int, int, SQL_TIMESTAMP_STRUCT *, int, SQLINTEGER *)"
  
C:\backkup d\OldSchool_src\Server\GameServer\FieldServer\main\AtumFieldDBManager.cpp(1286,2): error C2664: „SQLRETURN SQLBindCol(SQLHSTMT,SQLUSMALLINT,SQLSMALLINT,SQLPOINTER,SQLLEN,SQLLEN *)”: nie można dokonać konwersji argumentu 6 z „SQLINTEGER *” do „SQLLEN *”
      C:\backkup d\OldSchool_src\Server\GameServer\FieldServer\main\AtumFieldDBManager.cpp(1286,74):
      Wskazane typy nie są powiązane; konwersja wymaga operatora reinterpret_cast, rzutowania w stylu języka C lub rzutowania w stylu funkcji ujętego w nawiasach
      C:\Program Files (x86)\Windows Kits\10\Include\10.0.26100.0\um\sql.h(618,20):
      zobacz deklarację „SQLBindCol”
      C:\backkup d\OldSchool_src\Server\GameServer\FieldServer\main\AtumFieldDBManager.cpp(1286,2):
      podczas próby dopasowania listy argumentów "(SQLHSTMT, int, int, SQL_TIMESTAMP_STRUCT *, int, SQLINTEGER *)"
  
C:\backkup d\OldSchool_src\Server\GameServer\FieldServer\main\AtumFieldDBManager.cpp(1287,2): error C2664: „SQLRETURN SQLBindCol(SQLHSTMT,SQLUSMALLINT,SQLSMALLINT,SQLPOINTER,SQLLEN,SQLLEN *)”: nie można dokonać konwersji argumentu 6 z „SQLINTEGER *” do „SQLLEN *”
      C:\backkup d\OldSchool_src\Server\GameServer\FieldServer\main\AtumFieldDBManager.cpp(1287,71):
      Wskazane typy nie są powiązane; konwersja wymaga operatora reinterpret_cast, rzutowania w stylu języka C lub rzutowania w stylu funkcji ujętego w nawiasach
      C:\Program Files (x86)\Windows Kits\10\Include\10.0.26100.0\um\sql.h(618,20):
      zobacz deklarację „SQLBindCol”
      C:\backkup d\OldSchool_src\Server\GameServer\FieldServer\main\AtumFieldDBManager.cpp(1287,2):
      podczas próby dopasowania listy argumentów "(SQLHSTMT, int, int, SQL_TIMESTAMP_STRUCT *, int, SQLINTEGER *)"
  
C:\backkup d\OldSchool_src\Server\GameServer\FieldServer\main\AtumFieldDBManager.cpp(1343,2): error C2664: „SQLRETURN SQLBindCol(SQLHSTMT,SQLUSMALLINT,SQLSMALLINT,SQLPOINTER,SQLLEN,SQLLEN *)”: nie można dokonać konwersji argumentu 6 z „SQLINTEGER *” do „SQLLEN *”
      C:\backkup d\OldSchool_src\Server\GameServer\FieldServer\main\AtumFieldDBManager.cpp(1343,94):
      Wskazane typy nie są powiązane; konwersja wymaga operatora reinterpret_cast, rzutowania w stylu języka C lub rzutowania w stylu funkcji ujętego w nawiasach
      C:\Program Files (x86)\Windows Kits\10\Include\10.0.26100.0\um\sql.h(618,20):
      zobacz deklarację „SQLBindCol”
      C:\backkup d\OldSchool_src\Server\GameServer\FieldServer\main\AtumFieldDBManager.cpp(1343,2):
      podczas próby dopasowania listy argumentów "(SQLHSTMT, int, int, char [20], int, SQLINTEGER *)"
  
C:\backkup d\OldSchool_src\Server\GameServer\FieldServer\main\AtumFieldDBManager.cpp(1344,2): error C2664: „SQLRETURN SQLBindCol(SQLHSTMT,SQLUSMALLINT,SQLSMALLINT,SQLPOINTER,SQLLEN,SQLLEN *)”: nie można dokonać konwersji argumentu 6 z „SQLINTEGER *” do „SQLLEN *”
      C:\backkup d\OldSchool_src\Server\GameServer\FieldServer\main\AtumFieldDBManager.cpp(1344,94):
      Wskazane typy nie są powiązane; konwersja wymaga operatora reinterpret_cast, rzutowania w stylu języka C lub rzutowania w stylu funkcji ujętego w nawiasach
      C:\Program Files (x86)\Windows Kits\10\Include\10.0.26100.0\um\sql.h(618,20):
      zobacz deklarację „SQLBindCol”
      C:\backkup d\OldSchool_src\Server\GameServer\FieldServer\main\AtumFieldDBManager.cpp(1344,2):
      podczas próby dopasowania listy argumentów "(SQLHSTMT, int, int, int *, int, SQLINTEGER *)"
  
C:\backkup d\OldSchool_src\Server\GameServer\FieldServer\main\AtumFieldDBManager.cpp(1345,2): error C2664: „SQLRETURN SQLBindCol(SQLHSTMT,SQLUSMALLINT,SQLSMALLINT,SQLPOINTER,SQLLEN,SQLLEN *)”: nie można dokonać konwersji argumentu 6 z „SQLINTEGER *” do „SQLLEN *”
      C:\backkup d\OldSchool_src\Server\GameServer\FieldServer\main\AtumFieldDBManager.cpp(1345,107):
      Wskazane typy nie są powiązane; konwersja wymaga operatora reinterpret_cast, rzutowania w stylu języka C lub rzutowania w stylu funkcji ujętego w nawiasach
      C:\Program Files (x86)\Windows Kits\10\Include\10.0.26100.0\um\sql.h(618,20):
      zobacz deklarację „SQLBindCol”
      C:\backkup d\OldSchool_src\Server\GameServer\FieldServer\main\AtumFieldDBManager.cpp(1345,2):
      podczas próby dopasowania listy argumentów "(SQLHSTMT, int, int, BOOL *, int, SQLINTEGER *)"
  
C:\backkup d\OldSchool_src\Server\GameServer\FieldServer\main\AtumFieldDBManager.cpp(1396,2): error C2664: „SQLRETURN SQLBindParameter(SQLHSTMT,SQLUSMALLINT,SQLSMALLINT,SQLSMALLINT,SQLSMALLINT,SQLULEN,SQLSMALLINT,SQLPOINTER,SQLLEN,SQLLEN *)”: nie można dokonać konwersji argumentu 10 z „SQLINTEGER *” do „SQLLEN *”
      C:\backkup d\OldSchool_src\Server\GameServer\FieldServer\main\AtumFieldDBManager.cpp(1396,134):
      Wskazane typy nie są powiązane; konwersja wymaga operatora reinterpret_cast, rzutowania w stylu języka C lub rzutowania w stylu funkcji ujętego w nawiasach
      C:\Program Files (x86)\Windows Kits\10\Include\10.0.26100.0\um\sqlext.h(2085,19):
      zobacz deklarację „SQLBindParameter”
      C:\backkup d\OldSchool_src\Server\GameServer\FieldServer\main\AtumFieldDBManager.cpp(1396,2):
      podczas próby dopasowania listy argumentów "(SQLHSTMT, int, int, int, int, int, int, int *, int, SQLINTEGER *)"
  
C:\backkup d\OldSchool_src\Server\GameServer\FieldServer\main\AtumFieldDBManager.cpp(1397,2): error C2664: „SQLRETURN SQLBindParameter(SQLHSTMT,SQLUSMALLINT,SQLSMALLINT,SQLSMALLINT,SQLSMALLINT,SQLULEN,SQLSMALLINT,SQLPOINTER,SQLLEN,SQLLEN *)”: nie można dokonać konwersji argumentu 10 z „SQLINTEGER *” do „SQLLEN *”
      C:\backkup d\OldSchool_src\Server\GameServer\FieldServer\main\AtumFieldDBManager.cpp(1397,149):
      Wskazane typy nie są powiązane; konwersja wymaga operatora reinterpret_cast, rzutowania w stylu języka C lub rzutowania w stylu funkcji ujętego w nawiasach
      C:\Program Files (x86)\Windows Kits\10\Include\10.0.26100.0\um\sqlext.h(2085,19):
      zobacz deklarację „SQLBindParameter”
      C:\backkup d\OldSchool_src\Server\GameServer\FieldServer\main\AtumFieldDBManager.cpp(1397,2):
      podczas próby dopasowania listy argumentów "(SQLHSTMT, int, int, int, int, int, int, char [20], int, SQLINTEGER *)"
  
C:\backkup d\OldSchool_src\Server\GameServer\FieldServer\main\AtumFieldDBManager.cpp(1398,2): error C2664: „SQLRETURN SQLBindParameter(SQLHSTMT,SQLUSMALLINT,SQLSMALLINT,SQLSMALLINT,SQLSMALLINT,SQLULEN,SQLSMALLINT,SQLPOINTER,SQLLEN,SQLLEN *)”: nie można dokonać konwersji argumentu 10 z „SQLINTEGER *” do „SQLLEN *”
      C:\backkup d\OldSchool_src\Server\GameServer\FieldServer\main\AtumFieldDBManager.cpp(1398,135):
      Wskazane typy nie są powiązane; konwersja wymaga operatora reinterpret_cast, rzutowania w stylu języka C lub rzutowania w stylu funkcji ujętego w nawiasach
      C:\Program Files (x86)\Windows Kits\10\Include\10.0.26100.0\um\sqlext.h(2085,19):
      zobacz deklarację „SQLBindParameter”
      C:\backkup d\OldSchool_src\Server\GameServer\FieldServer\main\AtumFieldDBManager.cpp(1398,2):
      podczas próby dopasowania listy argumentów "(SQLHSTMT, int, int, int, int, int, int, int *, int, SQLINTEGER *)"
  
C:\backkup d\OldSchool_src\Server\GameServer\FieldServer\main\AtumFieldDBManager.cpp(1399,2): error C2664: „SQLRETURN SQLBindParameter(SQLHSTMT,SQLUSMALLINT,SQLSMALLINT,SQLSMALLINT,SQLSMALLINT,SQLULEN,SQLSMALLINT,SQLPOINTER,SQLLEN,SQLLEN *)”: nie można dokonać konwersji argumentu 10 z „SQLINTEGER *” do „SQLLEN *”
      C:\backkup d\OldSchool_src\Server\GameServer\FieldServer\main\AtumFieldDBManager.cpp(1399,148):
      Wskazane typy nie są powiązane; konwersja wymaga operatora reinterpret_cast, rzutowania w stylu języka C lub rzutowania w stylu funkcji ujętego w nawiasach
      C:\Program Files (x86)\Windows Kits\10\Include\10.0.26100.0\um\sqlext.h(2085,19):
      zobacz deklarację „SQLBindParameter”
      C:\backkup d\OldSchool_src\Server\GameServer\FieldServer\main\AtumFieldDBManager.cpp(1399,2):
      podczas próby dopasowania listy argumentów "(SQLHSTMT, int, int, int, int, int, int, BOOL *, int, SQLINTEGER *)"
  
C:\backkup d\OldSchool_src\Server\GameServer\FieldServer\main\AtumFieldDBManager.cpp(1444,2): error C2664: „SQLRETURN SQLBindCol(SQLHSTMT,SQLUSMALLINT,SQLSMALLINT,SQLPOINTER,SQLLEN,SQLLEN *)”: nie można dokonać konwersji argumentu 6 z „SQLINTEGER *” do „SQLLEN *”
      C:\backkup d\OldSchool_src\Server\GameServer\FieldServer\main\AtumFieldDBManager.cpp(1444,81):
      Wskazane typy nie są powiązane; konwersja wymaga operatora reinterpret_cast, rzutowania w stylu języka C lub rzutowania w stylu funkcji ujętego w nawiasach
      C:\Program Files (x86)\Windows Kits\10\Include\10.0.26100.0\um\sql.h(618,20):
      zobacz deklarację „SQLBindCol”
      C:\backkup d\OldSchool_src\Server\GameServer\FieldServer\main\AtumFieldDBManager.cpp(1444,2):
      podczas próby dopasowania listy argumentów "(SQLHSTMT, int, int, CinemaNum_t *, int, SQLINTEGER *)"
  
C:\backkup d\OldSchool_src\Server\GameServer\FieldServer\main\AtumFieldDBManager.cpp(1445,2): error C2664: „SQLRETURN SQLBindCol(SQLHSTMT,SQLUSMALLINT,SQLSMALLINT,SQLPOINTER,SQLLEN,SQLLEN *)”: nie można dokonać konwersji argumentu 6 z „SQLINTEGER *” do „SQLLEN *”
      C:\backkup d\OldSchool_src\Server\GameServer\FieldServer\main\AtumFieldDBManager.cpp(1445,83):
      Wskazane typy nie są powiązane; konwersja wymaga operatora reinterpret_cast, rzutowania w stylu języka C lub rzutowania w stylu funkcji ujętego w nawiasach
      C:\Program Files (x86)\Windows Kits\10\Include\10.0.26100.0\um\sql.h(618,20):
      zobacz deklarację „SQLBindCol”
      C:\backkup d\OldSchool_src\Server\GameServer\FieldServer\main\AtumFieldDBManager.cpp(1445,2):
      podczas próby dopasowania listy argumentów "(SQLHSTMT, int, int, CinemaOrder_t *, int, SQLINTEGER *)"
  
C:\backkup d\OldSchool_src\Server\GameServer\FieldServer\main\AtumFieldDBManager.cpp(1446,2): error C2664: „SQLRETURN SQLBindCol(SQLHSTMT,SQLUSMALLINT,SQLSMALLINT,SQLPOINTER,SQLLEN,SQLLEN *)”: nie można dokonać konwersji argumentu 6 z „SQLINTEGER *” do „SQLLEN *”
      C:\backkup d\OldSchool_src\Server\GameServer\FieldServer\main\AtumFieldDBManager.cpp(1446,81):
      Wskazane typy nie są powiązane; konwersja wymaga operatora reinterpret_cast, rzutowania w stylu języka C lub rzutowania w stylu funkcji ujętego w nawiasach
      C:\Program Files (x86)\Windows Kits\10\Include\10.0.26100.0\um\sql.h(618,20):
      zobacz deklarację „SQLBindCol”
      C:\backkup d\OldSchool_src\Server\GameServer\FieldServer\main\AtumFieldDBManager.cpp(1446,2):
      podczas próby dopasowania listy argumentów "(SQLHSTMT, int, int, MSec_t *, int, SQLINTEGER *)"
  
C:\backkup d\OldSchool_src\Server\GameServer\FieldServer\main\AtumFieldDBManager.cpp(1447,2): error C2664: „SQLRETURN SQLBindCol(SQLHSTMT,SQLUSMALLINT,SQLSMALLINT,SQLPOINTER,SQLLEN,SQLLEN *)”: nie można dokonać konwersji argumentu 6 z „SQLINTEGER *” do „SQLLEN *”
      C:\backkup d\OldSchool_src\Server\GameServer\FieldServer\main\AtumFieldDBManager.cpp(1447,81):
      Wskazane typy nie są powiązane; konwersja wymaga operatora reinterpret_cast, rzutowania w stylu języka C lub rzutowania w stylu funkcji ujętego w nawiasach
      C:\Program Files (x86)\Windows Kits\10\Include\10.0.26100.0\um\sql.h(618,20):
      zobacz deklarację „SQLBindCol”
      C:\backkup d\OldSchool_src\Server\GameServer\FieldServer\main\AtumFieldDBManager.cpp(1447,2):
      podczas próby dopasowania listy argumentów "(SQLHSTMT, int, int, EffectIdx_t *, int, SQLINTEGER *)"
  
C:\backkup d\OldSchool_src\Server\GameServer\FieldServer\main\AtumFieldDBManager.cpp(1448,2): error C2664: „SQLRETURN SQLBindCol(SQLHSTMT,SQLUSMALLINT,SQLSMALLINT,SQLPOINTER,SQLLEN,SQLLEN *)”: nie można dokonać konwersji argumentu 6 z „SQLINTEGER *” do „SQLLEN *”
      C:\backkup d\OldSchool_src\Server\GameServer\FieldServer\main\AtumFieldDBManager.cpp(1448,86):
      Wskazane typy nie są powiązane; konwersja wymaga operatora reinterpret_cast, rzutowania w stylu języka C lub rzutowania w stylu funkcji ujętego w nawiasach
      C:\Program Files (x86)\Windows Kits\10\Include\10.0.26100.0\um\sql.h(618,20):
      zobacz deklarację „SQLBindCol”
      C:\backkup d\OldSchool_src\Server\GameServer\FieldServer\main\AtumFieldDBManager.cpp(1448,2):
      podczas próby dopasowania listy argumentów "(SQLHSTMT, int, int, Position_t *, int, SQLINTEGER *)"
  
C:\backkup d\OldSchool_src\Server\GameServer\FieldServer\main\AtumFieldDBManager.cpp(1448,2): error C1003: Licznik błędów przekracza 100; zatrzymywanie kompilacji
  GameEventManager.cpp
  GeneralRequestHandler.cpp
  GenericHTTPClient.cpp
  GiveItemManager.cpp
C:\backkup d\OldSchool_src\Server\GameServer\FieldServer\Main\FieldODBC.cpp(93,2): error C2664: „SQLRETURN SQLBindParameter(SQLHSTMT,SQLUSMALLINT,SQLSMALLINT,SQLSMALLINT,SQLSMALLINT,SQLULEN,SQLSMALLINT,SQLPOINTER,SQLLEN,SQLLEN *)”: nie można dokonać konwersji argumentu 10 z „SQLINTEGER *” do „SQLLEN *”
      C:\backkup d\OldSchool_src\Server\GameServer\FieldServer\Main\FieldODBC.cpp(93,113):
      Wskazane typy nie są powiązane; konwersja wymaga operatora reinterpret_cast, rzutowania w stylu języka C lub rzutowania w stylu funkcji ujętego w nawiasach
      C:\Program Files (x86)\Windows Kits\10\Include\10.0.26100.0\um\sqlext.h(2085,19):
      zobacz deklarację „SQLBindParameter”
      C:\backkup d\OldSchool_src\Server\GameServer\FieldServer\Main\FieldODBC.cpp(93,2):
      podczas próby dopasowania listy argumentów "(SQLHSTMT, int, int, int, int, int, int, UID32_t *, int, SQLINTEGER *)"
  
C:\backkup d\OldSchool_src\Server\GameServer\FieldServer\Main\FieldODBC.cpp(94,2): error C2664: „SQLRETURN SQLBindParameter(SQLHSTMT,SQLUSMALLINT,SQLSMALLINT,SQLSMALLINT,SQLSMALLINT,SQLULEN,SQLSMALLINT,SQLPOINTER,SQLLEN,SQLLEN *)”: nie można dokonać konwersji argumentu 10 z „SQLINTEGER *” do „SQLLEN *”
      C:\backkup d\OldSchool_src\Server\GameServer\FieldServer\Main\FieldODBC.cpp(94,134):
      Wskazane typy nie są powiązane; konwersja wymaga operatora reinterpret_cast, rzutowania w stylu języka C lub rzutowania w stylu funkcji ujętego w nawiasach
      C:\Program Files (x86)\Windows Kits\10\Include\10.0.26100.0\um\sqlext.h(2085,19):
      zobacz deklarację „SQLBindParameter”
      C:\backkup d\OldSchool_src\Server\GameServer\FieldServer\Main\FieldODBC.cpp(94,2):
      podczas próby dopasowania listy argumentów "(SQLHSTMT, int, int, int, int, int, int, char *, int, SQLINTEGER *)"
  
C:\backkup d\OldSchool_src\Server\GameServer\FieldServer\Main\FieldODBC.cpp(95,2): error C2664: „SQLRETURN SQLBindParameter(SQLHSTMT,SQLUSMALLINT,SQLSMALLINT,SQLSMALLINT,SQLSMALLINT,SQLULEN,SQLSMALLINT,SQLPOINTER,SQLLEN,SQLLEN *)”: nie można dokonać konwersji argumentu 10 z „SQLINTEGER *” do „SQLLEN *”
      C:\backkup d\OldSchool_src\Server\GameServer\FieldServer\Main\FieldODBC.cpp(95,134):
      Wskazane typy nie są powiązane; konwersja wymaga operatora reinterpret_cast, rzutowania w stylu języka C lub rzutowania w stylu funkcji ujętego w nawiasach
      C:\Program Files (x86)\Windows Kits\10\Include\10.0.26100.0\um\sqlext.h(2085,19):
      zobacz deklarację „SQLBindParameter”
      C:\backkup d\OldSchool_src\Server\GameServer\FieldServer\Main\FieldODBC.cpp(95,2):
      podczas próby dopasowania listy argumentów "(SQLHSTMT, int, int, int, int, int, int, char *, int, SQLINTEGER *)"
  
  Global.cpp
  GlobalFunc.cpp
C:\backkup d\OldSchool_src\Common\GlobalFunc.cpp(67,2): error C4235: użyto niestandardowego rozszerzenia: słowo kluczowe „__asm” nie jest obsługiwane w tej architekturze
C:\backkup d\OldSchool_src\Common\GlobalFunc.cpp(69,3): error C2065: "fld": niezadeklarowany identyfikator
C:\backkup d\OldSchool_src\Common\GlobalFunc.cpp(69,8): error C2146: błąd składniowy: brakuje „;” przed identyfikatorem „f”
C:\backkup d\OldSchool_src\Common\GlobalFunc.cpp(70,3): error C2146: błąd składniowy: brakuje „;” przed identyfikatorem „fistp”
C:\backkup d\OldSchool_src\Common\GlobalFunc.cpp(70,3): error C2065: "fistp": niezadeklarowany identyfikator
C:\backkup d\OldSchool_src\Common\GlobalFunc.cpp(70,9): error C2146: błąd składniowy: brakuje „;” przed identyfikatorem „i”
C:\backkup d\OldSchool_src\Common\GlobalFunc.cpp(71,2): error C2143: błąd składniowy: brakuje „;” przed „}”
C:\backkup d\OldSchool_src\Common\GlobalFunc.cpp(98,5): error C4235: użyto niestandardowego rozszerzenia: słowo kluczowe „__asm” nie jest obsługiwane w tej architekturze
C:\backkup d\OldSchool_src\Common\GlobalFunc.cpp(100,3): error C2065: "fld": niezadeklarowany identyfikator
C:\backkup d\OldSchool_src\Common\GlobalFunc.cpp(100,8): error C2146: błąd składniowy: brakuje „;” przed identyfikatorem „fValue”
C:\backkup d\OldSchool_src\Common\GlobalFunc.cpp(101,3): error C2146: błąd składniowy: brakuje „;” przed identyfikatorem „fadd”
C:\backkup d\OldSchool_src\Common\GlobalFunc.cpp(101,3): error C2065: "fadd": niezadeklarowany identyfikator
C:\backkup d\OldSchool_src\Common\GlobalFunc.cpp(101,8): error C2146: błąd składniowy: brakuje „;” przed identyfikatorem „round_to_nearest”
C:\backkup d\OldSchool_src\Common\GlobalFunc.cpp(102,3): error C2146: błąd składniowy: brakuje „;” przed identyfikatorem „fistp”
C:\backkup d\OldSchool_src\Common\GlobalFunc.cpp(102,3): error C2065: "fistp": niezadeklarowany identyfikator
C:\backkup d\OldSchool_src\Common\GlobalFunc.cpp(102,9): error C2146: błąd składniowy: brakuje „;” przed identyfikatorem „iValue”
C:\backkup d\OldSchool_src\Common\GlobalFunc.cpp(103,2): error C2143: błąd składniowy: brakuje „;” przed „}”
C:\backkup d\OldSchool_src\Common\GlobalFunc.cpp(129,2): error C4235: użyto niestandardowego rozszerzenia: słowo kluczowe „__asm” nie jest obsługiwane w tej architekturze
C:\backkup d\OldSchool_src\Common\GlobalFunc.cpp(131,3): error C2065: "fld": niezadeklarowany identyfikator
C:\backkup d\OldSchool_src\Common\GlobalFunc.cpp(131,10): error C2146: błąd składniowy: brakuje „;” przed identyfikatorem „a”
C:\backkup d\OldSchool_src\Common\GlobalFunc.cpp(132,3): error C2146: błąd składniowy: brakuje „;” przed identyfikatorem „fnstcw”
C:\backkup d\OldSchool_src\Common\GlobalFunc.cpp(132,3): error C2065: "fnstcw": niezadeklarowany identyfikator
C:\backkup d\OldSchool_src\Common\GlobalFunc.cpp(132,10): error C2146: błąd składniowy: brakuje „;” przed identyfikatorem „CtrlwdHolder”
C:\backkup d\OldSchool_src\Common\GlobalFunc.cpp(133,3): error C2146: błąd składniowy: brakuje „;” przed identyfikatorem „movzx”
C:\backkup d\OldSchool_src\Common\GlobalFunc.cpp(133,3): error C2065: "movzx": niezadeklarowany identyfikator
C:\backkup d\OldSchool_src\Common\GlobalFunc.cpp(133,10): error C2146: błąd składniowy: brakuje „;” przed identyfikatorem „eax”
C:\backkup d\OldSchool_src\Common\GlobalFunc.cpp(133,10): error C2065: "eax": niezadeklarowany identyfikator
C:\backkup d\OldSchool_src\Common\GlobalFunc.cpp(134,3): error C2146: błąd składniowy: brakuje „;” przed identyfikatorem „and”
C:\backkup d\OldSchool_src\Common\GlobalFunc.cpp(134,3): error C2065: "and": niezadeklarowany identyfikator
C:\backkup d\OldSchool_src\Common\GlobalFunc.cpp(134,10): error C2146: błąd składniowy: brakuje „;” przed identyfikatorem „eax”
C:\backkup d\OldSchool_src\Common\GlobalFunc.cpp(134,10): error C2065: "eax": niezadeklarowany identyfikator
C:\backkup d\OldSchool_src\Common\GlobalFunc.cpp(135,3): error C2146: błąd składniowy: brakuje „;” przed identyfikatorem „or”
C:\backkup d\OldSchool_src\Common\GlobalFunc.cpp(135,3): error C2065: "or": niezadeklarowany identyfikator
C:\backkup d\OldSchool_src\Common\GlobalFunc.cpp(135,10): error C2146: błąd składniowy: brakuje „;” przed identyfikatorem „eax”
C:\backkup d\OldSchool_src\Common\GlobalFunc.cpp(135,10): error C2065: "eax": niezadeklarowany identyfikator
C:\backkup d\OldSchool_src\Common\GlobalFunc.cpp(136,3): error C2146: błąd składniowy: brakuje „;” przed identyfikatorem „mov”
C:\backkup d\OldSchool_src\Common\GlobalFunc.cpp(136,3): error C2065: "mov": niezadeklarowany identyfikator
C:\backkup d\OldSchool_src\Common\GlobalFunc.cpp(136,10): error C2146: błąd składniowy: brakuje „;” przed identyfikatorem „CtrlwdSetter”
C:\backkup d\OldSchool_src\Common\GlobalFunc.cpp(136,24): error C2065: "eax": niezadeklarowany identyfikator
C:\backkup d\OldSchool_src\Common\GlobalFunc.cpp(137,3): error C2146: błąd składniowy: brakuje „;” przed identyfikatorem „fldcw”
C:\backkup d\OldSchool_src\Common\GlobalFunc.cpp(137,3): error C2065: "fldcw": niezadeklarowany identyfikator
C:\backkup d\OldSchool_src\Common\GlobalFunc.cpp(137,10): error C2146: błąd składniowy: brakuje „;” przed identyfikatorem „CtrlwdSetter”
C:\backkup d\OldSchool_src\Common\GlobalFunc.cpp(138,3): error C2146: błąd składniowy: brakuje „;” przed identyfikatorem „fistp”
C:\backkup d\OldSchool_src\Common\GlobalFunc.cpp(138,3): error C2065: "fistp": niezadeklarowany identyfikator
C:\backkup d\OldSchool_src\Common\GlobalFunc.cpp(138,10): error C2146: błąd składniowy: brakuje „;” przed identyfikatorem „RetVal”
C:\backkup d\OldSchool_src\Common\GlobalFunc.cpp(139,3): error C2146: błąd składniowy: brakuje „;” przed identyfikatorem „fldcw”
C:\backkup d\OldSchool_src\Common\GlobalFunc.cpp(139,3): error C2065: "fldcw": niezadeklarowany identyfikator
C:\backkup d\OldSchool_src\Common\GlobalFunc.cpp(139,10): error C2146: błąd składniowy: brakuje „;” przed identyfikatorem „CtrlwdHolder”
C:\backkup d\OldSchool_src\Common\GlobalFunc.cpp(140,2): error C2143: błąd składniowy: brakuje „;” przed „}”
  GlobalGameServer.cpp
  GuildDamageManager.cpp
  GuildItemManager.cpp
  GuildWar.cpp
  HappyHourEventManager.cpp
  IMWinSocket.cpp
  InfinityBase.cpp
  InfinityBossrush.cpp
  InfinityDefence.cpp
  InfinityManager.cpp
C:\backkup d\OldSchool_src\Server\GameServer\FieldServer\main\FieldMapProject.cpp(225,2): error C2664: „SQLRETURN SQLBindCol(SQLHSTMT,SQLUSMALLINT,SQLSMALLINT,SQLPOINTER,SQLLEN,SQLLEN *)”: nie można dokonać konwersji argumentu 6 z „SDWORD *” do „SQLLEN *”
      C:\backkup d\OldSchool_src\Server\GameServer\FieldServer\main\FieldMapProject.cpp(225,78):
      Wskazane typy nie są powiązane; konwersja wymaga operatora reinterpret_cast, rzutowania w stylu języka C lub rzutowania w stylu funkcji ujętego w nawiasach
      C:\Program Files (x86)\Windows Kits\10\Include\10.0.26100.0\um\sql.h(618,20):
      zobacz deklarację „SQLBindCol”
      C:\backkup d\OldSchool_src\Server\GameServer\FieldServer\main\FieldMapProject.cpp(225,2):
      podczas próby dopasowania listy argumentów "(SQLHSTMT, int, int, UINT *, int, SDWORD *)"
  
C:\backkup d\OldSchool_src\Server\GameServer\FieldServer\main\FieldMapProject.cpp(227,2): error C2664: „SQLRETURN SQLBindCol(SQLHSTMT,SQLUSMALLINT,SQLSMALLINT,SQLPOINTER,SQLLEN,SQLLEN *)”: nie można dokonać konwersji argumentu 6 z „SDWORD *” do „SQLLEN *”
      C:\backkup d\OldSchool_src\Server\GameServer\FieldServer\main\FieldMapProject.cpp(227,92):
      Wskazane typy nie są powiązane; konwersja wymaga operatora reinterpret_cast, rzutowania w stylu języka C lub rzutowania w stylu funkcji ujętego w nawiasach
      C:\Program Files (x86)\Windows Kits\10\Include\10.0.26100.0\um\sql.h(618,20):
      zobacz deklarację „SQLBindCol”
      C:\backkup d\OldSchool_src\Server\GameServer\FieldServer\main\FieldMapProject.cpp(227,2):
      podczas próby dopasowania listy argumentów "(SQLHSTMT, int, int, char [40], int, SDWORD *)"
  
C:\backkup d\OldSchool_src\Server\GameServer\FieldServer\main\FieldMapProject.cpp(228,2): error C2664: „SQLRETURN SQLBindCol(SQLHSTMT,SQLUSMALLINT,SQLSMALLINT,SQLPOINTER,SQLLEN,SQLLEN *)”: nie można dokonać konwersji argumentu 6 z „SDWORD *” do „SQLLEN *”
      C:\backkup d\OldSchool_src\Server\GameServer\FieldServer\main\FieldMapProject.cpp(228,78):
      Wskazane typy nie są powiązane; konwersja wymaga operatora reinterpret_cast, rzutowania w stylu języka C lub rzutowania w stylu funkcji ujętego w nawiasach
      C:\Program Files (x86)\Windows Kits\10\Include\10.0.26100.0\um\sql.h(618,20):
      zobacz deklarację „SQLBindCol”
      C:\backkup d\OldSchool_src\Server\GameServer\FieldServer\main\FieldMapProject.cpp(228,2):
      podczas próby dopasowania listy argumentów "(SQLHSTMT, int, int, BYTE *, int, SDWORD *)"
  
C:\backkup d\OldSchool_src\Server\GameServer\FieldServer\main\FieldMapProject.cpp(230,2): error C2664: „SQLRETURN SQLBindCol(SQLHSTMT,SQLUSMALLINT,SQLSMALLINT,SQLPOINTER,SQLLEN,SQLLEN *)”: nie można dokonać konwersji argumentu 6 z „SDWORD *” do „SQLLEN *”
      C:\backkup d\OldSchool_src\Server\GameServer\FieldServer\main\FieldMapProject.cpp(230,74):
      Wskazane typy nie są powiązane; konwersja wymaga operatora reinterpret_cast, rzutowania w stylu języka C lub rzutowania w stylu funkcji ujętego w nawiasach
      C:\Program Files (x86)\Windows Kits\10\Include\10.0.26100.0\um\sql.h(618,20):
      zobacz deklarację „SQLBindCol”
      C:\backkup d\OldSchool_src\Server\GameServer\FieldServer\main\FieldMapProject.cpp(230,2):
      podczas próby dopasowania listy argumentów "(SQLHSTMT, int, int, MapIndex_t *, int, SDWORD *)"
  
C:\backkup d\OldSchool_src\Server\GameServer\FieldServer\main\FieldMapProject.cpp(231,2): error C2664: „SQLRETURN SQLBindCol(SQLHSTMT,SQLUSMALLINT,SQLSMALLINT,SQLPOINTER,SQLLEN,SQLLEN *)”: nie można dokonać konwersji argumentu 6 z „SDWORD *” do „SQLLEN *”
      C:\backkup d\OldSchool_src\Server\GameServer\FieldServer\main\FieldMapProject.cpp(231,74):
      Wskazane typy nie są powiązane; konwersja wymaga operatora reinterpret_cast, rzutowania w stylu języka C lub rzutowania w stylu funkcji ujętego w nawiasach
      C:\Program Files (x86)\Windows Kits\10\Include\10.0.26100.0\um\sql.h(618,20):
      zobacz deklarację „SQLBindCol”
      C:\backkup d\OldSchool_src\Server\GameServer\FieldServer\main\FieldMapProject.cpp(231,2):
      podczas próby dopasowania listy argumentów "(SQLHSTMT, int, int, UINT *, int, SDWORD *)"
  
C:\backkup d\OldSchool_src\Server\GameServer\FieldServer\main\FieldMapProject.cpp(233,2): error C2664: „SQLRETURN SQLBindCol(SQLHSTMT,SQLUSMALLINT,SQLSMALLINT,SQLPOINTER,SQLLEN,SQLLEN *)”: nie można dokonać konwersji argumentu 6 z „SDWORD *” do „SQLLEN *”
      C:\backkup d\OldSchool_src\Server\GameServer\FieldServer\main\FieldMapProject.cpp(233,85):
      Wskazane typy nie są powiązane; konwersja wymaga operatora reinterpret_cast, rzutowania w stylu języka C lub rzutowania w stylu funkcji ujętego w nawiasach
      C:\Program Files (x86)\Windows Kits\10\Include\10.0.26100.0\um\sql.h(618,20):
      zobacz deklarację „SQLBindCol”
      C:\backkup d\OldSchool_src\Server\GameServer\FieldServer\main\FieldMapProject.cpp(233,2):
      podczas próby dopasowania listy argumentów "(SQLHSTMT, int, int, char [40], int, SDWORD *)"
  
C:\backkup d\OldSchool_src\Server\GameServer\FieldServer\main\FieldMapProject.cpp(235,2): error C2664: „SQLRETURN SQLBindCol(SQLHSTMT,SQLUSMALLINT,SQLSMALLINT,SQLPOINTER,SQLLEN,SQLLEN *)”: nie można dokonać konwersji argumentu 6 z „SDWORD *” do „SQLLEN *”
      C:\backkup d\OldSchool_src\Server\GameServer\FieldServer\main\FieldMapProject.cpp(235,103):
      Wskazane typy nie są powiązane; konwersja wymaga operatora reinterpret_cast, rzutowania w stylu języka C lub rzutowania w stylu funkcji ujętego w nawiasach
      C:\Program Files (x86)\Windows Kits\10\Include\10.0.26100.0\um\sql.h(618,20):
      zobacz deklarację „SQLBindCol”
      C:\backkup d\OldSchool_src\Server\GameServer\FieldServer\main\FieldMapProject.cpp(235,2):
      podczas próby dopasowania listy argumentów "(SQLHSTMT, int, int, char [1000], int, SDWORD *)"
  
C:\backkup d\OldSchool_src\Server\GameServer\FieldServer\main\FieldMapProject.cpp(236,2): error C2664: „SQLRETURN SQLBindCol(SQLHSTMT,SQLUSMALLINT,SQLSMALLINT,SQLPOINTER,SQLLEN,SQLLEN *)”: nie można dokonać konwersji argumentu 6 z „SDWORD *” do „SQLLEN *”
      C:\backkup d\OldSchool_src\Server\GameServer\FieldServer\main\FieldMapProject.cpp(236,81):
      Wskazane typy nie są powiązane; konwersja wymaga operatora reinterpret_cast, rzutowania w stylu języka C lub rzutowania w stylu funkcji ujętego w nawiasach
      C:\Program Files (x86)\Windows Kits\10\Include\10.0.26100.0\um\sql.h(618,20):
      zobacz deklarację „SQLBindCol”
      C:\backkup d\OldSchool_src\Server\GameServer\FieldServer\main\FieldMapProject.cpp(236,2):
      podczas próby dopasowania listy argumentów "(SQLHSTMT, int, int, MapIndex_t *, int, SDWORD *)"
  
C:\backkup d\OldSchool_src\Server\GameServer\FieldServer\main\FieldMapProject.cpp(237,2): error C2664: „SQLRETURN SQLBindCol(SQLHSTMT,SQLUSMALLINT,SQLSMALLINT,SQLPOINTER,SQLLEN,SQLLEN *)”: nie można dokonać konwersji argumentu 6 z „SDWORD *” do „SQLLEN *”
      C:\backkup d\OldSchool_src\Server\GameServer\FieldServer\main\FieldMapProject.cpp(237,80):
      Wskazane typy nie są powiązane; konwersja wymaga operatora reinterpret_cast, rzutowania w stylu języka C lub rzutowania w stylu funkcji ujętego w nawiasach
      C:\Program Files (x86)\Windows Kits\10\Include\10.0.26100.0\um\sql.h(618,20):
      zobacz deklarację „SQLBindCol”
      C:\backkup d\OldSchool_src\Server\GameServer\FieldServer\main\FieldMapProject.cpp(237,2):
      podczas próby dopasowania listy argumentów "(SQLHSTMT, int, int, INT *, int, SDWORD *)"
  
C:\backkup d\OldSchool_src\Server\GameServer\FieldServer\main\FieldMapProject.cpp(326,2): error C2664: „SQLRETURN SQLBindCol(SQLHSTMT,SQLUSMALLINT,SQLSMALLINT,SQLPOINTER,SQLLEN,SQLLEN *)”: nie można dokonać konwersji argumentu 6 z „SQLINTEGER *” do „SQLLEN *”
      C:\backkup d\OldSchool_src\Server\GameServer\FieldServer\main\FieldMapProject.cpp(326,53):
      Wskazane typy nie są powiązane; konwersja wymaga operatora reinterpret_cast, rzutowania w stylu języka C lub rzutowania w stylu funkcji ujętego w nawiasach
      C:\Program Files (x86)\Windows Kits\10\Include\10.0.26100.0\um\sql.h(618,20):
      zobacz deklarację „SQLBindCol”
      C:\backkup d\OldSchool_src\Server\GameServer\FieldServer\main\FieldMapProject.cpp(326,2):
      podczas próby dopasowania listy argumentów "(SQLHSTMT, int, int, UINT *, int, SQLINTEGER *)"
  
C:\backkup d\OldSchool_src\Server\GameServer\FieldServer\main\FieldMapProject.cpp(327,2): error C2664: „SQLRETURN SQLBindCol(SQLHSTMT,SQLUSMALLINT,SQLSMALLINT,SQLPOINTER,SQLLEN,SQLLEN *)”: nie można dokonać konwersji argumentu 6 z „SQLINTEGER *” do „SQLLEN *”
      C:\backkup d\OldSchool_src\Server\GameServer\FieldServer\main\FieldMapProject.cpp(327,58):
      Wskazane typy nie są powiązane; konwersja wymaga operatora reinterpret_cast, rzutowania w stylu języka C lub rzutowania w stylu funkcji ujętego w nawiasach
      C:\Program Files (x86)\Windows Kits\10\Include\10.0.26100.0\um\sql.h(618,20):
      zobacz deklarację „SQLBindCol”
      C:\backkup d\OldSchool_src\Server\GameServer\FieldServer\main\FieldMapProject.cpp(327,2):
      podczas próby dopasowania listy argumentów "(SQLHSTMT, int, int, UINT *, int, SQLINTEGER *)"
  
C:\backkup d\OldSchool_src\Server\GameServer\FieldServer\main\FieldMapProject.cpp(328,2): error C2664: „SQLRETURN SQLBindCol(SQLHSTMT,SQLUSMALLINT,SQLSMALLINT,SQLPOINTER,SQLLEN,SQLLEN *)”: nie można dokonać konwersji argumentu 6 z „SQLINTEGER *” do „SQLLEN *”
      C:\backkup d\OldSchool_src\Server\GameServer\FieldServer\main\FieldMapProject.cpp(328,63):
      Wskazane typy nie są powiązane; konwersja wymaga operatora reinterpret_cast, rzutowania w stylu języka C lub rzutowania w stylu funkcji ujętego w nawiasach
      C:\Program Files (x86)\Windows Kits\10\Include\10.0.26100.0\um\sql.h(618,20):
      zobacz deklarację „SQLBindCol”
      C:\backkup d\OldSchool_src\Server\GameServer\FieldServer\main\FieldMapProject.cpp(328,2):
      podczas próby dopasowania listy argumentów "(SQLHSTMT, int, int, UINT *, int, SQLINTEGER *)"
  
C:\backkup d\OldSchool_src\Server\GameServer\FieldServer\main\FieldMapProject.cpp(329,2): error C2664: „SQLRETURN SQLBindCol(SQLHSTMT,SQLUSMALLINT,SQLSMALLINT,SQLPOINTER,SQLLEN,SQLLEN *)”: nie można dokonać konwersji argumentu 6 z „SQLINTEGER *” do „SQLLEN *”
      C:\backkup d\OldSchool_src\Server\GameServer\FieldServer\main\FieldMapProject.cpp(329,60):
      Wskazane typy nie są powiązane; konwersja wymaga operatora reinterpret_cast, rzutowania w stylu języka C lub rzutowania w stylu funkcji ujętego w nawiasach
      C:\Program Files (x86)\Windows Kits\10\Include\10.0.26100.0\um\sql.h(618,20):
      zobacz deklarację „SQLBindCol”
      C:\backkup d\OldSchool_src\Server\GameServer\FieldServer\main\FieldMapProject.cpp(329,2):
      podczas próby dopasowania listy argumentów "(SQLHSTMT, int, int, UINT *, int, SQLINTEGER *)"
  
C:\backkup d\OldSchool_src\Server\GameServer\FieldServer\main\FieldMapProject.cpp(331,2): error C2664: „SQLRETURN SQLBindCol(SQLHSTMT,SQLUSMALLINT,SQLSMALLINT,SQLPOINTER,SQLLEN,SQLLEN *)”: nie można dokonać konwersji argumentu 6 z „SQLINTEGER *” do „SQLLEN *”
      C:\backkup d\OldSchool_src\Server\GameServer\FieldServer\main\FieldMapProject.cpp(331,79):
      Wskazane typy nie są powiązane; konwersja wymaga operatora reinterpret_cast, rzutowania w stylu języka C lub rzutowania w stylu funkcji ujętego w nawiasach
      C:\Program Files (x86)\Windows Kits\10\Include\10.0.26100.0\um\sql.h(618,20):
      zobacz deklarację „SQLBindCol”
      C:\backkup d\OldSchool_src\Server\GameServer\FieldServer\main\FieldMapProject.cpp(331,2):
      podczas próby dopasowania listy argumentów "(SQLHSTMT, int, int, char [40], int, SQLINTEGER *)"
  
C:\backkup d\OldSchool_src\Server\GameServer\FieldServer\main\FieldMapProject.cpp(332,2): error C2664: „SQLRETURN SQLBindCol(SQLHSTMT,SQLUSMALLINT,SQLSMALLINT,SQLPOINTER,SQLLEN,SQLLEN *)”: nie można dokonać konwersji argumentu 6 z „SQLINTEGER *” do „SQLLEN *”
      C:\backkup d\OldSchool_src\Server\GameServer\FieldServer\main\FieldMapProject.cpp(332,48):
      Wskazane typy nie są powiązane; konwersja wymaga operatora reinterpret_cast, rzutowania w stylu języka C lub rzutowania w stylu funkcji ujętego w nawiasach
      C:\Program Files (x86)\Windows Kits\10\Include\10.0.26100.0\um\sql.h(618,20):
      zobacz deklarację „SQLBindCol”
      C:\backkup d\OldSchool_src\Server\GameServer\FieldServer\main\FieldMapProject.cpp(332,2):
      podczas próby dopasowania listy argumentów "(SQLHSTMT, int, int, INT *, int, SQLINTEGER *)"
  
C:\backkup d\OldSchool_src\Server\GameServer\FieldServer\main\FieldMapProject.cpp(515,2): error C2664: „SQLRETURN SQLBindCol(SQLHSTMT,SQLUSMALLINT,SQLSMALLINT,SQLPOINTER,SQLLEN,SQLLEN *)”: nie można dokonać konwersji argumentu 6 z „SQLINTEGER *” do „SQLLEN *”
      C:\backkup d\OldSchool_src\Server\GameServer\FieldServer\main\FieldMapProject.cpp(515,55):
      Wskazane typy nie są powiązane; konwersja wymaga operatora reinterpret_cast, rzutowania w stylu języka C lub rzutowania w stylu funkcji ujętego w nawiasach
      C:\Program Files (x86)\Windows Kits\10\Include\10.0.26100.0\um\sql.h(618,20):
      zobacz deklarację „SQLBindCol”
      C:\backkup d\OldSchool_src\Server\GameServer\FieldServer\main\FieldMapProject.cpp(515,2):
      podczas próby dopasowania listy argumentów "(SQLHSTMT, int, int, UINT *, int, SQLINTEGER *)"
  
C:\backkup d\OldSchool_src\Server\GameServer\FieldServer\main\FieldMapProject.cpp(561,4): error C2664: „SQLRETURN SQLBindCol(SQLHSTMT,SQLUSMALLINT,SQLSMALLINT,SQLPOINTER,SQLLEN,SQLLEN *)”: nie można dokonać konwersji argumentu 6 z „SQLINTEGER *” do „SQLLEN *”
      C:\backkup d\OldSchool_src\Server\GameServer\FieldServer\main\FieldMapProject.cpp(561,64):
      Wskazane typy nie są powiązane; konwersja wymaga operatora reinterpret_cast, rzutowania w stylu języka C lub rzutowania w stylu funkcji ujętego w nawiasach
      C:\Program Files (x86)\Windows Kits\10\Include\10.0.26100.0\um\sql.h(618,20):
      zobacz deklarację „SQLBindCol”
      C:\backkup d\OldSchool_src\Server\GameServer\FieldServer\main\FieldMapProject.cpp(561,4):
      podczas próby dopasowania listy argumentów "(SQLHSTMT, int, int, UINT *, int, SQLINTEGER *)"
  
C:\backkup d\OldSchool_src\Server\GameServer\FieldServer\main\FieldMapProject.cpp(562,4): error C2664: „SQLRETURN SQLBindCol(SQLHSTMT,SQLUSMALLINT,SQLSMALLINT,SQLPOINTER,SQLLEN,SQLLEN *)”: nie można dokonać konwersji argumentu 6 z „SQLINTEGER *” do „SQLLEN *”
      C:\backkup d\OldSchool_src\Server\GameServer\FieldServer\main\FieldMapProject.cpp(562,76):
      Wskazane typy nie są powiązane; konwersja wymaga operatora reinterpret_cast, rzutowania w stylu języka C lub rzutowania w stylu funkcji ujętego w nawiasach
      C:\Program Files (x86)\Windows Kits\10\Include\10.0.26100.0\um\sql.h(618,20):
      zobacz deklarację „SQLBindCol”
      C:\backkup d\OldSchool_src\Server\GameServer\FieldServer\main\FieldMapProject.cpp(562,4):
      podczas próby dopasowania listy argumentów "(SQLHSTMT, int, int, char [40], int, SQLINTEGER *)"
  
C:\backkup d\OldSchool_src\Server\GameServer\FieldServer\main\FieldMapProject.cpp(563,4): error C2664: „SQLRETURN SQLBindCol(SQLHSTMT,SQLUSMALLINT,SQLSMALLINT,SQLPOINTER,SQLLEN,SQLLEN *)”: nie można dokonać konwersji argumentu 6 z „SQLINTEGER *” do „SQLLEN *”
      C:\backkup d\OldSchool_src\Server\GameServer\FieldServer\main\FieldMapProject.cpp(563,71):
      Wskazane typy nie są powiązane; konwersja wymaga operatora reinterpret_cast, rzutowania w stylu języka C lub rzutowania w stylu funkcji ujętego w nawiasach
      C:\Program Files (x86)\Windows Kits\10\Include\10.0.26100.0\um\sql.h(618,20):
      zobacz deklarację „SQLBindCol”
      C:\backkup d\OldSchool_src\Server\GameServer\FieldServer\main\FieldMapProject.cpp(563,4):
      podczas próby dopasowania listy argumentów "(SQLHSTMT, int, int, USHORT *, int, SQLINTEGER *)"
  
C:\backkup d\OldSchool_src\Server\GameServer\FieldServer\main\FieldMapProject.cpp(564,4): error C2664: „SQLRETURN SQLBindCol(SQLHSTMT,SQLUSMALLINT,SQLSMALLINT,SQLPOINTER,SQLLEN,SQLLEN *)”: nie można dokonać konwersji argumentu 6 z „SQLINTEGER *” do „SQLLEN *”
      C:\backkup d\OldSchool_src\Server\GameServer\FieldServer\main\FieldMapProject.cpp(564,61):
      Wskazane typy nie są powiązane; konwersja wymaga operatora reinterpret_cast, rzutowania w stylu języka C lub rzutowania w stylu funkcji ujętego w nawiasach
      C:\Program Files (x86)\Windows Kits\10\Include\10.0.26100.0\um\sql.h(618,20):
      zobacz deklarację „SQLBindCol”
      C:\backkup d\OldSchool_src\Server\GameServer\FieldServer\main\FieldMapProject.cpp(564,4):
      podczas próby dopasowania listy argumentów "(SQLHSTMT, int, int, INT *, int, SQLINTEGER *)"
  
C:\backkup d\OldSchool_src\Server\GameServer\FieldServer\main\FieldMapProject.cpp(565,4): error C2664: „SQLRETURN SQLBindCol(SQLHSTMT,SQLUSMALLINT,SQLSMALLINT,SQLPOINTER,SQLLEN,SQLLEN *)”: nie można dokonać konwersji argumentu 6 z „SQLINTEGER *” do „SQLLEN *”
      C:\backkup d\OldSchool_src\Server\GameServer\FieldServer\main\FieldMapProject.cpp(565,67):
      Wskazane typy nie są powiązane; konwersja wymaga operatora reinterpret_cast, rzutowania w stylu języka C lub rzutowania w stylu funkcji ujętego w nawiasach
      C:\Program Files (x86)\Windows Kits\10\Include\10.0.26100.0\um\sql.h(618,20):
      zobacz deklarację „SQLBindCol”
      C:\backkup d\OldSchool_src\Server\GameServer\FieldServer\main\FieldMapProject.cpp(565,4):
      podczas próby dopasowania listy argumentów "(SQLHSTMT, int, int, BYTE *, int, SQLINTEGER *)"
  
C:\backkup d\OldSchool_src\Server\GameServer\FieldServer\main\FieldMapProject.cpp(566,4): error C2664: „SQLRETURN SQLBindCol(SQLHSTMT,SQLUSMALLINT,SQLSMALLINT,SQLPOINTER,SQLLEN,SQLLEN *)”: nie można dokonać konwersji argumentu 6 z „SQLINTEGER *” do „SQLLEN *”
      C:\backkup d\OldSchool_src\Server\GameServer\FieldServer\main\FieldMapProject.cpp(566,61):
      Wskazane typy nie są powiązane; konwersja wymaga operatora reinterpret_cast, rzutowania w stylu języka C lub rzutowania w stylu funkcji ujętego w nawiasach
      C:\Program Files (x86)\Windows Kits\10\Include\10.0.26100.0\um\sql.h(618,20):
      zobacz deklarację „SQLBindCol”
      C:\backkup d\OldSchool_src\Server\GameServer\FieldServer\main\FieldMapProject.cpp(566,4):
      podczas próby dopasowania listy argumentów "(SQLHSTMT, int, int, BYTE *, int, SQLINTEGER *)"
  
C:\backkup d\OldSchool_src\Server\GameServer\FieldServer\main\FieldMapProject.cpp(567,4): error C2664: „SQLRETURN SQLBindCol(SQLHSTMT,SQLUSMALLINT,SQLSMALLINT,SQLPOINTER,SQLLEN,SQLLEN *)”: nie można dokonać konwersji argumentu 6 z „SQLINTEGER *” do „SQLLEN *”
      C:\backkup d\OldSchool_src\Server\GameServer\FieldServer\main\FieldMapProject.cpp(567,64):
      Wskazane typy nie są powiązane; konwersja wymaga operatora reinterpret_cast, rzutowania w stylu języka C lub rzutowania w stylu funkcji ujętego w nawiasach
      C:\Program Files (x86)\Windows Kits\10\Include\10.0.26100.0\um\sql.h(618,20):
      zobacz deklarację „SQLBindCol”
      C:\backkup d\OldSchool_src\Server\GameServer\FieldServer\main\FieldMapProject.cpp(567,4):
      podczas próby dopasowania listy argumentów "(SQLHSTMT, int, int, BYTE *, int, SQLINTEGER *)"
  
C:\backkup d\OldSchool_src\Server\GameServer\FieldServer\main\FieldMapProject.cpp(568,4): error C2664: „SQLRETURN SQLBindCol(SQLHSTMT,SQLUSMALLINT,SQLSMALLINT,SQLPOINTER,SQLLEN,SQLLEN *)”: nie można dokonać konwersji argumentu 6 z „SQLINTEGER *” do „SQLLEN *”
      C:\backkup d\OldSchool_src\Server\GameServer\FieldServer\main\FieldMapProject.cpp(568,80):
      Wskazane typy nie są powiązane; konwersja wymaga operatora reinterpret_cast, rzutowania w stylu języka C lub rzutowania w stylu funkcji ujętego w nawiasach
      C:\Program Files (x86)\Windows Kits\10\Include\10.0.26100.0\um\sql.h(618,20):
      zobacz deklarację „SQLBindCol”
      C:\backkup d\OldSchool_src\Server\GameServer\FieldServer\main\FieldMapProject.cpp(568,4):
      podczas próby dopasowania listy argumentów "(SQLHSTMT, int, int, INT *, int, SQLINTEGER *)"
  
C:\backkup d\OldSchool_src\Server\GameServer\FieldServer\main\FieldMapProject.cpp(734,2): error C2664: „SQLRETURN SQLBindCol(SQLHSTMT,SQLUSMALLINT,SQLSMALLINT,SQLPOINTER,SQLLEN,SQLLEN *)”: nie można dokonać konwersji argumentu 6 z „SQLINTEGER *” do „SQLLEN *”
      C:\backkup d\OldSchool_src\Server\GameServer\FieldServer\main\FieldMapProject.cpp(734,72):
      Wskazane typy nie są powiązane; konwersja wymaga operatora reinterpret_cast, rzutowania w stylu języka C lub rzutowania w stylu funkcji ujętego w nawiasach
      C:\Program Files (x86)\Windows Kits\10\Include\10.0.26100.0\um\sql.h(618,20):
      zobacz deklarację „SQLBindCol”
      C:\backkup d\OldSchool_src\Server\GameServer\FieldServer\main\FieldMapProject.cpp(734,2):
      podczas próby dopasowania listy argumentów "(SQLHSTMT, int, int, UID32_t *, int, SQLINTEGER *)"
  
C:\backkup d\OldSchool_src\Server\GameServer\FieldServer\main\FieldMapProject.cpp(735,2): error C2664: „SQLRETURN SQLBindCol(SQLHSTMT,SQLUSMALLINT,SQLSMALLINT,SQLPOINTER,SQLLEN,SQLLEN *)”: nie można dokonać konwersji argumentu 6 z „SQLINTEGER *” do „SQLLEN *”
      C:\backkup d\OldSchool_src\Server\GameServer\FieldServer\main\FieldMapProject.cpp(735,87):
      Wskazane typy nie są powiązane; konwersja wymaga operatora reinterpret_cast, rzutowania w stylu języka C lub rzutowania w stylu funkcji ujętego w nawiasach
      C:\Program Files (x86)\Windows Kits\10\Include\10.0.26100.0\um\sql.h(618,20):
      zobacz deklarację „SQLBindCol”
      C:\backkup d\OldSchool_src\Server\GameServer\FieldServer\main\FieldMapProject.cpp(735,2):
      podczas próby dopasowania listy argumentów "(SQLHSTMT, int, int, char [20], int, SQLINTEGER *)"
  
  InfinityMapManager.cpp
C:\backkup d\OldSchool_src\Server\GameServer\FieldServer\Main\FieldItemManager.cpp(3947,2): error C2664: „SQLRETURN SQLBindParameter(SQLHSTMT,SQLUSMALLINT,SQLSMALLINT,SQLSMALLINT,SQLSMALLINT,SQLULEN,SQLSMALLINT,SQLPOINTER,SQLLEN,SQLLEN *)”: nie można dokonać konwersji argumentu 10 z „SQLINTEGER *” do „SQLLEN *”
      C:\backkup d\OldSchool_src\Server\GameServer\FieldServer\Main\FieldItemManager.cpp(3947,95):
      Wskazane typy nie są powiązane; konwersja wymaga operatora reinterpret_cast, rzutowania w stylu języka C lub rzutowania w stylu funkcji ujętego w nawiasach
      C:\Program Files (x86)\Windows Kits\10\Include\10.0.26100.0\um\sqlext.h(2085,19):
      zobacz deklarację „SQLBindParameter”
      C:\backkup d\OldSchool_src\Server\GameServer\FieldServer\Main\FieldItemManager.cpp(3947,2):
      podczas próby dopasowania listy argumentów "(SQLHSTMT, int, int, int, int, int, int, INT *, int, SQLINTEGER *)"
  
C:\backkup d\OldSchool_src\Server\GameServer\FieldServer\Main\FieldItemManager.cpp(3960,2): error C2664: „SQLRETURN SQLBindCol(SQLHSTMT,SQLUSMALLINT,SQLSMALLINT,SQLPOINTER,SQLLEN,SQLLEN *)”: nie można dokonać konwersji argumentu 6 z „SQLINTEGER *” do „SQLLEN *”
      C:\backkup d\OldSchool_src\Server\GameServer\FieldServer\Main\FieldItemManager.cpp(3960,53):
      Wskazane typy nie są powiązane; konwersja wymaga operatora reinterpret_cast, rzutowania w stylu języka C lub rzutowania w stylu funkcji ujętego w nawiasach
      C:\Program Files (x86)\Windows Kits\10\Include\10.0.26100.0\um\sql.h(618,20):
      zobacz deklarację „SQLBindCol”
      C:\backkup d\OldSchool_src\Server\GameServer\FieldServer\Main\FieldItemManager.cpp(3960,2):
      podczas próby dopasowania listy argumentów "(SQLHSTMT, int, int, int *, int, SQLINTEGER *)"
  
C:\backkup d\OldSchool_src\Server\GameServer\FieldServer\Main\FieldItemManager.cpp(3961,2): error C2664: „SQLRETURN SQLBindCol(SQLHSTMT,SQLUSMALLINT,SQLSMALLINT,SQLPOINTER,SQLLEN,SQLLEN *)”: nie można dokonać konwersji argumentu 6 z „SQLINTEGER *” do „SQLLEN *”
      C:\backkup d\OldSchool_src\Server\GameServer\FieldServer\Main\FieldItemManager.cpp(3961,57):
      Wskazane typy nie są powiązane; konwersja wymaga operatora reinterpret_cast, rzutowania w stylu języka C lub rzutowania w stylu funkcji ujętego w nawiasach
      C:\Program Files (x86)\Windows Kits\10\Include\10.0.26100.0\um\sql.h(618,20):
      zobacz deklarację „SQLBindCol”
      C:\backkup d\OldSchool_src\Server\GameServer\FieldServer\Main\FieldItemManager.cpp(3961,2):
      podczas próby dopasowania listy argumentów "(SQLHSTMT, int, int, INT *, int, SQLINTEGER *)"
  
  InfinityMShipBattle.cpp
C:\backkup d\OldSchool_src\Server\GameServer\FieldServer\main\FieldIOCP.cpp(3580,2): error C2664: „SQLRETURN SQLBindCol(SQLHSTMT,SQLUSMALLINT,SQLSMALLINT,SQLPOINTER,SQLLEN,SQLLEN *)”: nie można dokonać konwersji argumentu 6 z „SDWORD *” do „SQLLEN *”
      C:\backkup d\OldSchool_src\Server\GameServer\FieldServer\main\FieldIOCP.cpp(3580,67):
      Wskazane typy nie są powiązane; konwersja wymaga operatora reinterpret_cast, rzutowania w stylu języka C lub rzutowania w stylu funkcji ujętego w nawiasach
      C:\Program Files (x86)\Windows Kits\10\Include\10.0.26100.0\um\sql.h(618,20):
      zobacz deklarację „SQLBindCol”
      C:\backkup d\OldSchool_src\Server\GameServer\FieldServer\main\FieldIOCP.cpp(3580,2):
      podczas próby dopasowania listy argumentów "(SQLHSTMT, int, int, INT *, int, SDWORD *)"
  
C:\backkup d\OldSchool_src\Server\GameServer\FieldServer\main\FieldIOCP.cpp(3581,2): error C2664: „SQLRETURN SQLBindCol(SQLHSTMT,SQLUSMALLINT,SQLSMALLINT,SQLPOINTER,SQLLEN,SQLLEN *)”: nie można dokonać konwersji argumentu 6 z „SDWORD *” do „SQLLEN *”
      C:\backkup d\OldSchool_src\Server\GameServer\FieldServer\main\FieldIOCP.cpp(3581,58):
      Wskazane typy nie są powiązane; konwersja wymaga operatora reinterpret_cast, rzutowania w stylu języka C lub rzutowania w stylu funkcji ujętego w nawiasach
      C:\Program Files (x86)\Windows Kits\10\Include\10.0.26100.0\um\sql.h(618,20):
      zobacz deklarację „SQLBindCol”
      C:\backkup d\OldSchool_src\Server\GameServer\FieldServer\main\FieldIOCP.cpp(3581,2):
      podczas próby dopasowania listy argumentów "(SQLHSTMT, int, int, INT *, int, SDWORD *)"
  
C:\backkup d\OldSchool_src\Server\GameServer\FieldServer\main\FieldIOCP.cpp(3582,2): error C2664: „SQLRETURN SQLBindCol(SQLHSTMT,SQLUSMALLINT,SQLSMALLINT,SQLPOINTER,SQLLEN,SQLLEN *)”: nie można dokonać konwersji argumentu 6 z „SDWORD *” do „SQLLEN *”
      C:\backkup d\OldSchool_src\Server\GameServer\FieldServer\main\FieldIOCP.cpp(3582,56):
      Wskazane typy nie są powiązane; konwersja wymaga operatora reinterpret_cast, rzutowania w stylu języka C lub rzutowania w stylu funkcji ujętego w nawiasach
      C:\Program Files (x86)\Windows Kits\10\Include\10.0.26100.0\um\sql.h(618,20):
      zobacz deklarację „SQLBindCol”
      C:\backkup d\OldSchool_src\Server\GameServer\FieldServer\main\FieldIOCP.cpp(3582,2):
      podczas próby dopasowania listy argumentów "(SQLHSTMT, int, int, INT *, int, SDWORD *)"
  
C:\backkup d\OldSchool_src\Server\GameServer\FieldServer\main\FieldIOCP.cpp(3583,2): error C2664: „SQLRETURN SQLBindCol(SQLHSTMT,SQLUSMALLINT,SQLSMALLINT,SQLPOINTER,SQLLEN,SQLLEN *)”: nie można dokonać konwersji argumentu 6 z „SDWORD *” do „SQLLEN *”
      C:\backkup d\OldSchool_src\Server\GameServer\FieldServer\main\FieldIOCP.cpp(3583,59):
      Wskazane typy nie są powiązane; konwersja wymaga operatora reinterpret_cast, rzutowania w stylu języka C lub rzutowania w stylu funkcji ujętego w nawiasach
      C:\Program Files (x86)\Windows Kits\10\Include\10.0.26100.0\um\sql.h(618,20):
      zobacz deklarację „SQLBindCol”
      C:\backkup d\OldSchool_src\Server\GameServer\FieldServer\main\FieldIOCP.cpp(3583,2):
      podczas próby dopasowania listy argumentów "(SQLHSTMT, int, int, INT *, int, SDWORD *)"
  
C:\backkup d\OldSchool_src\Server\GameServer\FieldServer\main\FieldIOCP.cpp(3584,2): error C2664: „SQLRETURN SQLBindCol(SQLHSTMT,SQLUSMALLINT,SQLSMALLINT,SQLPOINTER,SQLLEN,SQLLEN *)”: nie można dokonać konwersji argumentu 6 z „SDWORD *” do „SQLLEN *”
      C:\backkup d\OldSchool_src\Server\GameServer\FieldServer\main\FieldIOCP.cpp(3584,63):
      Wskazane typy nie są powiązane; konwersja wymaga operatora reinterpret_cast, rzutowania w stylu języka C lub rzutowania w stylu funkcji ujętego w nawiasach
      C:\Program Files (x86)\Windows Kits\10\Include\10.0.26100.0\um\sql.h(618,20):
      zobacz deklarację „SQLBindCol”
      C:\backkup d\OldSchool_src\Server\GameServer\FieldServer\main\FieldIOCP.cpp(3584,2):
      podczas próby dopasowania listy argumentów "(SQLHSTMT, int, int, Prob1000K_t *, int, SDWORD *)"
  
C:\backkup d\OldSchool_src\Server\GameServer\FieldServer\main\FieldIOCP.cpp(3585,2): error C2664: „SQLRETURN SQLBindCol(SQLHSTMT,SQLUSMALLINT,SQLSMALLINT,SQLPOINTER,SQLLEN,SQLLEN *)”: nie można dokonać konwersji argumentu 6 z „SDWORD *” do „SQLLEN *”
      C:\backkup d\OldSchool_src\Server\GameServer\FieldServer\main\FieldIOCP.cpp(3585,68):
      Wskazane typy nie są powiązane; konwersja wymaga operatora reinterpret_cast, rzutowania w stylu języka C lub rzutowania w stylu funkcji ujętego w nawiasach
      C:\Program Files (x86)\Windows Kits\10\Include\10.0.26100.0\um\sql.h(618,20):
      zobacz deklarację „SQLBindCol”
      C:\backkup d\OldSchool_src\Server\GameServer\FieldServer\main\FieldIOCP.cpp(3585,2):
      podczas próby dopasowania listy argumentów "(SQLHSTMT, int, int, Prob100K_t *, int, SDWORD *)"
  
C:\backkup d\OldSchool_src\Server\GameServer\FieldServer\main\FieldIOCP.cpp(3586,2): error C2664: „SQLRETURN SQLBindCol(SQLHSTMT,SQLUSMALLINT,SQLSMALLINT,SQLPOINTER,SQLLEN,SQLLEN *)”: nie można dokonać konwersji argumentu 6 z „SDWORD *” do „SQLLEN *”
      C:\backkup d\OldSchool_src\Server\GameServer\FieldServer\main\FieldIOCP.cpp(3586,68):
      Wskazane typy nie są powiązane; konwersja wymaga operatora reinterpret_cast, rzutowania w stylu języka C lub rzutowania w stylu funkcji ujętego w nawiasach
      C:\Program Files (x86)\Windows Kits\10\Include\10.0.26100.0\um\sql.h(618,20):
      zobacz deklarację „SQLBindCol”
      C:\backkup d\OldSchool_src\Server\GameServer\FieldServer\main\FieldIOCP.cpp(3586,2):
      podczas próby dopasowania listy argumentów "(SQLHSTMT, int, int, Prob100K_t *, int, SDWORD *)"
  
C:\backkup d\OldSchool_src\Server\GameServer\FieldServer\main\FieldIOCP.cpp(3587,2): error C2664: „SQLRETURN SQLBindCol(SQLHSTMT,SQLUSMALLINT,SQLSMALLINT,SQLPOINTER,SQLLEN,SQLLEN *)”: nie można dokonać konwersji argumentu 6 z „SQLINTEGER *” do „SQLLEN *”
      C:\backkup d\OldSchool_src\Server\GameServer\FieldServer\main\FieldIOCP.cpp(3587,59):
      Wskazane typy nie są powiązane; konwersja wymaga operatora reinterpret_cast, rzutowania w stylu języka C lub rzutowania w stylu funkcji ujętego w nawiasach
      C:\Program Files (x86)\Windows Kits\10\Include\10.0.26100.0\um\sql.h(618,20):
      zobacz deklarację „SQLBindCol”
      C:\backkup d\OldSchool_src\Server\GameServer\FieldServer\main\FieldIOCP.cpp(3587,2):
      podczas próby dopasowania listy argumentów "(SQLHSTMT, int, int, DropType_t *, int, SQLINTEGER *)"
  
C:\backkup d\OldSchool_src\Server\GameServer\FieldServer\main\FieldIOCP.cpp(9182,2): error C2664: „SQLRETURN SQLBindCol(SQLHSTMT,SQLUSMALLINT,SQLSMALLINT,SQLPOINTER,SQLLEN,SQLLEN *)”: nie można dokonać konwersji argumentu 6 z „SQLINTEGER *” do „SQLLEN *”
      C:\backkup d\OldSchool_src\Server\GameServer\FieldServer\main\FieldIOCP.cpp(9182,54):
      Wskazane typy nie są powiązane; konwersja wymaga operatora reinterpret_cast, rzutowania w stylu języka C lub rzutowania w stylu funkcji ujętego w nawiasach
      C:\Program Files (x86)\Windows Kits\10\Include\10.0.26100.0\um\sql.h(618,20):
      zobacz deklarację „SQLBindCol”
      C:\backkup d\OldSchool_src\Server\GameServer\FieldServer\main\FieldIOCP.cpp(9182,2):
      podczas próby dopasowania listy argumentów "(SQLHSTMT, int, int, int *, int, SQLINTEGER *)"
  
C:\backkup d\OldSchool_src\Server\GameServer\FieldServer\main\FieldIOCP.cpp(9183,2): error C2664: „SQLRETURN SQLBindCol(SQLHSTMT,SQLUSMALLINT,SQLSMALLINT,SQLPOINTER,SQLLEN,SQLLEN *)”: nie można dokonać konwersji argumentu 6 z „SQLINTEGER *” do „SQLLEN *”
      C:\backkup d\OldSchool_src\Server\GameServer\FieldServer\main\FieldIOCP.cpp(9183,77):
      Wskazane typy nie są powiązane; konwersja wymaga operatora reinterpret_cast, rzutowania w stylu języka C lub rzutowania w stylu funkcji ujętego w nawiasach
      C:\Program Files (x86)\Windows Kits\10\Include\10.0.26100.0\um\sql.h(618,20):
      zobacz deklarację „SQLBindCol”
      C:\backkup d\OldSchool_src\Server\GameServer\FieldServer\main\FieldIOCP.cpp(9183,2):
      podczas próby dopasowania listy argumentów "(SQLHSTMT, int, int, char [20], int, SQLINTEGER *)"
  
  InfinityTickManager.cpp
  InflRateManager.cpp
C:\backkup d\OldSchool_src\Common\GlobalGameServer.cpp(837,2): error C2664: „SQLRETURN SQLBindParameter(SQLHSTMT,SQLUSMALLINT,SQLSMALLINT,SQLSMALLINT,SQLSMALLINT,SQLULEN,SQLSMALLINT,SQLPOINTER,SQLLEN,SQLLEN *)”: nie można dokonać konwersji argumentu 10 z „SQLINTEGER *” do „SQLLEN *”
      C:\backkup d\OldSchool_src\Common\GlobalGameServer.cpp(837,119):
      Wskazane typy nie są powiązane; konwersja wymaga operatora reinterpret_cast, rzutowania w stylu języka C lub rzutowania w stylu funkcji ujętego w nawiasach
      C:\Program Files (x86)\Windows Kits\10\Include\10.0.26100.0\um\sqlext.h(2085,19):
      zobacz deklarację „SQLBindParameter”
      C:\backkup d\OldSchool_src\Common\GlobalGameServer.cpp(837,2):
      podczas próby dopasowania listy argumentów "(SQLHSTMT, int, int, int, int, int, int, LPSTR, int, SQLINTEGER *)"
  
C:\backkup d\OldSchool_src\Common\GlobalGameServer.cpp(838,2): error C2664: „SQLRETURN SQLBindParameter(SQLHSTMT,SQLUSMALLINT,SQLSMALLINT,SQLSMALLINT,SQLSMALLINT,SQLULEN,SQLSMALLINT,SQLPOINTER,SQLLEN,SQLLEN *)”: nie można dokonać konwersji argumentu 10 z „SQLINTEGER *” do „SQLLEN *”
      C:\backkup d\OldSchool_src\Common\GlobalGameServer.cpp(838,125):
      Wskazane typy nie są powiązane; konwersja wymaga operatora reinterpret_cast, rzutowania w stylu języka C lub rzutowania w stylu funkcji ujętego w nawiasach
      C:\Program Files (x86)\Windows Kits\10\Include\10.0.26100.0\um\sqlext.h(2085,19):
      zobacz deklarację „SQLBindParameter”
      C:\backkup d\OldSchool_src\Common\GlobalGameServer.cpp(838,2):
      podczas próby dopasowania listy argumentów "(SQLHSTMT, int, int, int, int, int, int, LPSTR, int, SQLINTEGER *)"
  
C:\backkup d\OldSchool_src\Common\GlobalGameServer.cpp(839,2): error C2664: „SQLRETURN SQLBindParameter(SQLHSTMT,SQLUSMALLINT,SQLSMALLINT,SQLSMALLINT,SQLSMALLINT,SQLULEN,SQLSMALLINT,SQLPOINTER,SQLLEN,SQLLEN *)”: nie można dokonać konwersji argumentu 10 z „SQLINTEGER *” do „SQLLEN *”
      C:\backkup d\OldSchool_src\Common\GlobalGameServer.cpp(839,131):
      Wskazane typy nie są powiązane; konwersja wymaga operatora reinterpret_cast, rzutowania w stylu języka C lub rzutowania w stylu funkcji ujętego w nawiasach
      C:\Program Files (x86)\Windows Kits\10\Include\10.0.26100.0\um\sqlext.h(2085,19):
      zobacz deklarację „SQLBindParameter”
      C:\backkup d\OldSchool_src\Common\GlobalGameServer.cpp(839,2):
      podczas próby dopasowania listy argumentów "(SQLHSTMT, int, int, int, int, int, int, LPSTR, int, SQLINTEGER *)"
  
C:\backkup d\OldSchool_src\Common\GlobalGameServer.cpp(849,2): error C2664: „SQLRETURN SQLBindCol(SQLHSTMT,SQLUSMALLINT,SQLSMALLINT,SQLPOINTER,SQLLEN,SQLLEN *)”: nie można dokonać konwersji argumentu 6 z „SQLINTEGER *” do „SQLLEN *”
      C:\backkup d\OldSchool_src\Common\GlobalGameServer.cpp(849,63):
      Wskazane typy nie są powiązane; konwersja wymaga operatora reinterpret_cast, rzutowania w stylu języka C lub rzutowania w stylu funkcji ujętego w nawiasach
      C:\Program Files (x86)\Windows Kits\10\Include\10.0.26100.0\um\sql.h(618,20):
      zobacz deklarację „SQLBindCol”
      C:\backkup d\OldSchool_src\Common\GlobalGameServer.cpp(849,2):
      podczas próby dopasowania listy argumentów "(SQLHSTMT, int, int, USHORT *, int, SQLINTEGER *)"
  
  InflWarManager.cpp
C:\backkup d\OldSchool_src\Server\GameServer\FieldServer\Main\FieldTickManager.cpp(85,2): error C2664: „SQLRETURN SQLBindCol(SQLHSTMT,SQLUSMALLINT,SQLSMALLINT,SQLPOINTER,SQLLEN,SQLLEN *)”: nie można dokonać konwersji argumentu 6 z „SQLINTEGER *” do „SQLLEN *”
      C:\backkup d\OldSchool_src\Server\GameServer\FieldServer\Main\FieldTickManager.cpp(85,99):
      Wskazane typy nie są powiązane; konwersja wymaga operatora reinterpret_cast, rzutowania w stylu języka C lub rzutowania w stylu funkcji ujętego w nawiasach
      C:\Program Files (x86)\Windows Kits\10\Include\10.0.26100.0\um\sql.h(618,20):
      zobacz deklarację „SQLBindCol”
      C:\backkup d\OldSchool_src\Server\GameServer\FieldServer\Main\FieldTickManager.cpp(85,2):
      podczas próby dopasowania listy argumentów "(SQLHSTMT, int, int, SQL_TIMESTAMP_STRUCT *, int, SQLINTEGER *)"
  
C:\backkup d\OldSchool_src\Server\GameServer\FieldServer\Main\FieldTickManager.cpp(86,2): error C2664: „SQLRETURN SQLBindCol(SQLHSTMT,SQLUSMALLINT,SQLSMALLINT,SQLPOINTER,SQLLEN,SQLLEN *)”: nie można dokonać konwersji argumentu 6 z „SQLINTEGER *” do „SQLLEN *”
      C:\backkup d\OldSchool_src\Server\GameServer\FieldServer\Main\FieldTickManager.cpp(86,97):
      Wskazane typy nie są powiązane; konwersja wymaga operatora reinterpret_cast, rzutowania w stylu języka C lub rzutowania w stylu funkcji ujętego w nawiasach
      C:\Program Files (x86)\Windows Kits\10\Include\10.0.26100.0\um\sql.h(618,20):
      zobacz deklarację „SQLBindCol”
      C:\backkup d\OldSchool_src\Server\GameServer\FieldServer\Main\FieldTickManager.cpp(86,2):
      podczas próby dopasowania listy argumentów "(SQLHSTMT, int, int, SQL_TIMESTAMP_STRUCT *, int, SQLINTEGER *)"
  
C:\backkup d\OldSchool_src\Server\GameServer\FieldServer\Main\FieldTickManager.cpp(87,2): error C2664: „SQLRETURN SQLBindCol(SQLHSTMT,SQLUSMALLINT,SQLSMALLINT,SQLPOINTER,SQLLEN,SQLLEN *)”: nie można dokonać konwersji argumentu 6 z „SQLINTEGER *” do „SQLLEN *”
      C:\backkup d\OldSchool_src\Server\GameServer\FieldServer\Main\FieldTickManager.cpp(87,92):
      Wskazane typy nie są powiązane; konwersja wymaga operatora reinterpret_cast, rzutowania w stylu języka C lub rzutowania w stylu funkcji ujętego w nawiasach
      C:\Program Files (x86)\Windows Kits\10\Include\10.0.26100.0\um\sql.h(618,20):
      zobacz deklarację „SQLBindCol”
      C:\backkup d\OldSchool_src\Server\GameServer\FieldServer\Main\FieldTickManager.cpp(87,2):
      podczas próby dopasowania listy argumentów "(SQLHSTMT, int, int, SQL_TIMESTAMP_STRUCT *, int, SQLINTEGER *)"
  
C:\backkup d\OldSchool_src\Server\GameServer\FieldServer\Main\FieldTickManager.cpp(88,2): error C2664: „SQLRETURN SQLBindCol(SQLHSTMT,SQLUSMALLINT,SQLSMALLINT,SQLPOINTER,SQLLEN,SQLLEN *)”: nie można dokonać konwersji argumentu 6 z „SQLINTEGER *” do „SQLLEN *”
      C:\backkup d\OldSchool_src\Server\GameServer\FieldServer\Main\FieldTickManager.cpp(88,90):
      Wskazane typy nie są powiązane; konwersja wymaga operatora reinterpret_cast, rzutowania w stylu języka C lub rzutowania w stylu funkcji ujętego w nawiasach
      C:\Program Files (x86)\Windows Kits\10\Include\10.0.26100.0\um\sql.h(618,20):
      zobacz deklarację „SQLBindCol”
      C:\backkup d\OldSchool_src\Server\GameServer\FieldServer\Main\FieldTickManager.cpp(88,2):
      podczas próby dopasowania listy argumentów "(SQLHSTMT, int, int, SQL_TIMESTAMP_STRUCT *, int, SQLINTEGER *)"
  
C:\backkup d\OldSchool_src\Server\GameServer\FieldServer\Main\FieldTickManager.cpp(89,2): error C2664: „SQLRETURN SQLBindCol(SQLHSTMT,SQLUSMALLINT,SQLSMALLINT,SQLPOINTER,SQLLEN,SQLLEN *)”: nie można dokonać konwersji argumentu 6 z „SQLINTEGER *” do „SQLLEN *”
      C:\backkup d\OldSchool_src\Server\GameServer\FieldServer\Main\FieldTickManager.cpp(89,87):
      Wskazane typy nie są powiązane; konwersja wymaga operatora reinterpret_cast, rzutowania w stylu języka C lub rzutowania w stylu funkcji ujętego w nawiasach
      C:\Program Files (x86)\Windows Kits\10\Include\10.0.26100.0\um\sql.h(618,20):
      zobacz deklarację „SQLBindCol”
      C:\backkup d\OldSchool_src\Server\GameServer\FieldServer\Main\FieldTickManager.cpp(89,2):
      podczas próby dopasowania listy argumentów "(SQLHSTMT, int, int, SQL_TIMESTAMP_STRUCT *, int, SQLINTEGER *)"
  
C:\backkup d\OldSchool_src\Server\GameServer\FieldServer\Main\FieldTickManager.cpp(258,2): error C2664: „SQLRETURN SQLBindCol(SQLHSTMT,SQLUSMALLINT,SQLSMALLINT,SQLPOINTER,SQLLEN,SQLLEN *)”: nie można dokonać konwersji argumentu 6 z „SQLINTEGER *” do „SQLLEN *”
      C:\backkup d\OldSchool_src\Server\GameServer\FieldServer\Main\FieldTickManager.cpp(258,111):
      Wskazane typy nie są powiązane; konwersja wymaga operatora reinterpret_cast, rzutowania w stylu języka C lub rzutowania w stylu funkcji ujętego w nawiasach
      C:\Program Files (x86)\Windows Kits\10\Include\10.0.26100.0\um\sql.h(618,20):
      zobacz deklarację „SQLBindCol”
      C:\backkup d\OldSchool_src\Server\GameServer\FieldServer\Main\FieldTickManager.cpp(258,2):
      podczas próby dopasowania listy argumentów "(SQLHSTMT, int, int, INT *, int, SQLINTEGER *)"
  
C:\backkup d\OldSchool_src\Server\GameServer\FieldServer\Main\FieldTickManager.cpp(259,2): error C2664: „SQLRETURN SQLBindCol(SQLHSTMT,SQLUSMALLINT,SQLSMALLINT,SQLPOINTER,SQLLEN,SQLLEN *)”: nie można dokonać konwersji argumentu 6 z „SQLINTEGER *” do „SQLLEN *”
      C:\backkup d\OldSchool_src\Server\GameServer\FieldServer\Main\FieldTickManager.cpp(259,103):
      Wskazane typy nie są powiązane; konwersja wymaga operatora reinterpret_cast, rzutowania w stylu języka C lub rzutowania w stylu funkcji ujętego w nawiasach
      C:\Program Files (x86)\Windows Kits\10\Include\10.0.26100.0\um\sql.h(618,20):
      zobacz deklarację „SQLBindCol”
      C:\backkup d\OldSchool_src\Server\GameServer\FieldServer\Main\FieldTickManager.cpp(259,2):
      podczas próby dopasowania listy argumentów "(SQLHSTMT, int, int, UID32_t *, int, SQLINTEGER *)"
  
C:\backkup d\OldSchool_src\Server\GameServer\FieldServer\Main\FieldTickManager.cpp(260,2): error C2664: „SQLRETURN SQLBindCol(SQLHSTMT,SQLUSMALLINT,SQLSMALLINT,SQLPOINTER,SQLLEN,SQLLEN *)”: nie można dokonać konwersji argumentu 6 z „SQLINTEGER *” do „SQLLEN *”
      C:\backkup d\OldSchool_src\Server\GameServer\FieldServer\Main\FieldTickManager.cpp(260,105):
      Wskazane typy nie są powiązane; konwersja wymaga operatora reinterpret_cast, rzutowania w stylu języka C lub rzutowania w stylu funkcji ujętego w nawiasach
      C:\Program Files (x86)\Windows Kits\10\Include\10.0.26100.0\um\sql.h(618,20):
      zobacz deklarację „SQLBindCol”
      C:\backkup d\OldSchool_src\Server\GameServer\FieldServer\Main\FieldTickManager.cpp(260,2):
      podczas próby dopasowania listy argumentów "(SQLHSTMT, int, int, UID32_t *, int, SQLINTEGER *)"
  
C:\backkup d\OldSchool_src\Server\GameServer\FieldServer\Main\FieldTickManager.cpp(261,2): error C2664: „SQLRETURN SQLBindCol(SQLHSTMT,SQLUSMALLINT,SQLSMALLINT,SQLPOINTER,SQLLEN,SQLLEN *)”: nie można dokonać konwersji argumentu 6 z „SQLINTEGER *” do „SQLLEN *”
      C:\backkup d\OldSchool_src\Server\GameServer\FieldServer\Main\FieldTickManager.cpp(261,126):
      Wskazane typy nie są powiązane; konwersja wymaga operatora reinterpret_cast, rzutowania w stylu języka C lub rzutowania w stylu funkcji ujętego w nawiasach
      C:\Program Files (x86)\Windows Kits\10\Include\10.0.26100.0\um\sql.h(618,20):
      zobacz deklarację „SQLBindCol”
      C:\backkup d\OldSchool_src\Server\GameServer\FieldServer\Main\FieldTickManager.cpp(261,2):
      podczas próby dopasowania listy argumentów "(SQLHSTMT, int, int, CHAR [20], int, SQLINTEGER *)"
  
C:\backkup d\OldSchool_src\Server\GameServer\FieldServer\Main\FieldTickManager.cpp(262,2): error C2664: „SQLRETURN SQLBindCol(SQLHSTMT,SQLUSMALLINT,SQLSMALLINT,SQLPOINTER,SQLLEN,SQLLEN *)”: nie można dokonać konwersji argumentu 6 z „SQLINTEGER *” do „SQLLEN *”
      C:\backkup d\OldSchool_src\Server\GameServer\FieldServer\Main\FieldTickManager.cpp(262,101):
      Wskazane typy nie są powiązane; konwersja wymaga operatora reinterpret_cast, rzutowania w stylu języka C lub rzutowania w stylu funkcji ujętego w nawiasach
      C:\Program Files (x86)\Windows Kits\10\Include\10.0.26100.0\um\sql.h(618,20):
      zobacz deklarację „SQLBindCol”
      C:\backkup d\OldSchool_src\Server\GameServer\FieldServer\Main\FieldTickManager.cpp(262,2):
      podczas próby dopasowania listy argumentów "(SQLHSTMT, int, int, UID32_t *, int, SQLINTEGER *)"
  
C:\backkup d\OldSchool_src\Server\GameServer\FieldServer\Main\FieldTickManager.cpp(263,2): error C2664: „SQLRETURN SQLBindCol(SQLHSTMT,SQLUSMALLINT,SQLSMALLINT,SQLPOINTER,SQLLEN,SQLLEN *)”: nie można dokonać konwersji argumentu 6 z „SQLINTEGER *” do „SQLLEN *”
      C:\backkup d\OldSchool_src\Server\GameServer\FieldServer\Main\FieldTickManager.cpp(263,118):
      Wskazane typy nie są powiązane; konwersja wymaga operatora reinterpret_cast, rzutowania w stylu języka C lub rzutowania w stylu funkcji ujętego w nawiasach
      C:\Program Files (x86)\Windows Kits\10\Include\10.0.26100.0\um\sql.h(618,20):
      zobacz deklarację „SQLBindCol”
      C:\backkup d\OldSchool_src\Server\GameServer\FieldServer\Main\FieldTickManager.cpp(263,2):
      podczas próby dopasowania listy argumentów "(SQLHSTMT, int, int, CHAR [30], int, SQLINTEGER *)"
  
C:\backkup d\OldSchool_src\Server\GameServer\FieldServer\Main\FieldTickManager.cpp(264,2): error C2664: „SQLRETURN SQLBindCol(SQLHSTMT,SQLUSMALLINT,SQLSMALLINT,SQLPOINTER,SQLLEN,SQLLEN *)”: nie można dokonać konwersji argumentu 6 z „SQLINTEGER *” do „SQLLEN *”
      C:\backkup d\OldSchool_src\Server\GameServer\FieldServer\Main\FieldTickManager.cpp(264,104):
      Wskazane typy nie są powiązane; konwersja wymaga operatora reinterpret_cast, rzutowania w stylu języka C lub rzutowania w stylu funkcji ujętego w nawiasach
      C:\Program Files (x86)\Windows Kits\10\Include\10.0.26100.0\um\sql.h(618,20):
      zobacz deklarację „SQLBindCol”
      C:\backkup d\OldSchool_src\Server\GameServer\FieldServer\Main\FieldTickManager.cpp(264,2):
      podczas próby dopasowania listy argumentów "(SQLHSTMT, int, int, BYTE *, int, SQLINTEGER *)"
  
C:\backkup d\OldSchool_src\Server\GameServer\FieldServer\Main\FieldTickManager.cpp(265,2): error C2664: „SQLRETURN SQLBindCol(SQLHSTMT,SQLUSMALLINT,SQLSMALLINT,SQLPOINTER,SQLLEN,SQLLEN *)”: nie można dokonać konwersji argumentu 6 z „SQLINTEGER *” do „SQLLEN *”
      C:\backkup d\OldSchool_src\Server\GameServer\FieldServer\Main\FieldTickManager.cpp(265,110):
      Wskazane typy nie są powiązane; konwersja wymaga operatora reinterpret_cast, rzutowania w stylu języka C lub rzutowania w stylu funkcji ujętego w nawiasach
      C:\Program Files (x86)\Windows Kits\10\Include\10.0.26100.0\um\sql.h(618,20):
      zobacz deklarację „SQLBindCol”
      C:\backkup d\OldSchool_src\Server\GameServer\FieldServer\Main\FieldTickManager.cpp(265,2):
      podczas próby dopasowania listy argumentów "(SQLHSTMT, int, int, BOOL *, int, SQLINTEGER *)"
  
C:\backkup d\OldSchool_src\Server\GameServer\FieldServer\Main\FieldTickManager.cpp(266,2): error C2664: „SQLRETURN SQLBindCol(SQLHSTMT,SQLUSMALLINT,SQLSMALLINT,SQLPOINTER,SQLLEN,SQLLEN *)”: nie można dokonać konwersji argumentu 6 z „SQLINTEGER *” do „SQLLEN *”
      C:\backkup d\OldSchool_src\Server\GameServer\FieldServer\Main\FieldTickManager.cpp(266,102):
      Wskazane typy nie są powiązane; konwersja wymaga operatora reinterpret_cast, rzutowania w stylu języka C lub rzutowania w stylu funkcji ujętego w nawiasach
      C:\Program Files (x86)\Windows Kits\10\Include\10.0.26100.0\um\sql.h(618,20):
      zobacz deklarację „SQLBindCol”
      C:\backkup d\OldSchool_src\Server\GameServer\FieldServer\Main\FieldTickManager.cpp(266,2):
      podczas próby dopasowania listy argumentów "(SQLHSTMT, int, int, INT *, int, SQLINTEGER *)"
  
C:\backkup d\OldSchool_src\Server\GameServer\FieldServer\Main\FieldTickManager.cpp(267,2): error C2664: „SQLRETURN SQLBindCol(SQLHSTMT,SQLUSMALLINT,SQLSMALLINT,SQLPOINTER,SQLLEN,SQLLEN *)”: nie można dokonać konwersji argumentu 6 z „SQLINTEGER *” do „SQLLEN *”
      C:\backkup d\OldSchool_src\Server\GameServer\FieldServer\Main\FieldTickManager.cpp(267,132):
      Wskazane typy nie są powiązane; konwersja wymaga operatora reinterpret_cast, rzutowania w stylu języka C lub rzutowania w stylu funkcji ujętego w nawiasach
      C:\Program Files (x86)\Windows Kits\10\Include\10.0.26100.0\um\sql.h(618,20):
      zobacz deklarację „SQLBindCol”
      C:\backkup d\OldSchool_src\Server\GameServer\FieldServer\Main\FieldTickManager.cpp(267,2):
      podczas próby dopasowania listy argumentów "(SQLHSTMT, int, int, CHAR [512], int, SQLINTEGER *)"
  
C:\backkup d\OldSchool_src\Server\GameServer\FieldServer\Main\FieldTickManager.cpp(318,2): error C2664: „SQLRETURN SQLBindParameter(SQLHSTMT,SQLUSMALLINT,SQLSMALLINT,SQLSMALLINT,SQLSMALLINT,SQLULEN,SQLSMALLINT,SQLPOINTER,SQLLEN,SQLLEN *)”: nie można dokonać konwersji argumentu 10 z „SQLINTEGER *” do „SQLLEN *”
      C:\backkup d\OldSchool_src\Server\GameServer\FieldServer\Main\FieldTickManager.cpp(318,101):
      Wskazane typy nie są powiązane; konwersja wymaga operatora reinterpret_cast, rzutowania w stylu języka C lub rzutowania w stylu funkcji ujętego w nawiasach
      C:\Program Files (x86)\Windows Kits\10\Include\10.0.26100.0\um\sqlext.h(2085,19):
      zobacz deklarację „SQLBindParameter”
      C:\backkup d\OldSchool_src\Server\GameServer\FieldServer\Main\FieldTickManager.cpp(318,2):
      podczas próby dopasowania listy argumentów "(SQLHSTMT, int, int, int, int, int, int, int *, int, SQLINTEGER *)"
  
C:\backkup d\OldSchool_src\Server\GameServer\FieldServer\Main\FieldTickManager.cpp(319,2): error C2664: „SQLRETURN SQLBindParameter(SQLHSTMT,SQLUSMALLINT,SQLSMALLINT,SQLSMALLINT,SQLSMALLINT,SQLULEN,SQLSMALLINT,SQLPOINTER,SQLLEN,SQLLEN *)”: nie można dokonać konwersji argumentu 10 z „SQLINTEGER *” do „SQLLEN *”
      C:\backkup d\OldSchool_src\Server\GameServer\FieldServer\Main\FieldTickManager.cpp(319,95):
      Wskazane typy nie są powiązane; konwersja wymaga operatora reinterpret_cast, rzutowania w stylu języka C lub rzutowania w stylu funkcji ujętego w nawiasach
      C:\Program Files (x86)\Windows Kits\10\Include\10.0.26100.0\um\sqlext.h(2085,19):
      zobacz deklarację „SQLBindParameter”
      C:\backkup d\OldSchool_src\Server\GameServer\FieldServer\Main\FieldTickManager.cpp(319,2):
      podczas próby dopasowania listy argumentów "(SQLHSTMT, int, int, int, int, int, int, int *, int, SQLINTEGER *)"
  
  InnovaLibrary.cpp
  InvokingItemInfo.cpp
  InvokingItemManager.cpp
  IOCP.cpp
  IOCPSocket.cpp
  LetterManager.cpp
  LoadLibrary.cpp
  Localization.cpp
C:\backkup d\OldSchool_src\Server\GameServer\FieldServer\Main\FieldIOCPSocket2.cpp(24960,3): error C2664: „SQLRETURN SQLBindParameter(SQLHSTMT,SQLUSMALLINT,SQLSMALLINT,SQLSMALLINT,SQLSMALLINT,SQLULEN,SQLSMALLINT,SQLPOINTER,SQLLEN,SQLLEN *)”: nie można dokonać konwersji argumentu 10 z „SQLINTEGER *” do „SQLLEN *”
      C:\backkup d\OldSchool_src\Server\GameServer\FieldServer\Main\FieldIOCPSocket2.cpp(24960,137):
      Wskazane typy nie są powiązane; konwersja wymaga operatora reinterpret_cast, rzutowania w stylu języka C lub rzutowania w stylu funkcji ujętego w nawiasach
      C:\Program Files (x86)\Windows Kits\10\Include\10.0.26100.0\um\sqlext.h(2085,19):
      zobacz deklarację „SQLBindParameter”
      C:\backkup d\OldSchool_src\Server\GameServer\FieldServer\Main\FieldIOCPSocket2.cpp(24960,3):
      podczas próby dopasowania listy argumentów "(SQLHSTMT, int, int, int, int, int, int, char [50], int, SQLINTEGER *)"
  
C:\backkup d\OldSchool_src\Server\GameServer\FieldServer\Main\FieldIOCPSocket2.cpp(24971,3): error C2664: „SQLRETURN SQLBindCol(SQLHSTMT,SQLUSMALLINT,SQLSMALLINT,SQLPOINTER,SQLLEN,SQLLEN *)”: nie można dokonać konwersji argumentu 6 z „SQLINTEGER *” do „SQLLEN *”
      C:\backkup d\OldSchool_src\Server\GameServer\FieldServer\Main\FieldIOCPSocket2.cpp(24971,49):
      Wskazane typy nie są powiązane; konwersja wymaga operatora reinterpret_cast, rzutowania w stylu języka C lub rzutowania w stylu funkcji ujętego w nawiasach
      C:\Program Files (x86)\Windows Kits\10\Include\10.0.26100.0\um\sql.h(618,20):
      zobacz deklarację „SQLBindCol”
      C:\backkup d\OldSchool_src\Server\GameServer\FieldServer\Main\FieldIOCPSocket2.cpp(24971,3):
      podczas próby dopasowania listy argumentów "(SQLHSTMT, int, int, int *, int, SQLINTEGER *)"
  
C:\backkup d\OldSchool_src\Server\GameServer\FieldServer\Main\FieldIOCPSocket2.cpp(24972,3): error C2664: „SQLRETURN SQLBindCol(SQLHSTMT,SQLUSMALLINT,SQLSMALLINT,SQLPOINTER,SQLLEN,SQLLEN *)”: nie można dokonać konwersji argumentu 6 z „SQLINTEGER *” do „SQLLEN *”
      C:\backkup d\OldSchool_src\Server\GameServer\FieldServer\Main\FieldIOCPSocket2.cpp(24972,64):
      Wskazane typy nie są powiązane; konwersja wymaga operatora reinterpret_cast, rzutowania w stylu języka C lub rzutowania w stylu funkcji ujętego w nawiasach
      C:\Program Files (x86)\Windows Kits\10\Include\10.0.26100.0\um\sql.h(618,20):
      zobacz deklarację „SQLBindCol”
      C:\backkup d\OldSchool_src\Server\GameServer\FieldServer\Main\FieldIOCPSocket2.cpp(24972,3):
      podczas próby dopasowania listy argumentów "(SQLHSTMT, int, int, int *, int, SQLINTEGER *)"
  
C:\backkup d\OldSchool_src\Server\GameServer\FieldServer\Main\FieldIOCPSocket2.cpp(24973,3): error C2664: „SQLRETURN SQLBindCol(SQLHSTMT,SQLUSMALLINT,SQLSMALLINT,SQLPOINTER,SQLLEN,SQLLEN *)”: nie można dokonać konwersji argumentu 6 z „SQLINTEGER *” do „SQLLEN *”
      C:\backkup d\OldSchool_src\Server\GameServer\FieldServer\Main\FieldIOCPSocket2.cpp(24973,65):
      Wskazane typy nie są powiązane; konwersja wymaga operatora reinterpret_cast, rzutowania w stylu języka C lub rzutowania w stylu funkcji ujętego w nawiasach
      C:\Program Files (x86)\Windows Kits\10\Include\10.0.26100.0\um\sql.h(618,20):
      zobacz deklarację „SQLBindCol”
      C:\backkup d\OldSchool_src\Server\GameServer\FieldServer\Main\FieldIOCPSocket2.cpp(24973,3):
      podczas próby dopasowania listy argumentów "(SQLHSTMT, int, int, int *, int, SQLINTEGER *)"
  
C:\backkup d\OldSchool_src\Server\GameServer\FieldServer\Main\FieldIOCPSocket2.cpp(25024,3): error C2664: „SQLRETURN SQLBindParameter(SQLHSTMT,SQLUSMALLINT,SQLSMALLINT,SQLSMALLINT,SQLSMALLINT,SQLULEN,SQLSMALLINT,SQLPOINTER,SQLLEN,SQLLEN *)”: nie można dokonać konwersji argumentu 10 z „SQLINTEGER *” do „SQLLEN *”
      C:\backkup d\OldSchool_src\Server\GameServer\FieldServer\Main\FieldIOCPSocket2.cpp(25024,137):
      Wskazane typy nie są powiązane; konwersja wymaga operatora reinterpret_cast, rzutowania w stylu języka C lub rzutowania w stylu funkcji ujętego w nawiasach
      C:\Program Files (x86)\Windows Kits\10\Include\10.0.26100.0\um\sqlext.h(2085,19):
      zobacz deklarację „SQLBindParameter”
      C:\backkup d\OldSchool_src\Server\GameServer\FieldServer\Main\FieldIOCPSocket2.cpp(25024,3):
      podczas próby dopasowania listy argumentów "(SQLHSTMT, int, int, int, int, int, int, char [50], int, SQLINTEGER *)"
  
C:\backkup d\OldSchool_src\Server\GameServer\FieldServer\Main\FieldIOCPSocket2.cpp(25025,3): error C2664: „SQLRETURN SQLBindParameter(SQLHSTMT,SQLUSMALLINT,SQLSMALLINT,SQLSMALLINT,SQLSMALLINT,SQLULEN,SQLSMALLINT,SQLPOINTER,SQLLEN,SQLLEN *)”: nie można dokonać konwersji argumentu 10 z „SQLINTEGER *” do „SQLLEN *”
      C:\backkup d\OldSchool_src\Server\GameServer\FieldServer\Main\FieldIOCPSocket2.cpp(25025,141):
      Wskazane typy nie są powiązane; konwersja wymaga operatora reinterpret_cast, rzutowania w stylu języka C lub rzutowania w stylu funkcji ujętego w nawiasach
      C:\Program Files (x86)\Windows Kits\10\Include\10.0.26100.0\um\sqlext.h(2085,19):
      zobacz deklarację „SQLBindParameter”
      C:\backkup d\OldSchool_src\Server\GameServer\FieldServer\Main\FieldIOCPSocket2.cpp(25025,3):
      podczas próby dopasowania listy argumentów "(SQLHSTMT, int, int, int, int, int, int, char [50], int, SQLINTEGER *)"
  
C:\backkup d\OldSchool_src\Server\GameServer\FieldServer\Main\FieldIOCPSocket2.cpp(25026,3): error C2664: „SQLRETURN SQLBindParameter(SQLHSTMT,SQLUSMALLINT,SQLSMALLINT,SQLSMALLINT,SQLSMALLINT,SQLULEN,SQLSMALLINT,SQLPOINTER,SQLLEN,SQLLEN *)”: nie można dokonać konwersji argumentu 10 z „SQLINTEGER *” do „SQLLEN *”
      C:\backkup d\OldSchool_src\Server\GameServer\FieldServer\Main\FieldIOCPSocket2.cpp(25026,129):
      Wskazane typy nie są powiązane; konwersja wymaga operatora reinterpret_cast, rzutowania w stylu języka C lub rzutowania w stylu funkcji ujętego w nawiasach
      C:\Program Files (x86)\Windows Kits\10\Include\10.0.26100.0\um\sqlext.h(2085,19):
      zobacz deklarację „SQLBindParameter”
      C:\backkup d\OldSchool_src\Server\GameServer\FieldServer\Main\FieldIOCPSocket2.cpp(25026,3):
      podczas próby dopasowania listy argumentów "(SQLHSTMT, int, int, int, int, int, int, char [50], int, SQLINTEGER *)"
  
C:\backkup d\OldSchool_src\Server\GameServer\FieldServer\Main\FieldIOCPSocket2.cpp(25027,3): error C2664: „SQLRETURN SQLBindParameter(SQLHSTMT,SQLUSMALLINT,SQLSMALLINT,SQLSMALLINT,SQLSMALLINT,SQLULEN,SQLSMALLINT,SQLPOINTER,SQLLEN,SQLLEN *)”: nie można dokonać konwersji argumentu 10 z „SQLINTEGER *” do „SQLLEN *”
      C:\backkup d\OldSchool_src\Server\GameServer\FieldServer\Main\FieldIOCPSocket2.cpp(25027,131):
      Wskazane typy nie są powiązane; konwersja wymaga operatora reinterpret_cast, rzutowania w stylu języka C lub rzutowania w stylu funkcji ujętego w nawiasach
      C:\Program Files (x86)\Windows Kits\10\Include\10.0.26100.0\um\sqlext.h(2085,19):
      zobacz deklarację „SQLBindParameter”
      C:\backkup d\OldSchool_src\Server\GameServer\FieldServer\Main\FieldIOCPSocket2.cpp(25027,3):
      podczas próby dopasowania listy argumentów "(SQLHSTMT, int, int, int, int, int, int, char [50], int, SQLINTEGER *)"
  
C:\backkup d\OldSchool_src\Server\GameServer\FieldServer\Main\FieldIOCPSocket2.cpp(25028,3): error C2664: „SQLRETURN SQLBindParameter(SQLHSTMT,SQLUSMALLINT,SQLSMALLINT,SQLSMALLINT,SQLSMALLINT,SQLULEN,SQLSMALLINT,SQLPOINTER,SQLLEN,SQLLEN *)”: nie można dokonać konwersji argumentu 10 z „SQLINTEGER *” do „SQLLEN *”
      C:\backkup d\OldSchool_src\Server\GameServer\FieldServer\Main\FieldIOCPSocket2.cpp(25028,111):
      Wskazane typy nie są powiązane; konwersja wymaga operatora reinterpret_cast, rzutowania w stylu języka C lub rzutowania w stylu funkcji ujętego w nawiasach
      C:\Program Files (x86)\Windows Kits\10\Include\10.0.26100.0\um\sqlext.h(2085,19):
      zobacz deklarację „SQLBindParameter”
      C:\backkup d\OldSchool_src\Server\GameServer\FieldServer\Main\FieldIOCPSocket2.cpp(25028,3):
      podczas próby dopasowania listy argumentów "(SQLHSTMT, int, int, int, int, int, int, int *, int, SQLINTEGER *)"
  
C:\backkup d\OldSchool_src\Server\GameServer\FieldServer\Main\FieldIOCPSocket2.cpp(25029,3): error C2664: „SQLRETURN SQLBindParameter(SQLHSTMT,SQLUSMALLINT,SQLSMALLINT,SQLSMALLINT,SQLSMALLINT,SQLULEN,SQLSMALLINT,SQLPOINTER,SQLLEN,SQLLEN *)”: nie można dokonać konwersji argumentu 10 z „SQLINTEGER *” do „SQLLEN *”
      C:\backkup d\OldSchool_src\Server\GameServer\FieldServer\Main\FieldIOCPSocket2.cpp(25029,112):
      Wskazane typy nie są powiązane; konwersja wymaga operatora reinterpret_cast, rzutowania w stylu języka C lub rzutowania w stylu funkcji ujętego w nawiasach
      C:\Program Files (x86)\Windows Kits\10\Include\10.0.26100.0\um\sqlext.h(2085,19):
      zobacz deklarację „SQLBindParameter”
      C:\backkup d\OldSchool_src\Server\GameServer\FieldServer\Main\FieldIOCPSocket2.cpp(25029,3):
      podczas próby dopasowania listy argumentów "(SQLHSTMT, int, int, int, int, int, int, int *, int, SQLINTEGER *)"
  
C:\backkup d\OldSchool_src\Server\GameServer\FieldServer\Main\FieldIOCPSocket2.cpp(25030,3): error C2664: „SQLRETURN SQLBindParameter(SQLHSTMT,SQLUSMALLINT,SQLSMALLINT,SQLSMALLINT,SQLSMALLINT,SQLULEN,SQLSMALLINT,SQLPOINTER,SQLLEN,SQLLEN *)”: nie można dokonać konwersji argumentu 10 z „SQLINTEGER *” do „SQLLEN *”
      C:\backkup d\OldSchool_src\Server\GameServer\FieldServer\Main\FieldIOCPSocket2.cpp(25030,129):
      Wskazane typy nie są powiązane; konwersja wymaga operatora reinterpret_cast, rzutowania w stylu języka C lub rzutowania w stylu funkcji ujętego w nawiasach
      C:\Program Files (x86)\Windows Kits\10\Include\10.0.26100.0\um\sqlext.h(2085,19):
      zobacz deklarację „SQLBindParameter”
      C:\backkup d\OldSchool_src\Server\GameServer\FieldServer\Main\FieldIOCPSocket2.cpp(25030,3):
      podczas próby dopasowania listy argumentów "(SQLHSTMT, int, int, int, int, int, int, char [16], int, SQLINTEGER *)"
  
C:\backkup d\OldSchool_src\Server\GameServer\FieldServer\Main\FieldIOCPSocket2.cpp(25043,3): error C2664: „SQLRETURN SQLBindCol(SQLHSTMT,SQLUSMALLINT,SQLSMALLINT,SQLPOINTER,SQLLEN,SQLLEN *)”: nie można dokonać konwersji argumentu 6 z „SQLINTEGER *” do „SQLLEN *”
      C:\backkup d\OldSchool_src\Server\GameServer\FieldServer\Main\FieldIOCPSocket2.cpp(25043,49):
      Wskazane typy nie są powiązane; konwersja wymaga operatora reinterpret_cast, rzutowania w stylu języka C lub rzutowania w stylu funkcji ujętego w nawiasach
      C:\Program Files (x86)\Windows Kits\10\Include\10.0.26100.0\um\sql.h(618,20):
      zobacz deklarację „SQLBindCol”
      C:\backkup d\OldSchool_src\Server\GameServer\FieldServer\Main\FieldIOCPSocket2.cpp(25043,3):
      podczas próby dopasowania listy argumentów "(SQLHSTMT, int, int, int *, int, SQLINTEGER *)"
  
C:\backkup d\OldSchool_src\Server\GameServer\FieldServer\Main\FieldIOCPSocket2.cpp(25044,3): error C2664: „SQLRETURN SQLBindCol(SQLHSTMT,SQLUSMALLINT,SQLSMALLINT,SQLPOINTER,SQLLEN,SQLLEN *)”: nie można dokonać konwersji argumentu 6 z „SQLINTEGER *” do „SQLLEN *”
      C:\backkup d\OldSchool_src\Server\GameServer\FieldServer\Main\FieldIOCPSocket2.cpp(25044,64):
      Wskazane typy nie są powiązane; konwersja wymaga operatora reinterpret_cast, rzutowania w stylu języka C lub rzutowania w stylu funkcji ujętego w nawiasach
      C:\Program Files (x86)\Windows Kits\10\Include\10.0.26100.0\um\sql.h(618,20):
      zobacz deklarację „SQLBindCol”
      C:\backkup d\OldSchool_src\Server\GameServer\FieldServer\Main\FieldIOCPSocket2.cpp(25044,3):
      podczas próby dopasowania listy argumentów "(SQLHSTMT, int, int, int *, int, SQLINTEGER *)"
  
C:\backkup d\OldSchool_src\Server\GameServer\FieldServer\Main\FieldIOCPSocket2.cpp(25045,3): error C2664: „SQLRETURN SQLBindCol(SQLHSTMT,SQLUSMALLINT,SQLSMALLINT,SQLPOINTER,SQLLEN,SQLLEN *)”: nie można dokonać konwersji argumentu 6 z „SQLINTEGER *” do „SQLLEN *”
      C:\backkup d\OldSchool_src\Server\GameServer\FieldServer\Main\FieldIOCPSocket2.cpp(25045,65):
      Wskazane typy nie są powiązane; konwersja wymaga operatora reinterpret_cast, rzutowania w stylu języka C lub rzutowania w stylu funkcji ujętego w nawiasach
      C:\Program Files (x86)\Windows Kits\10\Include\10.0.26100.0\um\sql.h(618,20):
      zobacz deklarację „SQLBindCol”
      C:\backkup d\OldSchool_src\Server\GameServer\FieldServer\Main\FieldIOCPSocket2.cpp(25045,3):
      podczas próby dopasowania listy argumentów "(SQLHSTMT, int, int, int *, int, SQLINTEGER *)"
  
C:\backkup d\OldSchool_src\Server\GameServer\FieldServer\Main\FieldIOCPSocket2.cpp(25090,3): error C2664: „SQLRETURN SQLBindParameter(SQLHSTMT,SQLUSMALLINT,SQLSMALLINT,SQLSMALLINT,SQLSMALLINT,SQLULEN,SQLSMALLINT,SQLPOINTER,SQLLEN,SQLLEN *)”: nie można dokonać konwersji argumentu 10 z „SQLINTEGER *” do „SQLLEN *”
      C:\backkup d\OldSchool_src\Server\GameServer\FieldServer\Main\FieldIOCPSocket2.cpp(25090,137):
      Wskazane typy nie są powiązane; konwersja wymaga operatora reinterpret_cast, rzutowania w stylu języka C lub rzutowania w stylu funkcji ujętego w nawiasach
      C:\Program Files (x86)\Windows Kits\10\Include\10.0.26100.0\um\sqlext.h(2085,19):
      zobacz deklarację „SQLBindParameter”
      C:\backkup d\OldSchool_src\Server\GameServer\FieldServer\Main\FieldIOCPSocket2.cpp(25090,3):
      podczas próby dopasowania listy argumentów "(SQLHSTMT, int, int, int, int, int, int, char [50], int, SQLINTEGER *)"
  
C:\backkup d\OldSchool_src\Server\GameServer\FieldServer\Main\FieldIOCPSocket2.cpp(25091,3): error C2664: „SQLRETURN SQLBindParameter(SQLHSTMT,SQLUSMALLINT,SQLSMALLINT,SQLSMALLINT,SQLSMALLINT,SQLULEN,SQLSMALLINT,SQLPOINTER,SQLLEN,SQLLEN *)”: nie można dokonać konwersji argumentu 10 z „SQLINTEGER *” do „SQLLEN *”
      C:\backkup d\OldSchool_src\Server\GameServer\FieldServer\Main\FieldIOCPSocket2.cpp(25091,141):
      Wskazane typy nie są powiązane; konwersja wymaga operatora reinterpret_cast, rzutowania w stylu języka C lub rzutowania w stylu funkcji ujętego w nawiasach
      C:\Program Files (x86)\Windows Kits\10\Include\10.0.26100.0\um\sqlext.h(2085,19):
      zobacz deklarację „SQLBindParameter”
      C:\backkup d\OldSchool_src\Server\GameServer\FieldServer\Main\FieldIOCPSocket2.cpp(25091,3):
      podczas próby dopasowania listy argumentów "(SQLHSTMT, int, int, int, int, int, int, char [50], int, SQLINTEGER *)"
  
C:\backkup d\OldSchool_src\Server\GameServer\FieldServer\Main\FieldIOCPSocket2.cpp(25092,3): error C2664: „SQLRETURN SQLBindParameter(SQLHSTMT,SQLUSMALLINT,SQLSMALLINT,SQLSMALLINT,SQLSMALLINT,SQLULEN,SQLSMALLINT,SQLPOINTER,SQLLEN,SQLLEN *)”: nie można dokonać konwersji argumentu 10 z „SQLINTEGER *” do „SQLLEN *”
      C:\backkup d\OldSchool_src\Server\GameServer\FieldServer\Main\FieldIOCPSocket2.cpp(25092,129):
      Wskazane typy nie są powiązane; konwersja wymaga operatora reinterpret_cast, rzutowania w stylu języka C lub rzutowania w stylu funkcji ujętego w nawiasach
      C:\Program Files (x86)\Windows Kits\10\Include\10.0.26100.0\um\sqlext.h(2085,19):
      zobacz deklarację „SQLBindParameter”
      C:\backkup d\OldSchool_src\Server\GameServer\FieldServer\Main\FieldIOCPSocket2.cpp(25092,3):
      podczas próby dopasowania listy argumentów "(SQLHSTMT, int, int, int, int, int, int, char [50], int, SQLINTEGER *)"
  
C:\backkup d\OldSchool_src\Server\GameServer\FieldServer\Main\FieldIOCPSocket2.cpp(25093,3): error C2664: „SQLRETURN SQLBindParameter(SQLHSTMT,SQLUSMALLINT,SQLSMALLINT,SQLSMALLINT,SQLSMALLINT,SQLULEN,SQLSMALLINT,SQLPOINTER,SQLLEN,SQLLEN *)”: nie można dokonać konwersji argumentu 10 z „SQLINTEGER *” do „SQLLEN *”
      C:\backkup d\OldSchool_src\Server\GameServer\FieldServer\Main\FieldIOCPSocket2.cpp(25093,131):
      Wskazane typy nie są powiązane; konwersja wymaga operatora reinterpret_cast, rzutowania w stylu języka C lub rzutowania w stylu funkcji ujętego w nawiasach
      C:\Program Files (x86)\Windows Kits\10\Include\10.0.26100.0\um\sqlext.h(2085,19):
      zobacz deklarację „SQLBindParameter”
      C:\backkup d\OldSchool_src\Server\GameServer\FieldServer\Main\FieldIOCPSocket2.cpp(25093,3):
      podczas próby dopasowania listy argumentów "(SQLHSTMT, int, int, int, int, int, int, char [50], int, SQLINTEGER *)"
  
C:\backkup d\OldSchool_src\Server\GameServer\FieldServer\Main\FieldIOCPSocket2.cpp(25094,3): error C2664: „SQLRETURN SQLBindParameter(SQLHSTMT,SQLUSMALLINT,SQLSMALLINT,SQLSMALLINT,SQLSMALLINT,SQLULEN,SQLSMALLINT,SQLPOINTER,SQLLEN,SQLLEN *)”: nie można dokonać konwersji argumentu 10 z „SQLINTEGER *” do „SQLLEN *”
      C:\backkup d\OldSchool_src\Server\GameServer\FieldServer\Main\FieldIOCPSocket2.cpp(25094,111):
      Wskazane typy nie są powiązane; konwersja wymaga operatora reinterpret_cast, rzutowania w stylu języka C lub rzutowania w stylu funkcji ujętego w nawiasach
      C:\Program Files (x86)\Windows Kits\10\Include\10.0.26100.0\um\sqlext.h(2085,19):
      zobacz deklarację „SQLBindParameter”
      C:\backkup d\OldSchool_src\Server\GameServer\FieldServer\Main\FieldIOCPSocket2.cpp(25094,3):
      podczas próby dopasowania listy argumentów "(SQLHSTMT, int, int, int, int, int, int, int *, int, SQLINTEGER *)"
  
  LogWinSocket.cpp
C:\backkup d\OldSchool_src\Server\GameServer\FieldServer\Main\FieldIOCPSocket2.cpp(25095,3): error C2664: „SQLRETURN SQLBindParameter(SQLHSTMT,SQLUSMALLINT,SQLSMALLINT,SQLSMALLINT,SQLSMALLINT,SQLULEN,SQLSMALLINT,SQLPOINTER,SQLLEN,SQLLEN *)”: nie można dokonać konwersji argumentu 10 z „SQLINTEGER *” do „SQLLEN *”
      C:\backkup d\OldSchool_src\Server\GameServer\FieldServer\Main\FieldIOCPSocket2.cpp(25095,112):
      Wskazane typy nie są powiązane; konwersja wymaga operatora reinterpret_cast, rzutowania w stylu języka C lub rzutowania w stylu funkcji ujętego w nawiasach
      C:\Program Files (x86)\Windows Kits\10\Include\10.0.26100.0\um\sqlext.h(2085,19):
      zobacz deklarację „SQLBindParameter”
      C:\backkup d\OldSchool_src\Server\GameServer\FieldServer\Main\FieldIOCPSocket2.cpp(25095,3):
      podczas próby dopasowania listy argumentów "(SQLHSTMT, int, int, int, int, int, int, int *, int, SQLINTEGER *)"
  
C:\backkup d\OldSchool_src\Server\GameServer\FieldServer\Main\FieldIOCPSocket2.cpp(25096,3): error C2664: „SQLRETURN SQLBindParameter(SQLHSTMT,SQLUSMALLINT,SQLSMALLINT,SQLSMALLINT,SQLSMALLINT,SQLULEN,SQLSMALLINT,SQLPOINTER,SQLLEN,SQLLEN *)”: nie można dokonać konwersji argumentu 10 z „SQLINTEGER *” do „SQLLEN *”
      C:\backkup d\OldSchool_src\Server\GameServer\FieldServer\Main\FieldIOCPSocket2.cpp(25096,129):
      Wskazane typy nie są powiązane; konwersja wymaga operatora reinterpret_cast, rzutowania w stylu języka C lub rzutowania w stylu funkcji ujętego w nawiasach
      C:\Program Files (x86)\Windows Kits\10\Include\10.0.26100.0\um\sqlext.h(2085,19):
      zobacz deklarację „SQLBindParameter”
      C:\backkup d\OldSchool_src\Server\GameServer\FieldServer\Main\FieldIOCPSocket2.cpp(25096,3):
      podczas próby dopasowania listy argumentów "(SQLHSTMT, int, int, int, int, int, int, char [16], int, SQLINTEGER *)"
  
C:\backkup d\OldSchool_src\Server\GameServer\FieldServer\Main\FieldIOCPSocket2.cpp(25097,3): error C2664: „SQLRETURN SQLBindParameter(SQLHSTMT,SQLUSMALLINT,SQLSMALLINT,SQLSMALLINT,SQLSMALLINT,SQLULEN,SQLSMALLINT,SQLPOINTER,SQLLEN,SQLLEN *)”: nie można dokonać konwersji argumentu 10 z „SQLINTEGER *” do „SQLLEN *”
      C:\backkup d\OldSchool_src\Server\GameServer\FieldServer\Main\FieldIOCPSocket2.cpp(25097,112):
      Wskazane typy nie są powiązane; konwersja wymaga operatora reinterpret_cast, rzutowania w stylu języka C lub rzutowania w stylu funkcji ujętego w nawiasach
      C:\Program Files (x86)\Windows Kits\10\Include\10.0.26100.0\um\sqlext.h(2085,19):
      zobacz deklarację „SQLBindParameter”
      C:\backkup d\OldSchool_src\Server\GameServer\FieldServer\Main\FieldIOCPSocket2.cpp(25097,3):
      podczas próby dopasowania listy argumentów "(SQLHSTMT, int, int, int, int, int, int, int *, int, SQLINTEGER *)"
  
C:\backkup d\OldSchool_src\Server\GameServer\FieldServer\Main\FieldIOCPSocket2.cpp(25098,3): error C2664: „SQLRETURN SQLBindParameter(SQLHSTMT,SQLUSMALLINT,SQLSMALLINT,SQLSMALLINT,SQLSMALLINT,SQLULEN,SQLSMALLINT,SQLPOINTER,SQLLEN,SQLLEN *)”: nie można dokonać konwersji argumentu 10 z „SQLINTEGER *” do „SQLLEN *”
      C:\backkup d\OldSchool_src\Server\GameServer\FieldServer\Main\FieldIOCPSocket2.cpp(25098,139):
      Wskazane typy nie są powiązane; konwersja wymaga operatora reinterpret_cast, rzutowania w stylu języka C lub rzutowania w stylu funkcji ujętego w nawiasach
      C:\Program Files (x86)\Windows Kits\10\Include\10.0.26100.0\um\sqlext.h(2085,19):
      zobacz deklarację „SQLBindParameter”
      C:\backkup d\OldSchool_src\Server\GameServer\FieldServer\Main\FieldIOCPSocket2.cpp(25098,3):
      podczas próby dopasowania listy argumentów "(SQLHSTMT, int, int, int, int, int, int, char [50], int, SQLINTEGER *)"
  
C:\backkup d\OldSchool_src\Server\GameServer\FieldServer\Main\FieldIOCPSocket2.cpp(25099,3): error C2664: „SQLRETURN SQLBindParameter(SQLHSTMT,SQLUSMALLINT,SQLSMALLINT,SQLSMALLINT,SQLSMALLINT,SQLULEN,SQLSMALLINT,SQLPOINTER,SQLLEN,SQLLEN *)”: nie można dokonać konwersji argumentu 10 z „SQLINTEGER *” do „SQLLEN *”
      C:\backkup d\OldSchool_src\Server\GameServer\FieldServer\Main\FieldIOCPSocket2.cpp(25099,144):
      Wskazane typy nie są powiązane; konwersja wymaga operatora reinterpret_cast, rzutowania w stylu języka C lub rzutowania w stylu funkcji ujętego w nawiasach
      C:\Program Files (x86)\Windows Kits\10\Include\10.0.26100.0\um\sqlext.h(2085,19):
      zobacz deklarację „SQLBindParameter”
      C:\backkup d\OldSchool_src\Server\GameServer\FieldServer\Main\FieldIOCPSocket2.cpp(25099,3):
      podczas próby dopasowania listy argumentów "(SQLHSTMT, int, int, int, int, int, int, char [50], int, SQLINTEGER *)"
  
C:\backkup d\OldSchool_src\Server\GameServer\FieldServer\Main\FieldIOCPSocket2.cpp(25113,3): error C2664: „SQLRETURN SQLBindCol(SQLHSTMT,SQLUSMALLINT,SQLSMALLINT,SQLPOINTER,SQLLEN,SQLLEN *)”: nie można dokonać konwersji argumentu 6 z „SQLINTEGER *” do „SQLLEN *”
      C:\backkup d\OldSchool_src\Server\GameServer\FieldServer\Main\FieldIOCPSocket2.cpp(25113,49):
      Wskazane typy nie są powiązane; konwersja wymaga operatora reinterpret_cast, rzutowania w stylu języka C lub rzutowania w stylu funkcji ujętego w nawiasach
      C:\Program Files (x86)\Windows Kits\10\Include\10.0.26100.0\um\sql.h(618,20):
      zobacz deklarację „SQLBindCol”
      C:\backkup d\OldSchool_src\Server\GameServer\FieldServer\Main\FieldIOCPSocket2.cpp(25113,3):
      podczas próby dopasowania listy argumentów "(SQLHSTMT, int, int, int *, int, SQLINTEGER *)"
  
C:\backkup d\OldSchool_src\Server\GameServer\FieldServer\Main\FieldIOCPSocket2.cpp(25114,3): error C2664: „SQLRETURN SQLBindCol(SQLHSTMT,SQLUSMALLINT,SQLSMALLINT,SQLPOINTER,SQLLEN,SQLLEN *)”: nie można dokonać konwersji argumentu 6 z „SQLINTEGER *” do „SQLLEN *”
      C:\backkup d\OldSchool_src\Server\GameServer\FieldServer\Main\FieldIOCPSocket2.cpp(25114,64):
      Wskazane typy nie są powiązane; konwersja wymaga operatora reinterpret_cast, rzutowania w stylu języka C lub rzutowania w stylu funkcji ujętego w nawiasach
      C:\Program Files (x86)\Windows Kits\10\Include\10.0.26100.0\um\sql.h(618,20):
      zobacz deklarację „SQLBindCol”
      C:\backkup d\OldSchool_src\Server\GameServer\FieldServer\Main\FieldIOCPSocket2.cpp(25114,3):
      podczas próby dopasowania listy argumentów "(SQLHSTMT, int, int, int *, int, SQLINTEGER *)"
  
C:\backkup d\OldSchool_src\Server\GameServer\FieldServer\Main\FieldIOCPSocket2.cpp(25115,3): error C2664: „SQLRETURN SQLBindCol(SQLHSTMT,SQLUSMALLINT,SQLSMALLINT,SQLPOINTER,SQLLEN,SQLLEN *)”: nie można dokonać konwersji argumentu 6 z „SQLINTEGER *” do „SQLLEN *”
      C:\backkup d\OldSchool_src\Server\GameServer\FieldServer\Main\FieldIOCPSocket2.cpp(25115,65):
      Wskazane typy nie są powiązane; konwersja wymaga operatora reinterpret_cast, rzutowania w stylu języka C lub rzutowania w stylu funkcji ujętego w nawiasach
      C:\Program Files (x86)\Windows Kits\10\Include\10.0.26100.0\um\sql.h(618,20):
      zobacz deklarację „SQLBindCol”
      C:\backkup d\OldSchool_src\Server\GameServer\FieldServer\Main\FieldIOCPSocket2.cpp(25115,3):
      podczas próby dopasowania listy argumentów "(SQLHSTMT, int, int, int *, int, SQLINTEGER *)"
  
  MapBlock.cpp
  MapChannel.cpp
  MapOwnership.cpp
  MapProject.cpp
  MapWorkspace.cpp
  md5_lib_src.cpp
  Monster.cpp
C:\backkup d\OldSchool_src\Server\GameServer\FieldServer\Main\GuildWar.cpp(189,2): error C2664: „SQLRETURN SQLBindParameter(SQLHSTMT,SQLUSMALLINT,SQLSMALLINT,SQLSMALLINT,SQLSMALLINT,SQLULEN,SQLSMALLINT,SQLPOINTER,SQLLEN,SQLLEN *)”: nie można dokonać konwersji argumentu 10 z „SQLINTEGER *” do „SQLLEN *”
      C:\backkup d\OldSchool_src\Server\GameServer\FieldServer\Main\GuildWar.cpp(189,111):
      Wskazane typy nie są powiązane; konwersja wymaga operatora reinterpret_cast, rzutowania w stylu języka C lub rzutowania w stylu funkcji ujętego w nawiasach
      C:\Program Files (x86)\Windows Kits\10\Include\10.0.26100.0\um\sqlext.h(2085,19):
      zobacz deklarację „SQLBindParameter”
      C:\backkup d\OldSchool_src\Server\GameServer\FieldServer\Main\GuildWar.cpp(189,2):
      podczas próby dopasowania listy argumentów "(SQLHSTMT, int, int, int, int, int, int, UID32_t *, int, SQLINTEGER *)"
  
C:\backkup d\OldSchool_src\Server\GameServer\FieldServer\Main\GuildWar.cpp(234,2): error C2664: „SQLRETURN SQLBindParameter(SQLHSTMT,SQLUSMALLINT,SQLSMALLINT,SQLSMALLINT,SQLSMALLINT,SQLULEN,SQLSMALLINT,SQLPOINTER,SQLLEN,SQLLEN *)”: nie można dokonać konwersji argumentu 10 z „SQLINTEGER *” do „SQLLEN *”
      C:\backkup d\OldSchool_src\Server\GameServer\FieldServer\Main\GuildWar.cpp(234,111):
      Wskazane typy nie są powiązane; konwersja wymaga operatora reinterpret_cast, rzutowania w stylu języka C lub rzutowania w stylu funkcji ujętego w nawiasach
      C:\Program Files (x86)\Windows Kits\10\Include\10.0.26100.0\um\sqlext.h(2085,19):
      zobacz deklarację „SQLBindParameter”
      C:\backkup d\OldSchool_src\Server\GameServer\FieldServer\Main\GuildWar.cpp(234,2):
      podczas próby dopasowania listy argumentów "(SQLHSTMT, int, int, int, int, int, int, UID32_t *, int, SQLINTEGER *)"
  
C:\backkup d\OldSchool_src\Server\GameServer\FieldServer\Main\GuildWar.cpp(275,3): error C2664: „SQLRETURN SQLBindParameter(SQLHSTMT,SQLUSMALLINT,SQLSMALLINT,SQLSMALLINT,SQLSMALLINT,SQLULEN,SQLSMALLINT,SQLPOINTER,SQLLEN,SQLLEN *)”: nie można dokonać konwersji argumentu 10 z „SQLINTEGER *” do „SQLLEN *”
      C:\backkup d\OldSchool_src\Server\GameServer\FieldServer\Main\GuildWar.cpp(275,102):
      Wskazane typy nie są powiązane; konwersja wymaga operatora reinterpret_cast, rzutowania w stylu języka C lub rzutowania w stylu funkcji ujętego w nawiasach
      C:\Program Files (x86)\Windows Kits\10\Include\10.0.26100.0\um\sqlext.h(2085,19):
      zobacz deklarację „SQLBindParameter”
      C:\backkup d\OldSchool_src\Server\GameServer\FieldServer\Main\GuildWar.cpp(275,3):
      podczas próby dopasowania listy argumentów "(SQLHSTMT, int, int, int, int, int, int, UID32_t *, int, SQLINTEGER *)"
  
C:\backkup d\OldSchool_src\Server\GameServer\FieldServer\Main\GuildWar.cpp(302,3): error C2664: „SQLRETURN SQLBindParameter(SQLHSTMT,SQLUSMALLINT,SQLSMALLINT,SQLSMALLINT,SQLSMALLINT,SQLULEN,SQLSMALLINT,SQLPOINTER,SQLLEN,SQLLEN *)”: nie można dokonać konwersji argumentu 10 z „SQLINTEGER *” do „SQLLEN *”
      C:\backkup d\OldSchool_src\Server\GameServer\FieldServer\Main\GuildWar.cpp(302,102):
      Wskazane typy nie są powiązane; konwersja wymaga operatora reinterpret_cast, rzutowania w stylu języka C lub rzutowania w stylu funkcji ujętego w nawiasach
      C:\Program Files (x86)\Windows Kits\10\Include\10.0.26100.0\um\sqlext.h(2085,19):
      zobacz deklarację „SQLBindParameter”
      C:\backkup d\OldSchool_src\Server\GameServer\FieldServer\Main\GuildWar.cpp(302,3):
      podczas próby dopasowania listy argumentów "(SQLHSTMT, int, int, int, int, int, int, UID32_t *, int, SQLINTEGER *)"
  
C:\backkup d\OldSchool_src\Server\GameServer\FieldServer\Main\GuildWar.cpp(451,2): error C2664: „SQLRETURN SQLBindParameter(SQLHSTMT,SQLUSMALLINT,SQLSMALLINT,SQLSMALLINT,SQLSMALLINT,SQLULEN,SQLSMALLINT,SQLPOINTER,SQLLEN,SQLLEN *)”: nie można dokonać konwersji argumentu 10 z „SQLINTEGER *” do „SQLLEN *”
      C:\backkup d\OldSchool_src\Server\GameServer\FieldServer\Main\GuildWar.cpp(451,99):
      Wskazane typy nie są powiązane; konwersja wymaga operatora reinterpret_cast, rzutowania w stylu języka C lub rzutowania w stylu funkcji ujętego w nawiasach
      C:\Program Files (x86)\Windows Kits\10\Include\10.0.26100.0\um\sqlext.h(2085,19):
      zobacz deklarację „SQLBindParameter”
      C:\backkup d\OldSchool_src\Server\GameServer\FieldServer\Main\GuildWar.cpp(451,2):
      podczas próby dopasowania listy argumentów "(SQLHSTMT, int, int, int, int, int, int, UID32_t *, int, SQLINTEGER *)"
  
C:\backkup d\OldSchool_src\Server\GameServer\FieldServer\Main\GuildWar.cpp(498,2): error C2664: „SQLRETURN SQLBindParameter(SQLHSTMT,SQLUSMALLINT,SQLSMALLINT,SQLSMALLINT,SQLSMALLINT,SQLULEN,SQLSMALLINT,SQLPOINTER,SQLLEN,SQLLEN *)”: nie można dokonać konwersji argumentu 10 z „SQLINTEGER *” do „SQLLEN *”
      C:\backkup d\OldSchool_src\Server\GameServer\FieldServer\Main\GuildWar.cpp(498,108):
      Wskazane typy nie są powiązane; konwersja wymaga operatora reinterpret_cast, rzutowania w stylu języka C lub rzutowania w stylu funkcji ujętego w nawiasach
      C:\Program Files (x86)\Windows Kits\10\Include\10.0.26100.0\um\sqlext.h(2085,19):
      zobacz deklarację „SQLBindParameter”
      C:\backkup d\OldSchool_src\Server\GameServer\FieldServer\Main\GuildWar.cpp(498,2):
      podczas próby dopasowania listy argumentów "(SQLHSTMT, int, int, int, int, int, int, UID32_t *, int, SQLINTEGER *)"
  
C:\backkup d\OldSchool_src\Server\GameServer\FieldServer\Main\GuildWar.cpp(544,2): error C2664: „SQLRETURN SQLBindParameter(SQLHSTMT,SQLUSMALLINT,SQLSMALLINT,SQLSMALLINT,SQLSMALLINT,SQLULEN,SQLSMALLINT,SQLPOINTER,SQLLEN,SQLLEN *)”: nie można dokonać konwersji argumentu 10 z „SQLINTEGER *” do „SQLLEN *”
      C:\backkup d\OldSchool_src\Server\GameServer\FieldServer\Main\GuildWar.cpp(544,99):
      Wskazane typy nie są powiązane; konwersja wymaga operatora reinterpret_cast, rzutowania w stylu języka C lub rzutowania w stylu funkcji ujętego w nawiasach
      C:\Program Files (x86)\Windows Kits\10\Include\10.0.26100.0\um\sqlext.h(2085,19):
      zobacz deklarację „SQLBindParameter”
      C:\backkup d\OldSchool_src\Server\GameServer\FieldServer\Main\GuildWar.cpp(544,2):
      podczas próby dopasowania listy argumentów "(SQLHSTMT, int, int, int, int, int, int, UID32_t *, int, SQLINTEGER *)"
  
C:\backkup d\OldSchool_src\Server\GameServer\FieldServer\Main\GuildWar.cpp(597,2): error C2664: „SQLRETURN SQLBindParameter(SQLHSTMT,SQLUSMALLINT,SQLSMALLINT,SQLSMALLINT,SQLSMALLINT,SQLULEN,SQLSMALLINT,SQLPOINTER,SQLLEN,SQLLEN *)”: nie można dokonać konwersji argumentu 10 z „SQLINTEGER *” do „SQLLEN *”
      C:\backkup d\OldSchool_src\Server\GameServer\FieldServer\Main\GuildWar.cpp(597,108):
      Wskazane typy nie są powiązane; konwersja wymaga operatora reinterpret_cast, rzutowania w stylu języka C lub rzutowania w stylu funkcji ujętego w nawiasach
      C:\Program Files (x86)\Windows Kits\10\Include\10.0.26100.0\um\sqlext.h(2085,19):
      zobacz deklarację „SQLBindParameter”
      C:\backkup d\OldSchool_src\Server\GameServer\FieldServer\Main\GuildWar.cpp(597,2):
      podczas próby dopasowania listy argumentów "(SQLHSTMT, int, int, int, int, int, int, UID32_t *, int, SQLINTEGER *)"
  
  MonsterDBAccess.cpp
  MTAutoCriticalSection.cpp
  MTCriticalSection.cpp
C:\backkup d\OldSchool_src\Common\IOCP.cpp(1191,10): error C2664: „BOOL GetQueuedCompletionStatus(HANDLE,LPDWORD,PULONG_PTR,LPOVERLAPPED *,DWORD)”: nie można dokonać konwersji argumentu 3 z „DWORD *” do „PULONG_PTR”
      C:\backkup d\OldSchool_src\Common\IOCP.cpp(1191,72):
      Wskazane typy nie są powiązane; konwersja wymaga operatora reinterpret_cast, rzutowania w stylu języka C lub rzutowania w stylu funkcji ujętego w nawiasach
      C:\Program Files (x86)\Windows Kits\10\Include\10.0.26100.0\um\ioapiset.h(42,1):
      zobacz deklarację „GetQueuedCompletionStatus”
      C:\backkup d\OldSchool_src\Common\IOCP.cpp(1191,10):
      podczas próby dopasowania listy argumentów "(HANDLE, DWORD *, DWORD *, LPOVERLAPPED *, unsigned int)"
  
  NPCScripts.cpp
  ODBCStatement.cpp
  MarketDataManager.cpp
  OutPost.cpp
  OutPostManager.cpp
  Overlapped.cpp
  PCBangIPManager.cpp
  PetDataManager.cpp
  PreWinSocket.cpp
  Quest.cpp
  QuestMatching.cpp
C:\backkup d\OldSchool_src\Common\MapProject.cpp(1645,2): error C2664: „SQLRETURN SQLBindCol(SQLHSTMT,SQLUSMALLINT,SQLSMALLINT,SQLPOINTER,SQLLEN,SQLLEN *)”: nie można dokonać konwersji argumentu 6 z „SQLINTEGER *” do „SQLLEN *”
      C:\backkup d\OldSchool_src\Common\MapProject.cpp(1645,66):
      Wskazane typy nie są powiązane; konwersja wymaga operatora reinterpret_cast, rzutowania w stylu języka C lub rzutowania w stylu funkcji ujętego w nawiasach
      C:\Program Files (x86)\Windows Kits\10\Include\10.0.26100.0\um\sql.h(618,20):
      zobacz deklarację „SQLBindCol”
      C:\backkup d\OldSchool_src\Common\MapProject.cpp(1645,2):
      podczas próby dopasowania listy argumentów "(SQLHSTMT, int, int, int *, int, SQLINTEGER *)"
  
  QueueINT.cpp
  Racing.cpp
C:\backkup d\OldSchool_src\Common\MapWorkspace.cpp(192,2): error C2664: „SQLRETURN SQLBindCol(SQLHSTMT,SQLUSMALLINT,SQLSMALLINT,SQLPOINTER,SQLLEN,SQLLEN *)”: nie można dokonać konwersji argumentu 6 z „SQLINTEGER *” do „SQLLEN *”
      C:\backkup d\OldSchool_src\Common\MapWorkspace.cpp(192,56):
      Wskazane typy nie są powiązane; konwersja wymaga operatora reinterpret_cast, rzutowania w stylu języka C lub rzutowania w stylu funkcji ujętego w nawiasach
      C:\Program Files (x86)\Windows Kits\10\Include\10.0.26100.0\um\sql.h(618,20):
      zobacz deklarację „SQLBindCol”
      C:\backkup d\OldSchool_src\Common\MapWorkspace.cpp(192,2):
      podczas próby dopasowania listy argumentów "(SQLHSTMT, int, int, INT *, int, SQLINTEGER *)"
  
C:\backkup d\OldSchool_src\Common\MapWorkspace.cpp(193,2): error C2664: „SQLRETURN SQLBindCol(SQLHSTMT,SQLUSMALLINT,SQLSMALLINT,SQLPOINTER,SQLLEN,SQLLEN *)”: nie można dokonać konwersji argumentu 6 z „SQLINTEGER *” do „SQLLEN *”
      C:\backkup d\OldSchool_src\Common\MapWorkspace.cpp(193,60):
      Wskazane typy nie są powiązane; konwersja wymaga operatora reinterpret_cast, rzutowania w stylu języka C lub rzutowania w stylu funkcji ujętego w nawiasach
      C:\Program Files (x86)\Windows Kits\10\Include\10.0.26100.0\um\sql.h(618,20):
      zobacz deklarację „SQLBindCol”
      C:\backkup d\OldSchool_src\Common\MapWorkspace.cpp(193,2):
      podczas próby dopasowania listy argumentów "(SQLHSTMT, int, int, BYTE *, int, SQLINTEGER *)"
  
C:\backkup d\OldSchool_src\Common\MapWorkspace.cpp(194,2): error C2664: „SQLRETURN SQLBindCol(SQLHSTMT,SQLUSMALLINT,SQLSMALLINT,SQLPOINTER,SQLLEN,SQLLEN *)”: nie można dokonać konwersji argumentu 6 z „SQLINTEGER *” do „SQLLEN *”
      C:\backkup d\OldSchool_src\Common\MapWorkspace.cpp(194,64):
      Wskazane typy nie są powiązane; konwersja wymaga operatora reinterpret_cast, rzutowania w stylu języka C lub rzutowania w stylu funkcji ujętego w nawiasach
      C:\Program Files (x86)\Windows Kits\10\Include\10.0.26100.0\um\sql.h(618,20):
      zobacz deklarację „SQLBindCol”
      C:\backkup d\OldSchool_src\Common\MapWorkspace.cpp(194,2):
      podczas próby dopasowania listy argumentów "(SQLHSTMT, int, int, BYTE *, int, SQLINTEGER *)"
  
C:\backkup d\OldSchool_src\Common\MapWorkspace.cpp(195,2): error C2664: „SQLRETURN SQLBindCol(SQLHSTMT,SQLUSMALLINT,SQLSMALLINT,SQLPOINTER,SQLLEN,SQLLEN *)”: nie można dokonać konwersji argumentu 6 z „SQLINTEGER *” do „SQLLEN *”
      C:\backkup d\OldSchool_src\Common\MapWorkspace.cpp(195,73):
      Wskazane typy nie są powiązane; konwersja wymaga operatora reinterpret_cast, rzutowania w stylu języka C lub rzutowania w stylu funkcji ujętego w nawiasach
      C:\Program Files (x86)\Windows Kits\10\Include\10.0.26100.0\um\sql.h(618,20):
      zobacz deklarację „SQLBindCol”
      C:\backkup d\OldSchool_src\Common\MapWorkspace.cpp(195,2):
      podczas próby dopasowania listy argumentów "(SQLHSTMT, int, int, BYTE *, int, SQLINTEGER *)"
  
C:\backkup d\OldSchool_src\Common\MapWorkspace.cpp(196,2): error C2664: „SQLRETURN SQLBindCol(SQLHSTMT,SQLUSMALLINT,SQLSMALLINT,SQLPOINTER,SQLLEN,SQLLEN *)”: nie można dokonać konwersji argumentu 6 z „SQLINTEGER *” do „SQLLEN *”
      C:\backkup d\OldSchool_src\Common\MapWorkspace.cpp(196,65):
      Wskazane typy nie są powiązane; konwersja wymaga operatora reinterpret_cast, rzutowania w stylu języka C lub rzutowania w stylu funkcji ujętego w nawiasach
      C:\Program Files (x86)\Windows Kits\10\Include\10.0.26100.0\um\sql.h(618,20):
      zobacz deklarację „SQLBindCol”
      C:\backkup d\OldSchool_src\Common\MapWorkspace.cpp(196,2):
      podczas próby dopasowania listy argumentów "(SQLHSTMT, int, int, USHORT *, int, SQLINTEGER *)"
  
C:\backkup d\OldSchool_src\Common\MapWorkspace.cpp(197,2): error C2664: „SQLRETURN SQLBindCol(SQLHSTMT,SQLUSMALLINT,SQLSMALLINT,SQLPOINTER,SQLLEN,SQLLEN *)”: nie można dokonać konwersji argumentu 6 z „SQLINTEGER *” do „SQLLEN *”
      C:\backkup d\OldSchool_src\Common\MapWorkspace.cpp(197,71):
      Wskazane typy nie są powiązane; konwersja wymaga operatora reinterpret_cast, rzutowania w stylu języka C lub rzutowania w stylu funkcji ujętego w nawiasach
      C:\Program Files (x86)\Windows Kits\10\Include\10.0.26100.0\um\sql.h(618,20):
      zobacz deklarację „SQLBindCol”
      C:\backkup d\OldSchool_src\Common\MapWorkspace.cpp(197,2):
      podczas próby dopasowania listy argumentów "(SQLHSTMT, int, int, BYTE *, int, SQLINTEGER *)"
  
C:\backkup d\OldSchool_src\Common\MapWorkspace.cpp(233,2): error C2664: „SQLRETURN SQLBindCol(SQLHSTMT,SQLUSMALLINT,SQLSMALLINT,SQLPOINTER,SQLLEN,SQLLEN *)”: nie można dokonać konwersji argumentu 6 z „SQLINTEGER *” do „SQLLEN *”
      C:\backkup d\OldSchool_src\Common\MapWorkspace.cpp(233,66):
      Wskazane typy nie są powiązane; konwersja wymaga operatora reinterpret_cast, rzutowania w stylu języka C lub rzutowania w stylu funkcji ujętego w nawiasach
      C:\Program Files (x86)\Windows Kits\10\Include\10.0.26100.0\um\sql.h(618,20):
      zobacz deklarację „SQLBindCol”
      C:\backkup d\OldSchool_src\Common\MapWorkspace.cpp(233,2):
      podczas próby dopasowania listy argumentów "(SQLHSTMT, int, int, CinemaNum_t *, int, SQLINTEGER *)"
  
C:\backkup d\OldSchool_src\Common\MapWorkspace.cpp(234,2): error C2664: „SQLRETURN SQLBindCol(SQLHSTMT,SQLUSMALLINT,SQLSMALLINT,SQLPOINTER,SQLLEN,SQLLEN *)”: nie można dokonać konwersji argumentu 6 z „SQLINTEGER *” do „SQLLEN *”
      C:\backkup d\OldSchool_src\Common\MapWorkspace.cpp(234,67):
      Wskazane typy nie są powiązane; konwersja wymaga operatora reinterpret_cast, rzutowania w stylu języka C lub rzutowania w stylu funkcji ujętego w nawiasach
      C:\Program Files (x86)\Windows Kits\10\Include\10.0.26100.0\um\sql.h(618,20):
      zobacz deklarację „SQLBindCol”
      C:\backkup d\OldSchool_src\Common\MapWorkspace.cpp(234,2):
      podczas próby dopasowania listy argumentów "(SQLHSTMT, int, int, CinemaOrder_t *, int, SQLINTEGER *)"
  
C:\backkup d\OldSchool_src\Common\MapWorkspace.cpp(235,2): error C2664: „SQLRETURN SQLBindCol(SQLHSTMT,SQLUSMALLINT,SQLSMALLINT,SQLPOINTER,SQLLEN,SQLLEN *)”: nie można dokonać konwersji argumentu 6 z „SQLINTEGER *” do „SQLLEN *”
      C:\backkup d\OldSchool_src\Common\MapWorkspace.cpp(235,66):
      Wskazane typy nie są powiązane; konwersja wymaga operatora reinterpret_cast, rzutowania w stylu języka C lub rzutowania w stylu funkcji ujętego w nawiasach
      C:\Program Files (x86)\Windows Kits\10\Include\10.0.26100.0\um\sql.h(618,20):
      zobacz deklarację „SQLBindCol”
      C:\backkup d\OldSchool_src\Common\MapWorkspace.cpp(235,2):
      podczas próby dopasowania listy argumentów "(SQLHSTMT, int, int, MSec_t *, int, SQLINTEGER *)"
  
C:\backkup d\OldSchool_src\Common\MapWorkspace.cpp(236,2): error C2664: „SQLRETURN SQLBindCol(SQLHSTMT,SQLUSMALLINT,SQLSMALLINT,SQLPOINTER,SQLLEN,SQLLEN *)”: nie można dokonać konwersji argumentu 6 z „SQLINTEGER *” do „SQLLEN *”
      C:\backkup d\OldSchool_src\Common\MapWorkspace.cpp(236,66):
      Wskazane typy nie są powiązane; konwersja wymaga operatora reinterpret_cast, rzutowania w stylu języka C lub rzutowania w stylu funkcji ujętego w nawiasach
      C:\Program Files (x86)\Windows Kits\10\Include\10.0.26100.0\um\sql.h(618,20):
      zobacz deklarację „SQLBindCol”
      C:\backkup d\OldSchool_src\Common\MapWorkspace.cpp(236,2):
      podczas próby dopasowania listy argumentów "(SQLHSTMT, int, int, EffectIdx_t *, int, SQLINTEGER *)"
  
C:\backkup d\OldSchool_src\Common\MapWorkspace.cpp(237,2): error C2664: „SQLRETURN SQLBindCol(SQLHSTMT,SQLUSMALLINT,SQLSMALLINT,SQLPOINTER,SQLLEN,SQLLEN *)”: nie można dokonać konwersji argumentu 6 z „SQLINTEGER *” do „SQLLEN *”
      C:\backkup d\OldSchool_src\Common\MapWorkspace.cpp(237,71):
      Wskazane typy nie są powiązane; konwersja wymaga operatora reinterpret_cast, rzutowania w stylu języka C lub rzutowania w stylu funkcji ujętego w nawiasach
      C:\Program Files (x86)\Windows Kits\10\Include\10.0.26100.0\um\sql.h(618,20):
      zobacz deklarację „SQLBindCol”
      C:\backkup d\OldSchool_src\Common\MapWorkspace.cpp(237,2):
      podczas próby dopasowania listy argumentów "(SQLHSTMT, int, int, Position_t *, int, SQLINTEGER *)"
  
C:\backkup d\OldSchool_src\Common\MapWorkspace.cpp(238,2): error C2664: „SQLRETURN SQLBindCol(SQLHSTMT,SQLUSMALLINT,SQLSMALLINT,SQLPOINTER,SQLLEN,SQLLEN *)”: nie można dokonać konwersji argumentu 6 z „SQLINTEGER *” do „SQLLEN *”
      C:\backkup d\OldSchool_src\Common\MapWorkspace.cpp(238,71):
      Wskazane typy nie są powiązane; konwersja wymaga operatora reinterpret_cast, rzutowania w stylu języka C lub rzutowania w stylu funkcji ujętego w nawiasach
      C:\Program Files (x86)\Windows Kits\10\Include\10.0.26100.0\um\sql.h(618,20):
      zobacz deklarację „SQLBindCol”
      C:\backkup d\OldSchool_src\Common\MapWorkspace.cpp(238,2):
      podczas próby dopasowania listy argumentów "(SQLHSTMT, int, int, Position_t *, int, SQLINTEGER *)"
  
C:\backkup d\OldSchool_src\Common\MapWorkspace.cpp(239,2): error C2664: „SQLRETURN SQLBindCol(SQLHSTMT,SQLUSMALLINT,SQLSMALLINT,SQLPOINTER,SQLLEN,SQLLEN *)”: nie można dokonać konwersji argumentu 6 z „SQLINTEGER *” do „SQLLEN *”
      C:\backkup d\OldSchool_src\Common\MapWorkspace.cpp(239,71):
      Wskazane typy nie są powiązane; konwersja wymaga operatora reinterpret_cast, rzutowania w stylu języka C lub rzutowania w stylu funkcji ujętego w nawiasach
      C:\Program Files (x86)\Windows Kits\10\Include\10.0.26100.0\um\sql.h(618,20):
      zobacz deklarację „SQLBindCol”
      C:\backkup d\OldSchool_src\Common\MapWorkspace.cpp(239,2):
      podczas próby dopasowania listy argumentów "(SQLHSTMT, int, int, Position_t *, int, SQLINTEGER *)"
  
C:\backkup d\OldSchool_src\Common\MapWorkspace.cpp(240,2): error C2664: „SQLRETURN SQLBindCol(SQLHSTMT,SQLUSMALLINT,SQLSMALLINT,SQLPOINTER,SQLLEN,SQLLEN *)”: nie można dokonać konwersji argumentu 6 z „SQLINTEGER *” do „SQLLEN *”
      C:\backkup d\OldSchool_src\Common\MapWorkspace.cpp(240,70):
      Wskazane typy nie są powiązane; konwersja wymaga operatora reinterpret_cast, rzutowania w stylu języka C lub rzutowania w stylu funkcji ujętego w nawiasach
      C:\Program Files (x86)\Windows Kits\10\Include\10.0.26100.0\um\sql.h(618,20):
      zobacz deklarację „SQLBindCol”
      C:\backkup d\OldSchool_src\Common\MapWorkspace.cpp(240,2):
      podczas próby dopasowania listy argumentów "(SQLHSTMT, int, int, MSec_t *, int, SQLINTEGER *)"
  
C:\backkup d\OldSchool_src\Common\MapWorkspace.cpp(241,2): error C2664: „SQLRETURN SQLBindCol(SQLHSTMT,SQLUSMALLINT,SQLSMALLINT,SQLPOINTER,SQLLEN,SQLLEN *)”: nie można dokonać konwersji argumentu 6 z „SQLINTEGER *” do „SQLLEN *”
      C:\backkup d\OldSchool_src\Common\MapWorkspace.cpp(241,70):
      Wskazane typy nie są powiązane; konwersja wymaga operatora reinterpret_cast, rzutowania w stylu języka C lub rzutowania w stylu funkcji ujętego w nawiasach
      C:\Program Files (x86)\Windows Kits\10\Include\10.0.26100.0\um\sql.h(618,20):
      zobacz deklarację „SQLBindCol”
      C:\backkup d\OldSchool_src\Common\MapWorkspace.cpp(241,2):
      podczas próby dopasowania listy argumentów "(SQLHSTMT, int, int, EffectPlayCount_t *, int, SQLINTEGER *)"
  
C:\backkup d\OldSchool_src\Common\MapWorkspace.cpp(242,2): error C2664: „SQLRETURN SQLBindCol(SQLHSTMT,SQLUSMALLINT,SQLSMALLINT,SQLPOINTER,SQLLEN,SQLLEN *)”: nie można dokonać konwersji argumentu 6 z „SQLINTEGER *” do „SQLLEN *”
      C:\backkup d\OldSchool_src\Common\MapWorkspace.cpp(242,67):
      Wskazane typy nie są powiązane; konwersja wymaga operatora reinterpret_cast, rzutowania w stylu języka C lub rzutowania w stylu funkcji ujętego w nawiasach
      C:\Program Files (x86)\Windows Kits\10\Include\10.0.26100.0\um\sql.h(618,20):
      zobacz deklarację „SQLBindCol”
      C:\backkup d\OldSchool_src\Common\MapWorkspace.cpp(242,2):
      podczas próby dopasowania listy argumentów "(SQLHSTMT, int, int, ObjectIdx_t *, int, SQLINTEGER *)"
  
C:\backkup d\OldSchool_src\Common\MapWorkspace.cpp(243,2): error C2664: „SQLRETURN SQLBindCol(SQLHSTMT,SQLUSMALLINT,SQLSMALLINT,SQLPOINTER,SQLLEN,SQLLEN *)”: nie można dokonać konwersji argumentu 6 z „SQLINTEGER *” do „SQLLEN *”
      C:\backkup d\OldSchool_src\Common\MapWorkspace.cpp(243,71):
      Wskazane typy nie są powiązane; konwersja wymaga operatora reinterpret_cast, rzutowania w stylu języka C lub rzutowania w stylu funkcji ujętego w nawiasach
      C:\Program Files (x86)\Windows Kits\10\Include\10.0.26100.0\um\sql.h(618,20):
      zobacz deklarację „SQLBindCol”
      C:\backkup d\OldSchool_src\Common\MapWorkspace.cpp(243,2):
      podczas próby dopasowania listy argumentów "(SQLHSTMT, int, int, ObjectNum_t *, int, SQLINTEGER *)"
  
C:\backkup d\OldSchool_src\Common\MapWorkspace.cpp(244,2): error C2664: „SQLRETURN SQLBindCol(SQLHSTMT,SQLUSMALLINT,SQLSMALLINT,SQLPOINTER,SQLLEN,SQLLEN *)”: nie można dokonać konwersji argumentu 6 z „SQLINTEGER *” do „SQLLEN *”
      C:\backkup d\OldSchool_src\Common\MapWorkspace.cpp(244,67):
      Wskazane typy nie są powiązane; konwersja wymaga operatora reinterpret_cast, rzutowania w stylu języka C lub rzutowania w stylu funkcji ujętego w nawiasach
      C:\Program Files (x86)\Windows Kits\10\Include\10.0.26100.0\um\sql.h(618,20):
      zobacz deklarację „SQLBindCol”
      C:\backkup d\OldSchool_src\Common\MapWorkspace.cpp(244,2):
      podczas próby dopasowania listy argumentów "(SQLHSTMT, int, int, MSec_t *, int, SQLINTEGER *)"
  
C:\backkup d\OldSchool_src\Common\MapWorkspace.cpp(245,2): error C2664: „SQLRETURN SQLBindCol(SQLHSTMT,SQLUSMALLINT,SQLSMALLINT,SQLPOINTER,SQLLEN,SQLLEN *)”: nie można dokonać konwersji argumentu 6 z „SQLINTEGER *” do „SQLLEN *”
      C:\backkup d\OldSchool_src\Common\MapWorkspace.cpp(245,70):
      Wskazane typy nie są powiązane; konwersja wymaga operatora reinterpret_cast, rzutowania w stylu języka C lub rzutowania w stylu funkcji ujętego w nawiasach
      C:\Program Files (x86)\Windows Kits\10\Include\10.0.26100.0\um\sql.h(618,20):
      zobacz deklarację „SQLBindCol”
      C:\backkup d\OldSchool_src\Common\MapWorkspace.cpp(245,2):
      podczas próby dopasowania listy argumentów "(SQLHSTMT, int, int, MSec_t *, int, SQLINTEGER *)"
  
C:\backkup d\OldSchool_src\Common\MapWorkspace.cpp(246,2): error C2664: „SQLRETURN SQLBindCol(SQLHSTMT,SQLUSMALLINT,SQLSMALLINT,SQLPOINTER,SQLLEN,SQLLEN *)”: nie można dokonać konwersji argumentu 6 z „SQLINTEGER *” do „SQLLEN *”
      C:\backkup d\OldSchool_src\Common\MapWorkspace.cpp(246,69):
      Wskazane typy nie są powiązane; konwersja wymaga operatora reinterpret_cast, rzutowania w stylu języka C lub rzutowania w stylu funkcji ujętego w nawiasach
      C:\Program Files (x86)\Windows Kits\10\Include\10.0.26100.0\um\sql.h(618,20):
      zobacz deklarację „SQLBindCol”
      C:\backkup d\OldSchool_src\Common\MapWorkspace.cpp(246,2):
      podczas próby dopasowania listy argumentów "(SQLHSTMT, int, int, KeyMonster_t *, int, SQLINTEGER *)"
  
C:\backkup d\OldSchool_src\Common\MapWorkspace.cpp(247,2): error C2664: „SQLRETURN SQLBindCol(SQLHSTMT,SQLUSMALLINT,SQLSMALLINT,SQLPOINTER,SQLLEN,SQLLEN *)”: nie można dokonać konwersji argumentu 6 z „SQLINTEGER *” do „SQLLEN *”
      C:\backkup d\OldSchool_src\Common\MapWorkspace.cpp(247,67):
      Wskazane typy nie są powiązane; konwersja wymaga operatora reinterpret_cast, rzutowania w stylu języka C lub rzutowania w stylu funkcji ujętego w nawiasach
      C:\Program Files (x86)\Windows Kits\10\Include\10.0.26100.0\um\sql.h(618,20):
      zobacz deklarację „SQLBindCol”
      C:\backkup d\OldSchool_src\Common\MapWorkspace.cpp(247,2):
      podczas próby dopasowania listy argumentów "(SQLHSTMT, int, int, MonIdx_t *, int, SQLINTEGER *)"
  
C:\backkup d\OldSchool_src\Common\MapWorkspace.cpp(248,2): error C2664: „SQLRETURN SQLBindCol(SQLHSTMT,SQLUSMALLINT,SQLSMALLINT,SQLPOINTER,SQLLEN,SQLLEN *)”: nie można dokonać konwersji argumentu 6 z „SQLINTEGER *” do „SQLLEN *”
      C:\backkup d\OldSchool_src\Common\MapWorkspace.cpp(248,68):
      Wskazane typy nie są powiązane; konwersja wymaga operatora reinterpret_cast, rzutowania w stylu języka C lub rzutowania w stylu funkcji ujętego w nawiasach
      C:\Program Files (x86)\Windows Kits\10\Include\10.0.26100.0\um\sql.h(618,20):
      zobacz deklarację „SQLBindCol”
      C:\backkup d\OldSchool_src\Common\MapWorkspace.cpp(248,2):
      podczas próby dopasowania listy argumentów "(SQLHSTMT, int, int, SummonCnt_t *, int, SQLINTEGER *)"
  
C:\backkup d\OldSchool_src\Common\MapWorkspace.cpp(249,2): error C2664: „SQLRETURN SQLBindCol(SQLHSTMT,SQLUSMALLINT,SQLSMALLINT,SQLPOINTER,SQLLEN,SQLLEN *)”: nie można dokonać konwersji argumentu 6 z „SQLINTEGER *” do „SQLLEN *”
      C:\backkup d\OldSchool_src\Common\MapWorkspace.cpp(249,71):
      Wskazane typy nie są powiązane; konwersja wymaga operatora reinterpret_cast, rzutowania w stylu języka C lub rzutowania w stylu funkcji ujętego w nawiasach
      C:\Program Files (x86)\Windows Kits\10\Include\10.0.26100.0\um\sql.h(618,20):
      zobacz deklarację „SQLBindCol”
      C:\backkup d\OldSchool_src\Common\MapWorkspace.cpp(249,2):
      podczas próby dopasowania listy argumentów "(SQLHSTMT, int, int, Distance_t *, int, SQLINTEGER *)"
  
C:\backkup d\OldSchool_src\Common\MapWorkspace.cpp(250,2): error C2664: „SQLRETURN SQLBindCol(SQLHSTMT,SQLUSMALLINT,SQLSMALLINT,SQLPOINTER,SQLLEN,SQLLEN *)”: nie można dokonać konwersji argumentu 6 z „SQLINTEGER *” do „SQLLEN *”
      C:\backkup d\OldSchool_src\Common\MapWorkspace.cpp(250,78):
      Wskazane typy nie są powiązane; konwersja wymaga operatora reinterpret_cast, rzutowania w stylu języka C lub rzutowania w stylu funkcji ujętego w nawiasach
      C:\Program Files (x86)\Windows Kits\10\Include\10.0.26100.0\um\sql.h(618,20):
      zobacz deklarację „SQLBindCol”
      C:\backkup d\OldSchool_src\Common\MapWorkspace.cpp(250,2):
      podczas próby dopasowania listy argumentów "(SQLHSTMT, int, int, ObjectIdx_t *, int, SQLINTEGER *)"
  
C:\backkup d\OldSchool_src\Common\MapWorkspace.cpp(251,2): error C2664: „SQLRETURN SQLBindCol(SQLHSTMT,SQLUSMALLINT,SQLSMALLINT,SQLPOINTER,SQLLEN,SQLLEN *)”: nie można dokonać konwersji argumentu 6 z „SQLINTEGER *” do „SQLLEN *”
      C:\backkup d\OldSchool_src\Common\MapWorkspace.cpp(251,71):
      Wskazane typy nie są powiązane; konwersja wymaga operatora reinterpret_cast, rzutowania w stylu języka C lub rzutowania w stylu funkcji ujętego w nawiasach
      C:\Program Files (x86)\Windows Kits\10\Include\10.0.26100.0\um\sql.h(618,20):
      zobacz deklarację „SQLBindCol”
      C:\backkup d\OldSchool_src\Common\MapWorkspace.cpp(251,2):
      podczas próby dopasowania listy argumentów "(SQLHSTMT, int, int, BodyCond_t *, int, SQLINTEGER *)"
  
C:\backkup d\OldSchool_src\Common\MapWorkspace.cpp(252,2): error C2664: „SQLRETURN SQLBindCol(SQLHSTMT,SQLUSMALLINT,SQLSMALLINT,SQLPOINTER,SQLLEN,SQLLEN *)”: nie można dokonać konwersji argumentu 6 z „SQLINTEGER *” do „SQLLEN *”
      C:\backkup d\OldSchool_src\Common\MapWorkspace.cpp(252,83):
      Wskazane typy nie są powiązane; konwersja wymaga operatora reinterpret_cast, rzutowania w stylu języka C lub rzutowania w stylu funkcji ujętego w nawiasach
      C:\Program Files (x86)\Windows Kits\10\Include\10.0.26100.0\um\sql.h(618,20):
      zobacz deklarację „SQLBindCol”
      C:\backkup d\OldSchool_src\Common\MapWorkspace.cpp(252,2):
      podczas próby dopasowania listy argumentów "(SQLHSTMT, int, int, FileName_t [50], int, SQLINTEGER *)"
  
C:\backkup d\OldSchool_src\Common\MapWorkspace.cpp(253,2): error C2664: „SQLRETURN SQLBindCol(SQLHSTMT,SQLUSMALLINT,SQLSMALLINT,SQLPOINTER,SQLLEN,SQLLEN *)”: nie można dokonać konwersji argumentu 6 z „SQLINTEGER *” do „SQLLEN *”
      C:\backkup d\OldSchool_src\Common\MapWorkspace.cpp(253,83):
      Wskazane typy nie są powiązane; konwersja wymaga operatora reinterpret_cast, rzutowania w stylu języka C lub rzutowania w stylu funkcji ujętego w nawiasach
      C:\Program Files (x86)\Windows Kits\10\Include\10.0.26100.0\um\sql.h(618,20):
      zobacz deklarację „SQLBindCol”
      C:\backkup d\OldSchool_src\Common\MapWorkspace.cpp(253,2):
      podczas próby dopasowania listy argumentów "(SQLHSTMT, int, int, FileName_t [50], int, SQLINTEGER *)"
  
C:\backkup d\OldSchool_src\Common\MapWorkspace.cpp(254,2): error C2664: „SQLRETURN SQLBindCol(SQLHSTMT,SQLUSMALLINT,SQLSMALLINT,SQLPOINTER,SQLLEN,SQLLEN *)”: nie można dokonać konwersji argumentu 6 z „SQLINTEGER *” do „SQLLEN *”
      C:\backkup d\OldSchool_src\Common\MapWorkspace.cpp(254,94):
      Wskazane typy nie są powiązane; konwersja wymaga operatora reinterpret_cast, rzutowania w stylu języka C lub rzutowania w stylu funkcji ujętego w nawiasach
      C:\Program Files (x86)\Windows Kits\10\Include\10.0.26100.0\um\sql.h(618,20):
      zobacz deklarację „SQLBindCol”
      C:\backkup d\OldSchool_src\Common\MapWorkspace.cpp(254,2):
      podczas próby dopasowania listy argumentów "(SQLHSTMT, int, int, CinemaTalk_t [200], int, SQLINTEGER *)"
  
C:\backkup d\OldSchool_src\Common\MapWorkspace.cpp(255,2): error C2664: „SQLRETURN SQLBindCol(SQLHSTMT,SQLUSMALLINT,SQLSMALLINT,SQLPOINTER,SQLLEN,SQLLEN *)”: nie można dokonać konwersji argumentu 6 z „SQLINTEGER *” do „SQLLEN *”
      C:\backkup d\OldSchool_src\Common\MapWorkspace.cpp(255,84):
      Wskazane typy nie są powiązane; konwersja wymaga operatora reinterpret_cast, rzutowania w stylu języka C lub rzutowania w stylu funkcji ujętego w nawiasach
      C:\Program Files (x86)\Windows Kits\10\Include\10.0.26100.0\um\sql.h(618,20):
      zobacz deklarację „SQLBindCol”
      C:\backkup d\OldSchool_src\Common\MapWorkspace.cpp(255,2):
      podczas próby dopasowania listy argumentów "(SQLHSTMT, int, int, FileName_t [50], int, SQLINTEGER *)"
  
C:\backkup d\OldSchool_src\Common\MapWorkspace.cpp(257,2): error C2664: „SQLRETURN SQLBindCol(SQLHSTMT,SQLUSMALLINT,SQLSMALLINT,SQLPOINTER,SQLLEN,SQLLEN *)”: nie można dokonać konwersji argumentu 6 z „SQLINTEGER *” do „SQLLEN *”
      C:\backkup d\OldSchool_src\Common\MapWorkspace.cpp(257,67):
      Wskazane typy nie są powiązane; konwersja wymaga operatora reinterpret_cast, rzutowania w stylu języka C lub rzutowania w stylu funkcji ujętego w nawiasach
      C:\Program Files (x86)\Windows Kits\10\Include\10.0.26100.0\um\sql.h(618,20):
      zobacz deklarację „SQLBindCol”
      C:\backkup d\OldSchool_src\Common\MapWorkspace.cpp(257,2):
      podczas próby dopasowania listy argumentów "(SQLHSTMT, int, int, QuestIndex_t *, int, SQLINTEGER *)"
  
C:\backkup d\OldSchool_src\Common\MapWorkspace.cpp(258,2): error C2664: „SQLRETURN SQLBindCol(SQLHSTMT,SQLUSMALLINT,SQLSMALLINT,SQLPOINTER,SQLLEN,SQLLEN *)”: nie można dokonać konwersji argumentu 6 z „SQLINTEGER *” do „SQLLEN *”
      C:\backkup d\OldSchool_src\Common\MapWorkspace.cpp(258,70):
      Wskazane typy nie są powiązane; konwersja wymaga operatora reinterpret_cast, rzutowania w stylu języka C lub rzutowania w stylu funkcji ujętego w nawiasach
      C:\Program Files (x86)\Windows Kits\10\Include\10.0.26100.0\um\sql.h(618,20):
      zobacz deklarację „SQLBindCol”
      C:\backkup d\OldSchool_src\Common\MapWorkspace.cpp(258,2):
      podczas próby dopasowania listy argumentów "(SQLHSTMT, int, int, eCINEMA_MONSTER_INDEX_TYPE *, int, SQLINTEGER *)"
  
C:\backkup d\OldSchool_src\Common\MapWorkspace.cpp(259,2): error C2664: „SQLRETURN SQLBindCol(SQLHSTMT,SQLUSMALLINT,SQLSMALLINT,SQLPOINTER,SQLLEN,SQLLEN *)”: nie można dokonać konwersji argumentu 6 z „SQLINTEGER *” do „SQLLEN *”
      C:\backkup d\OldSchool_src\Common\MapWorkspace.cpp(259,67):
      Wskazane typy nie są powiązane; konwersja wymaga operatora reinterpret_cast, rzutowania w stylu języka C lub rzutowania w stylu funkcji ujętego w nawiasach
      C:\Program Files (x86)\Windows Kits\10\Include\10.0.26100.0\um\sql.h(618,20):
      zobacz deklarację „SQLBindCol”
      C:\backkup d\OldSchool_src\Common\MapWorkspace.cpp(259,2):
      podczas próby dopasowania listy argumentów "(SQLHSTMT, int, int, CustomIdx_t *, int, SQLINTEGER *)"
  
C:\backkup d\OldSchool_src\Common\MapWorkspace.cpp(260,2): error C2664: „SQLRETURN SQLBindCol(SQLHSTMT,SQLUSMALLINT,SQLSMALLINT,SQLPOINTER,SQLLEN,SQLLEN *)”: nie można dokonać konwersji argumentu 6 z „SQLINTEGER *” do „SQLLEN *”
      C:\backkup d\OldSchool_src\Common\MapWorkspace.cpp(260,72):
      Wskazane typy nie są powiązane; konwersja wymaga operatora reinterpret_cast, rzutowania w stylu języka C lub rzutowania w stylu funkcji ujętego w nawiasach
      C:\Program Files (x86)\Windows Kits\10\Include\10.0.26100.0\um\sql.h(618,20):
      zobacz deklarację „SQLBindCol”
      C:\backkup d\OldSchool_src\Common\MapWorkspace.cpp(260,2):
      podczas próby dopasowania listy argumentów "(SQLHSTMT, int, int, MonIdx_t *, int, SQLINTEGER *)"
  
  RacingDemon.cpp
  Revision.cpp
  SecurityManager.cpp
  ServicePauseManager.cpp
  sha256.cpp
  SocketHeader.cpp
  SystemLogManager.cpp
  ThreadCheck.cpp
C:\backkup d\OldSchool_src\Common\MonsterDBAccess.cpp(265,2): error C2664: „SQLRETURN SQLBindCol(SQLHSTMT,SQLUSMALLINT,SQLSMALLINT,SQLPOINTER,SQLLEN,SQLLEN *)”: nie można dokonać konwersji argumentu 6 z „SQLINTEGER *” do „SQLLEN *”
      C:\backkup d\OldSchool_src\Common\MonsterDBAccess.cpp(265,58):
      Wskazane typy nie są powiązane; konwersja wymaga operatora reinterpret_cast, rzutowania w stylu języka C lub rzutowania w stylu funkcji ujętego w nawiasach
      C:\Program Files (x86)\Windows Kits\10\Include\10.0.26100.0\um\sql.h(618,20):
      zobacz deklarację „SQLBindCol”
      C:\backkup d\OldSchool_src\Common\MonsterDBAccess.cpp(265,2):
      podczas próby dopasowania listy argumentów "(SQLHSTMT, int, int, int *, int, SQLINTEGER *)"
  
  TickManager.cpp
  UserVariable.cpp
  VMem.cpp
  VMemPool.cpp
  WarContributionCalculation.cpp
C:\backkup d\OldSchool_src\Server\GameServer\FieldServer\PCBangIPManager.cpp(179,3): error C2664: „SQLRETURN SQLBindParameter(SQLHSTMT,SQLUSMALLINT,SQLSMALLINT,SQLSMALLINT,SQLSMALLINT,SQLULEN,SQLSMALLINT,SQLPOINTER,SQLLEN,SQLLEN *)”: nie można dokonać konwersji argumentu 10 z „SQLINTEGER *” do „SQLLEN *”
      C:\backkup d\OldSchool_src\Server\GameServer\FieldServer\PCBangIPManager.cpp(179,102):
      Wskazane typy nie są powiązane; konwersja wymaga operatora reinterpret_cast, rzutowania w stylu języka C lub rzutowania w stylu funkcji ujętego w nawiasach
      C:\Program Files (x86)\Windows Kits\10\Include\10.0.26100.0\um\sqlext.h(2085,19):
      zobacz deklarację „SQLBindParameter”
      C:\backkup d\OldSchool_src\Server\GameServer\FieldServer\PCBangIPManager.cpp(179,3):
      podczas próby dopasowania listy argumentów "(SQLHSTMT, int, int, int, int, const int, int, wchar_t [16], int, SQLINTEGER *)"
  
C:\backkup d\OldSchool_src\Server\GameServer\FieldServer\PCBangIPManager.cpp(189,3): error C2664: „SQLRETURN SQLBindCol(SQLHSTMT,SQLUSMALLINT,SQLSMALLINT,SQLPOINTER,SQLLEN,SQLLEN *)”: nie można dokonać konwersji argumentu 6 z „SQLINTEGER *” do „SQLLEN *”
      C:\backkup d\OldSchool_src\Server\GameServer\FieldServer\PCBangIPManager.cpp(189,54):
      Wskazane typy nie są powiązane; konwersja wymaga operatora reinterpret_cast, rzutowania w stylu języka C lub rzutowania w stylu funkcji ujętego w nawiasach
      C:\Program Files (x86)\Windows Kits\10\Include\10.0.26100.0\um\sql.h(618,20):
      zobacz deklarację „SQLBindCol”
      C:\backkup d\OldSchool_src\Server\GameServer\FieldServer\PCBangIPManager.cpp(189,3):
      podczas próby dopasowania listy argumentów "(SQLHSTMT, int, int, UID32_t *, int, SQLINTEGER *)"
  
  WayPointManager.cpp
  WinPacket.cpp
  WinSocket.cpp
  WRankingFame.cpp
  WRankingFameManager.cpp
  WRankingLevel.cpp
  WRankingLevelManager.cpp
  WRankingManager.cpp
  WRankingPVP.cpp
  WRankingPVPManager.cpp
  WRankingServiceManager.cpp
  XOR_Lib.cpp
  XTrap4Server.cpp
  zwave_sdk_linker.cpp
C:\backkup d\OldSchool_src\Server\GameServer\FieldServer\Main\QuestMatching.cpp(80,2): error C2664: „SQLRETURN SQLBindCol(SQLHSTMT,SQLUSMALLINT,SQLSMALLINT,SQLPOINTER,SQLLEN,SQLLEN *)”: nie można dokonać konwersji argumentu 6 z „SQLINTEGER *” do „SQLLEN *”
      C:\backkup d\OldSchool_src\Server\GameServer\FieldServer\Main\QuestMatching.cpp(80,90):
      Wskazane typy nie są powiązane; konwersja wymaga operatora reinterpret_cast, rzutowania w stylu języka C lub rzutowania w stylu funkcji ujętego w nawiasach
      C:\Program Files (x86)\Windows Kits\10\Include\10.0.26100.0\um\sql.h(618,20):
      zobacz deklarację „SQLBindCol”
      C:\backkup d\OldSchool_src\Server\GameServer\FieldServer\Main\QuestMatching.cpp(80,2):
      podczas próby dopasowania listy argumentów "(SQLHSTMT, int, int, INT *, int, SQLINTEGER *)"
  
C:\backkup d\OldSchool_src\Server\GameServer\FieldServer\Main\QuestMatching.cpp(81,2): error C2664: „SQLRETURN SQLBindCol(SQLHSTMT,SQLUSMALLINT,SQLSMALLINT,SQLPOINTER,SQLLEN,SQLLEN *)”: nie można dokonać konwersji argumentu 6 z „SQLINTEGER *” do „SQLLEN *”
      C:\backkup d\OldSchool_src\Server\GameServer\FieldServer\Main\QuestMatching.cpp(81,90):
      Wskazane typy nie są powiązane; konwersja wymaga operatora reinterpret_cast, rzutowania w stylu języka C lub rzutowania w stylu funkcji ujętego w nawiasach
      C:\Program Files (x86)\Windows Kits\10\Include\10.0.26100.0\um\sql.h(618,20):
      zobacz deklarację „SQLBindCol”
      C:\backkup d\OldSchool_src\Server\GameServer\FieldServer\Main\QuestMatching.cpp(81,2):
      podczas próby dopasowania listy argumentów "(SQLHSTMT, int, int, INT *, int, SQLINTEGER *)"
  
C:\backkup d\OldSchool_src\Server\GameServer\FieldServer\Main\QuestMatching.cpp(119,2): error C2664: „SQLRETURN SQLBindCol(SQLHSTMT,SQLUSMALLINT,SQLSMALLINT,SQLPOINTER,SQLLEN,SQLLEN *)”: nie można dokonać konwersji argumentu 6 z „SQLINTEGER *” do „SQLLEN *”
      C:\backkup d\OldSchool_src\Server\GameServer\FieldServer\Main\QuestMatching.cpp(119,86):
      Wskazane typy nie są powiązane; konwersja wymaga operatora reinterpret_cast, rzutowania w stylu języka C lub rzutowania w stylu funkcji ujętego w nawiasach
      C:\Program Files (x86)\Windows Kits\10\Include\10.0.26100.0\um\sql.h(618,20):
      zobacz deklarację „SQLBindCol”
      C:\backkup d\OldSchool_src\Server\GameServer\FieldServer\Main\QuestMatching.cpp(119,2):
      podczas próby dopasowania listy argumentów "(SQLHSTMT, int, int, INT *, int, SQLINTEGER *)"
  
C:\backkup d\OldSchool_src\Server\GameServer\FieldServer\Main\QuestMatching.cpp(120,2): error C2664: „SQLRETURN SQLBindCol(SQLHSTMT,SQLUSMALLINT,SQLSMALLINT,SQLPOINTER,SQLLEN,SQLLEN *)”: nie można dokonać konwersji argumentu 6 z „SQLINTEGER *” do „SQLLEN *”
      C:\backkup d\OldSchool_src\Server\GameServer\FieldServer\Main\QuestMatching.cpp(120,86):
      Wskazane typy nie są powiązane; konwersja wymaga operatora reinterpret_cast, rzutowania w stylu języka C lub rzutowania w stylu funkcji ujętego w nawiasach
      C:\Program Files (x86)\Windows Kits\10\Include\10.0.26100.0\um\sql.h(618,20):
      zobacz deklarację „SQLBindCol”
      C:\backkup d\OldSchool_src\Server\GameServer\FieldServer\Main\QuestMatching.cpp(120,2):
      podczas próby dopasowania listy argumentów "(SQLHSTMT, int, int, INT *, int, SQLINTEGER *)"
  
